date,open_price,high_price,low_price,close_price,volume,dividend,split
2019-06-20,31.0,31.5,28.0,28.51,13395468,0.0,1.0
2019-06-21,29.74,29.9,27.88,28.6,1773046,0.0,1.0
2019-06-24,28.61,30.39,27.75,29.99,1085362,0.0,1.0
2019-06-25,29.9,31.29,29.6,30.69,788947,0.0,1.0
2019-06-26,31.49,35.63,31.04,32.98,2939229,0.0,1.0
2019-06-27,33.31,33.95,32.05,32.71,1057248,0.0,1.0
2019-06-28,32.74,34.2,32.27,32.88,541394,0.0,1.0
2019-07-01,33.25,33.74,31.22,33.1,1002913,0.0,1.0
2019-07-02,32.79,33.73,32.61,33.0,380720,0.0,1.0
2019-07-03,33.02,33.5,33.01,33.2,251071,0.0,1.0
2019-07-05,33.26,33.49,32.81,33.03,191823,0.0,1.0
2019-07-08,32.92,33.0,31.6,32.25,332276,0.0,1.0
2019-07-09,32.16,32.69,32.16,32.68,76114,0.0,1.0
2019-07-10,32.73,33.0,32.0,32.72,266281,0.0,1.0
2019-07-11,33.0,33.25,32.32,33.13,177928,0.0,1.0
2019-07-12,33.12,34.31,32.51,33.81,251652,0.0,1.0
2019-07-15,33.85,35.56,33.5,35.38,557288,0.0,1.0
2019-07-16,35.42,36.09,32.71,34.81,869289,0.0,1.0
2019-07-17,34.78,36.6,34.49,35.45,401153,0.0,1.0
2019-07-18,35.99,36.05,35.11,35.87,176019,0.0,1.0
2019-07-19,36.11,38.45,35.72,37.65,442427,0.0,1.0
2019-07-22,37.7,39.56,37.11,39.25,410946,0.0,1.0
2019-07-23,39.25,39.44,36.09,36.85,745620,0.0,1.0
2019-07-24,36.9,39.2,36.9,38.35,429976,0.0,1.0
2019-07-25,38.47,39.0,37.99,38.16,234048,0.0,1.0
2019-07-26,38.3,39.0,38.13,38.99,157170,0.0,1.0
2019-07-29,39.1,39.24,38.41,39.07,271989,0.0,1.0
2019-07-30,38.95,39.01,38.31,38.54,274865,0.0,1.0
2019-07-31,38.68,39.1,38.3,38.94,220804,0.0,1.0
2019-08-01,38.98,39.15,38.0,38.93,641198,0.0,1.0
2019-08-02,38.8,39.1,37.15,38.75,329645,0.0,1.0
2019-08-05,37.81,38.56,36.51,38.44,613956,0.0,1.0
2019-08-06,38.4,38.5,36.74,37.2,428647,0.0,1.0
2019-08-07,37.09,38.0,36.64,37.6,134573,0.0,1.0
2019-08-08,37.82,38.25,37.36,37.82,134768,0.0,1.0
2019-08-09,37.91,38.08,37.06,37.84,296624,0.0,1.0
2019-08-12,37.97,38.0,37.17,37.54,236231,0.0,1.0
2019-08-13,37.38,38.0,36.51,37.6,583750,0.0,1.0
2019-08-14,41.1,42.31,38.52,39.5,3592908,0.0,1.0
2019-08-15,40.0,43.82,40.0,43.76,1243609,0.0,1.0
2019-08-16,44.58,47.3,44.58,46.64,1141821,0.0,1.0
2019-08-19,47.37,47.57,43.0,43.33,918743,0.0,1.0
2019-08-20,43.38,43.68,41.93,42.96,517213,0.0,1.0
2019-08-21,43.28,43.96,41.75,41.78,319853,0.0,1.0
2019-08-22,41.67,43.81,41.65,43.56,329237,0.0,1.0
2019-08-23,43.2,43.56,41.74,41.75,233876,0.0,1.0
2019-08-26,42.28,43.29,42.09,42.8,190371,0.0,1.0
2019-08-27,43.0,46.74,42.6,44.01,703952,0.0,1.0
2019-08-28,44.11,45.8,42.53,42.57,432851,0.0,1.0
2019-08-29,42.87,43.4,40.5,41.82,575471,0.0,1.0
2019-08-30,41.83,42.15,40.04,40.45,393533,0.0,1.0
2019-09-03,40.36,41.15,39.58,40.3,491716,0.0,1.0
2019-09-04,40.34,40.7,39.31,40.06,372096,0.0,1.0
2019-09-05,40.22,40.52,39.6,40.08,304792,0.0,1.0
2019-09-06,40.1,40.76,39.47,39.74,400105,0.0,1.0
2019-09-09,39.85,39.95,36.56,37.03,835117,0.0,1.0
2019-09-10,36.71,36.93,34.21,35.21,888174,0.0,1.0
2019-09-11,35.21,36.94,34.94,36.65,596206,0.0,1.0
2019-09-12,36.82,37.69,36.19,36.85,420554,0.0,1.0
2019-09-13,36.89,37.77,36.6,36.96,373678,0.0,1.0
2019-09-16,36.9,38.61,36.87,37.15,598859,0.0,1.0
2019-09-17,37.17,38.21,36.5,36.73,259579,0.0,1.0
2019-09-18,37.0,37.58,36.32,36.87,409539,0.0,1.0
2019-09-19,36.06,37.56,36.05,37.42,636275,0.0,1.0
2019-09-20,37.67,38.7,37.53,38.08,2459883,0.0,1.0
2019-09-23,38.09,39.33,37.75,38.92,434286,0.0,1.0
2019-09-24,39.0,39.51,37.34,37.79,328822,0.0,1.0
2019-09-25,37.77,39.25,35.11,35.91,493017,0.0,1.0
2019-09-26,35.96,36.32,34.53,35.71,361005,0.0,1.0
2019-09-27,35.76,36.24,33.83,34.36,647770,0.0,1.0
2019-09-30,34.21,34.99,33.96,34.68,677404,0.0,1.0
2019-10-01,34.52,34.64,32.92,33.69,1088889,0.0,1.0
2019-10-02,30.55,33.18,30.5,33.01,1474809,0.0,1.0
2019-10-03,34.0,35.3,31.62,33.91,2268422,0.0,1.0
2019-10-04,34.51,34.75,33.06,34.0,6781627,0.0,1.0
2019-10-07,34.27,34.35,32.89,33.55,1129425,0.0,1.0
2019-10-08,33.28,33.65,32.16,32.8,1623351,0.0,1.0
2019-10-09,33.02,33.67,32.72,32.85,1187498,0.0,1.0
2019-10-10,32.97,33.41,31.91,32.3,1227733,0.0,1.0
2019-10-11,32.01,32.88,31.75,32.79,759959,0.0,1.0
2019-10-14,32.8,33.83,32.56,33.56,541797,0.0,1.0
2019-10-15,33.45,33.88,33.17,33.67,1160469,0.0,1.0
2019-10-16,33.4,34.07,33.35,33.51,574815,0.0,1.0
2019-10-17,33.5,33.88,33.27,33.48,718431,0.0,1.0
2019-10-18,33.45,33.67,33.0,33.07,1267539,0.0,1.0
2019-10-21,33.07,33.45,32.5,32.75,354981,0.0,1.0
2019-10-22,32.88,32.88,30.76,31.76,1270952,0.0,1.0
2019-10-23,32.0,32.0,30.59,30.94,1085661,0.0,1.0
2019-10-24,30.91,31.58,30.38,31.15,785292,0.0,1.0
2019-10-25,31.27,32.43,30.89,31.51,704442,0.0,1.0
2019-10-28,31.57,32.0,30.77,30.9,421682,0.0,1.0
2019-10-29,30.82,31.55,30.76,31.38,518888,0.0,1.0
2019-10-30,31.45,32.06,31.24,31.98,419088,0.0,1.0
2019-10-31,31.98,32.5,31.46,31.9,404397,0.0,1.0
2019-11-01,31.81,32.97,31.43,32.22,1317142,0.0,1.0
2019-11-04,32.35,32.52,31.56,31.77,348428,0.0,1.0
2019-11-05,31.67,32.49,31.46,31.78,386773,0.0,1.0
2019-11-06,31.76,32.03,30.77,31.18,872720,0.0,1.0
2019-11-07,31.23,31.33,30.61,30.87,780053,0.0,1.0
2019-11-08,30.65,31.66,30.0,31.11,774479,0.0,1.0
2019-11-11,31.28,32.0,30.32,31.0,1469913,0.0,1.0
2019-11-12,33.01,34.39,31.89,32.6,2881686,0.0,1.0
2019-11-13,32.49,33.5,31.36,31.58,823506,0.0,1.0
2019-11-14,31.66,31.99,30.62,31.84,653158,0.0,1.0
2019-11-15,31.86,32.21,30.63,31.56,773370,0.0,1.0
2019-11-18,31.63,31.81,30.25,30.6,674981,0.0,1.0
2019-11-19,30.39,30.92,30.02,30.66,422705,0.0,1.0
2019-11-20,30.5,31.07,30.04,31.0,626305,0.0,1.0
2019-11-21,30.91,31.2,30.41,30.85,554006,0.0,1.0
2019-11-22,30.93,31.85,30.69,31.68,533230,0.0,1.0
2019-11-25,31.65,31.81,30.94,31.77,648137,0.0,1.0
2019-11-26,31.83,32.82,31.71,32.72,588235,0.0,1.0
2019-11-27,32.72,33.27,32.4,32.78,308957,0.0,1.0
2019-11-29,32.81,33.73,32.64,33.13,217383,0.0,1.0
2019-12-02,33.04,33.04,32.16,32.75,341777,0.0,1.0
2019-12-03,32.48,33.39,32.25,33.29,412971,0.0,1.0
2019-12-04,33.52,33.81,32.33,32.5,511496,0.0,1.0
2019-12-05,32.55,32.78,31.3,31.48,398771,0.0,1.0
2019-12-06,31.41,32.68,31.41,32.45,833870,0.0,1.0
2019-12-09,32.84,32.99,32.19,32.29,683772,0.0,1.0
2019-12-10,32.29,32.42,30.83,31.78,372575,0.0,1.0
2019-12-11,31.75,32.16,31.34,31.94,473283,0.0,1.0
2019-12-12,31.97,32.09,30.47,30.47,785889,0.0,1.0
2019-12-13,30.48,31.25,30.04,30.92,596787,0.0,1.0
2019-12-16,30.87,31.64,30.66,31.31,462472,0.0,1.0
2019-12-17,31.47,31.78,31.14,31.21,820798,0.0,1.0
2019-12-18,31.28,31.63,31.04,31.37,471974,0.0,1.0
2019-12-19,31.35,32.09,31.0,31.65,371270,0.0,1.0
2019-12-20,31.67,32.99,31.67,32.99,1132533,0.0,1.0
2019-12-23,32.99,33.15,32.33,32.85,560518,0.0,1.0
2019-12-24,32.77,32.77,32.3,32.41,220422,0.0,1.0
2019-12-26,32.43,33.25,32.25,33.21,289149,0.0,1.0
2019-12-27,33.25,33.54,32.51,33.47,286283,0.0,1.0
2019-12-30,33.43,33.5,33.08,33.29,267766,0.0,1.0
2019-12-31,33.24,33.4,32.37,32.45,330594,0.0,1.0
2020-01-02,32.55,32.7,31.41,31.99,1563565,0.0,1.0
2020-01-03,31.77,32.32,31.52,32.06,269419,0.0,1.0
2020-01-06,31.9,32.02,31.07,31.17,500318,0.0,1.0
2020-01-07,31.06,31.57,30.4,31.43,521327,0.0,1.0
2020-01-08,31.38,31.84,31.38,31.74,329135,0.0,1.0
2020-01-09,31.9,32.66,31.73,32.58,284341,0.0,1.0
2020-01-10,32.64,32.9,32.36,32.8,271934,0.0,1.0
2020-01-13,32.8,33.5,32.7,33.5,323971,0.0,1.0
2020-01-14,33.44,33.69,33.19,33.65,416364,0.0,1.0
2020-01-15,33.7,34.05,33.5,33.73,324653,0.0,1.0
2020-01-16,33.99,34.38,33.67,34.29,249936,0.0,1.0
2020-01-17,34.35,34.52,33.95,34.44,350639,0.0,1.0
2020-01-21,34.44,35.03,34.36,35.02,609186,0.0,1.0
2020-01-22,35.02,35.84,35.02,35.6,660752,0.0,1.0
2020-01-23,35.63,36.19,35.01,36.05,534440,0.0,1.0
2020-01-24,36.22,36.36,35.16,35.43,491169,0.0,1.0
2020-01-27,35.01,35.65,34.92,35.25,601784,0.0,1.0
2020-01-28,34.0,34.95,32.81,33.5,999299,0.0,1.0
2020-01-29,34.04,34.56,33.39,33.74,1269189,0.0,1.0
2020-01-30,32.9,33.0,32.34,32.61,6252579,0.0,1.0
2020-01-31,32.54,32.87,32.37,32.74,2174945,0.0,1.0
2020-02-03,32.75,33.31,32.57,32.72,2032143,0.0,1.0
2020-02-04,32.72,32.99,31.95,32.15,1491469,0.0,1.0
2020-02-05,31.76,32.72,31.46,31.56,1368585,0.0,1.0
2020-02-06,31.5,31.75,30.74,31.23,1387160,0.0,1.0
2020-02-07,30.88,31.34,30.5,30.96,1730552,0.0,1.0
2020-02-10,30.95,31.11,30.25,30.75,1874047,0.0,1.0
2020-02-11,31.0,31.05,30.35,30.75,1584867,0.0,1.0
2020-02-12,30.77,31.69,30.45,31.54,1250247,0.0,1.0
2020-02-13,31.49,32.38,31.11,32.2,1535367,0.0,1.0
2020-02-14,32.3,32.95,31.98,32.91,613750,0.0,1.0
2020-02-18,32.87,33.0,31.86,32.11,1090982,0.0,1.0
2020-02-19,32.09,32.33,31.81,32.02,549632,0.0,1.0
2020-02-20,31.98,32.45,31.77,32.36,399799,0.0,1.0
2020-02-21,32.37,32.43,31.52,31.65,677189,0.0,1.0
2020-02-24,31.21,31.58,30.62,31.32,804891,0.0,1.0
2020-02-25,31.43,31.92,31.3,31.7,1233353,0.0,1.0
2020-02-26,31.75,32.2,30.88,31.28,1242984,0.0,1.0
2020-02-27,30.84,30.99,29.82,30.0,1161616,0.0,1.0
2020-02-28,29.79,31.71,29.21,31.65,3370838,0.0,1.0
2020-03-02,31.59,31.98,31.03,31.53,1055301,0.0,1.0
2020-03-03,31.36,32.57,30.81,31.16,681244,0.0,1.0
2020-03-04,31.45,32.73,31.18,32.71,570978,0.0,1.0
2020-03-05,32.14,33.04,32.01,32.96,609932,0.0,1.0
2020-03-06,32.38,33.64,31.38,33.38,1136558,0.0,1.0
2020-03-09,32.36,32.89,30.77,32.76,1154787,0.0,1.0
2020-03-10,32.74,33.72,32.0,33.44,776477,0.0,1.0
2020-03-11,33.16,33.5,32.19,32.52,1148809,0.0,1.0
2020-03-12,29.85,30.84,28.25,29.06,1214755,0.0,1.0
2020-03-13,30.17,30.78,29.04,30.26,1124609,0.0,1.0
2020-03-16,29.29,30.44,28.11,29.49,1348097,0.0,1.0
2020-03-17,29.76,34.11,29.66,33.71,1245222,0.0,1.0
2020-03-18,32.9,36.56,31.85,33.38,1241160,0.0,1.0
2020-03-19,33.51,33.84,29.76,30.5,1318322,0.0,1.0
2020-03-20,30.23,31.56,29.49,30.82,1908837,0.0,1.0
2020-03-23,31.08,31.72,29.79,31.47,1157740,0.0,1.0
2020-03-24,32.77,34.4,32.01,33.2,1332192,0.0,1.0
2020-03-25,32.25,34.81,32.0,33.45,1301699,0.0,1.0
2020-03-26,33.3,35.55,31.83,35.43,1068367,0.0,1.0
2020-03-27,35.43,36.71,33.55,33.81,1044208,0.0,1.0
2020-03-30,34.59,35.21,33.29,33.8,696608,0.0,1.0
2020-03-31,33.63,35.01,33.63,34.34,645394,0.0,1.0
2020-04-01,34.02,34.9,33.34,34.42,1041173,0.0,1.0
2020-04-02,34.19,34.64,33.58,34.53,730064,0.0,1.0
2020-04-03,34.58,35.34,33.89,34.41,772752,0.0,1.0
2020-04-06,35.26,37.55,34.51,37.24,1142775,0.0,1.0
2020-04-07,37.2,38.5,36.06,36.74,1165426,0.0,1.0
2020-04-08,36.81,37.46,35.65,35.77,1298315,0.0,1.0
2020-04-09,35.8,36.23,33.82,33.86,1047819,0.0,1.0
2020-04-13,33.8,34.67,33.1,33.99,759588,0.0,1.0
2020-04-14,34.56,34.67,32.93,33.82,1206242,0.0,1.0
2020-04-15,34.07,34.12,32.78,33.65,600826,0.0,1.0
2020-04-16,34.0,35.39,33.8,34.79,1108866,0.0,1.0
2020-04-17,35.0,35.89,34.78,35.61,976670,0.0,1.0
2020-04-20,35.7,36.0,34.8,34.94,935165,0.0,1.0
2020-04-21,34.1,35.45,33.53,35.11,1521331,0.0,1.0
2020-04-22,35.32,37.16,34.81,35.15,3066390,0.0,1.0
2020-04-23,33.79,34.25,33.22,33.88,8662140,0.0,1.0
2020-04-24,33.99,35.5,33.9,34.88,3148926,0.0,1.0
2020-04-27,35.25,35.77,34.76,35.47,2271301,0.0,1.0
2020-04-28,35.25,36.61,34.75,34.84,2045533,0.0,1.0
2020-04-29,35.12,35.12,33.65,34.58,2288656,0.0,1.0
2020-04-30,34.41,34.77,32.91,33.27,1339557,0.0,1.0
2020-05-01,32.77,33.7,32.26,33.18,932453,0.0,1.0
2020-05-04,33.08,33.22,32.23,33.06,717882,0.0,1.0
2020-05-05,33.16,34.77,33.16,34.45,1237422,0.0,1.0
2020-05-06,34.83,36.62,34.57,36.14,1415447,0.0,1.0
2020-05-07,36.38,36.96,35.35,36.38,917042,0.0,1.0
2020-05-08,36.53,37.31,36.0,36.71,944264,0.0,1.0
2020-05-11,37.47,37.66,36.12,36.67,1769629,0.0,1.0
2020-05-12,38.0,39.7,37.15,37.49,2015611,0.0,1.0
2020-05-13,36.93,37.82,36.12,36.88,1287139,0.0,1.0
2020-05-14,36.71,37.69,36.2,37.61,655280,0.0,1.0
2020-05-15,37.59,38.43,36.91,37.53,951893,0.0,1.0
2020-05-18,37.96,38.89,37.08,38.38,947317,0.0,1.0
2020-05-19,38.69,38.97,38.32,38.37,730061,0.0,1.0
2020-05-20,38.8,38.8,37.67,37.8,523995,0.0,1.0
2020-05-21,37.59,37.99,36.95,37.63,491407,0.0,1.0
2020-05-22,37.51,37.96,37.3,37.84,454066,0.0,1.0
2020-05-26,38.02,38.19,36.89,37.05,846117,0.0,1.0
2020-05-27,37.1,37.35,35.52,37.29,873422,0.0,1.0
2020-05-28,35.48,36.58,33.68,36.17,3215487,0.0,1.0
2020-05-29,36.08,37.01,35.62,36.81,1090723,0.0,1.0
2020-06-01,36.86,37.04,35.97,36.03,778273,0.0,1.0
2020-06-02,35.92,36.35,35.71,36.31,995851,0.0,1.0
2020-06-03,36.28,36.77,35.9,36.41,966778,0.0,1.0
2020-06-04,36.08,36.67,35.42,35.58,2612897,0.0,1.0
2020-06-05,35.75,36.13,34.08,34.63,1376151,0.0,1.0
2020-06-08,34.59,34.77,32.93,33.04,1731060,0.0,1.0
2020-06-09,33.25,33.39,31.81,32.72,1902447,0.0,1.0
2020-06-10,32.95,34.19,32.88,33.97,1151346,0.0,1.0
2020-06-11,33.49,34.34,32.83,33.16,1482180,0.0,1.0
2020-06-12,33.52,33.93,32.33,32.63,863961,0.0,1.0
2020-06-15,32.58,33.16,32.07,33.15,989990,0.0,1.0
2020-06-16,33.92,34.71,33.53,34.7,1236452,0.0,1.0
2020-06-17,34.67,35.66,34.14,35.5,1393615,0.0,1.0
2020-06-18,35.34,35.34,34.47,34.81,994519,0.0,1.0
2020-06-19,34.81,35.82,34.57,35.02,1261975,0.0,1.0
2020-06-22,35.14,35.49,34.32,35.44,978848,0.0,1.0
2020-06-23,37.8,39.33,37.4,38.93,6057643,0.0,1.0
2020-06-24,38.7,39.32,37.33,37.95,12831099,0.0,1.0
2020-06-25,37.82,38.9,37.7,38.76,1396903,0.0,1.0
2020-06-26,38.87,40.16,38.61,39.4,2233301,0.0,1.0
2020-06-29,39.39,41.52,39.33,41.5,1472000,0.0,1.0
2020-06-30,41.6,41.8,40.54,40.8,1047300,0.0,1.0
2020-07-01,40.31,42.12,40.2,41.39,941600,0.0,1.0
2020-07-02,41.7,42.58,41.42,41.99,929800,0.0,1.0
2020-07-06,42.5,44.69,42.34,44.08,1927100,0.0,1.0
2020-07-07,44.0,44.13,43.14,43.29,975700,0.0,1.0
2020-07-08,43.57,43.78,42.76,42.79,705000,0.0,1.0
2020-07-09,42.93,43.4,42.37,42.94,787200,0.0,1.0
2020-07-10,43.27,43.29,41.54,41.61,1090000,0.0,1.0
2020-07-13,41.87,41.9,39.47,39.56,1045500,0.0,1.0
2020-07-14,40.0,40.42,39.12,39.7,846000,0.0,1.0
2020-07-15,39.76,39.84,38.89,39.06,1034200,0.0,1.0
2020-07-16,39.05,39.47,38.65,39.33,738800,0.0,1.0
2020-07-17,39.34,39.52,38.83,39.33,486800,0.0,1.0
2020-07-20,39.25,39.57,38.92,39.42,617132,0.0,1.0
2020-07-21,40.14,40.55,39.58,40.2,862437,0.0,1.0
2020-07-22,39.68,42.05,39.68,41.58,1033016,0.0,1.0
2020-07-23,41.69,44.04,41.62,42.72,1370730,0.0,1.0
2020-07-24,42.59,42.59,41.31,41.78,645984,0.0,1.0
2020-07-27,42.05,43.14,41.83,43.1,646799,0.0,1.0
2020-07-28,43.07,44.12,42.83,43.3,459091,0.0,1.0
2020-07-29,43.09,43.44,42.49,43.29,616877,0.0,1.0
2020-07-30,42.89,44.4,42.08,44.01,606939,0.0,1.0
2020-07-31,44.5,45.67,43.59,43.99,1008999,0.0,1.0
2020-08-03,44.28,44.95,42.47,43.63,815794,0.0,1.0
2020-08-04,43.89,44.58,43.53,44.54,824084,0.0,1.0
2020-08-05,44.74,45.17,44.36,44.85,552439,0.0,1.0
2020-08-06,45.0,45.18,44.24,44.55,390977,0.0,1.0
2020-08-07,44.21,45.4,44.21,45.02,665845,0.0,1.0
2020-08-10,45.74,46.0,43.41,44.33,1352651,0.0,1.0
2020-08-11,43.95,44.6,42.08,42.66,2738879,0.0,1.0
2020-08-12,42.59,43.68,42.18,42.86,1098226,0.0,1.0
2020-08-13,42.0,43.08,41.3,42.88,1224664,0.0,1.0
2020-08-14,43.17,43.6,42.63,42.88,1149212,0.0,1.0
2020-08-17,43.16,43.16,41.91,42.46,860807,0.0,1.0
2020-08-18,42.59,42.78,41.86,41.91,749972,0.0,1.0
2020-08-19,41.78,42.21,41.07,42.09,940630,0.0,1.0
2020-08-20,41.94,42.27,41.64,41.85,1157595,0.0,1.0
2020-08-21,41.82,42.0,41.31,41.51,1166144,0.0,1.0
2020-08-24,41.8,41.89,41.11,41.62,527760,0.0,1.0
2020-08-25,41.55,41.68,40.91,41.3,573484,0.0,1.0
2020-08-26,41.06,41.26,40.12,40.74,873363,0.0,1.0
2020-08-27,40.6,41.98,40.4,41.78,1276697,0.0,1.0
2020-08-28,42.0,42.0,41.05,41.13,812775,0.0,1.0
2020-08-31,40.89,41.28,40.73,41.13,578091,0.0,1.0
2020-09-01,41.29,42.25,41.24,42.23,966699,0.0,1.0
2020-09-02,42.25,43.17,41.5,42.02,908659,0.0,1.0
2020-09-03,41.79,41.98,39.55,39.77,883576,0.0,1.0
2020-09-04,39.48,39.93,36.93,38.86,1070178,0.0,1.0
2020-09-08,38.27,40.72,37.98,40.04,1313987,0.0,1.0
2020-09-09,40.13,40.99,39.28,39.38,1407721,0.0,1.0
2020-09-10,39.26,39.47,37.92,38.22,1134214,0.0,1.0
2020-09-11,38.3,39.13,38.05,38.66,1467615,0.0,1.0
2020-09-14,38.59,39.13,38.43,39.01,903835,0.0,1.0
2020-09-15,39.25,40.14,39.24,40.08,844618,0.0,1.0
2020-09-16,40.24,40.65,39.4,39.56,1135254,0.0,1.0
2020-09-17,39.23,40.27,39.11,39.98,1053301,0.0,1.0
2020-09-18,40.0,40.2,37.85,38.14,4211029,0.0,1.0
2020-09-21,37.59,38.21,37.34,37.84,750476,0.0,1.0
2020-09-22,38.12,39.51,37.48,39.43,791605,0.0,1.0
2020-09-23,39.19,39.55,37.79,37.82,805227,0.0,1.0
2020-09-24,37.6,38.56,37.32,38.14,522784,0.0,1.0
2020-09-25,38.01,38.75,37.9,38.49,556043,0.0,1.0
2020-09-28,39.18,39.3,37.54,38.03,597773,0.0,1.0
2020-09-29,37.95,39.46,37.94,39.24,760433,0.0,1.0
2020-09-30,39.22,40.13,38.86,39.32,1167819,0.0,1.0
2020-10-01,39.25,40.4,39.14,40.29,553579,0.0,1.0
2020-10-02,39.8,40.39,38.82,39.71,490218,0.0,1.0
2020-10-05,39.83,41.3,39.56,41.26,842215,0.0,1.0
2020-10-06,41.27,41.65,40.71,41.57,767766,0.0,1.0
2020-10-07,41.87,41.9,41.25,41.77,575977,0.0,1.0
2020-10-08,41.77,42.25,41.72,42.18,489083,0.0,1.0
2020-10-09,42.33,43.64,41.34,43.29,568815,0.0,1.0
2020-10-12,42.17,43.59,41.85,42.27,575742,0.0,1.0
2020-10-13,42.42,42.99,42.37,42.55,728569,0.0,1.0
2020-10-14,42.59,42.7,41.14,41.52,535745,0.0,1.0
2020-10-15,41.73,41.92,40.73,41.37,694963,0.0,1.0
2020-10-16,41.66,42.29,41.3,41.41,800161,0.0,1.0
2020-10-19,41.37,41.63,40.31,40.53,652767,0.0,1.0
2020-10-20,41.64,41.64,40.44,40.93,442127,0.0,1.0
2020-10-21,40.94,42.32,40.63,41.74,709519,0.0,1.0
2020-10-22,41.19,41.99,41.19,41.81,556510,0.0,1.0
2020-10-23,41.8,42.48,41.54,42.32,647320,0.0,1.0
2020-10-26,42.13,43.37,42.13,42.78,609385,0.0,1.0
2020-10-27,43.05,44.58,42.91,44.17,912707,0.0,1.0
2020-10-28,42.81,44.73,42.6,44.22,919907,0.0,1.0
2020-10-29,44.04,44.72,43.58,44.59,745467,0.0,1.0
2020-10-30,44.46,45.03,43.4,44.02,1096077,0.0,1.0
2020-11-02,44.49,44.49,42.24,43.48,982855,0.0,1.0
2020-11-03,43.51,44.93,43.51,44.49,555999,0.0,1.0
2020-11-04,44.48,47.49,44.29,46.55,1876168,0.0,1.0
2020-11-05,48.16,48.87,45.19,45.46,1302063,0.0,1.0
2020-11-06,45.36,45.86,44.02,44.32,819904,0.0,1.0
2020-11-09,45.08,45.78,40.01,41.21,1446692,0.0,1.0
2020-11-10,41.43,42.74,40.29,42.44,1632133,0.0,1.0
2020-11-11,38.91,41.18,37.4,40.24,4306252,0.0,1.0
2020-11-12,40.12,40.57,38.9,39.26,1855373,0.0,1.0
2020-11-13,39.71,39.71,38.33,38.41,1148678,0.0,1.0
2020-11-16,38.49,38.49,36.99,37.3,1101983,0.0,1.0
2020-11-17,37.4,38.17,36.96,37.1,964464,0.0,1.0
2020-11-18,37.18,37.93,36.58,36.75,1277383,0.0,1.0
2020-11-19,36.96,37.81,36.34,37.52,1161508,0.0,1.0
2020-11-20,37.63,38.74,37.57,38.48,1183677,0.0,1.0
2020-11-23,38.53,38.97,38.08,38.46,749885,0.0,1.0
2020-11-24,38.44,38.44,36.69,37.25,1355652,0.0,1.0
2020-11-25,37.28,37.53,36.75,37.26,715178,0.0,1.0
2020-11-27,37.39,37.92,37.26,37.84,220077,0.0,1.0
2020-11-30,38.0,38.85,37.7,38.62,814448,0.0,1.0
2020-12-01,38.56,38.56,37.24,37.8,1073269,0.0,1.0
2020-12-02,37.64,37.86,37.32,37.62,984545,0.0,1.0
2020-12-03,37.66,37.85,37.0,37.27,1004344,0.0,1.0
2020-12-04,37.18,37.75,36.75,37.5,921391,0.0,1.0
2020-12-07,37.41,38.0,37.25,37.78,623443,0.0,1.0
2020-12-08,37.7,38.68,37.44,38.27,1126175,0.0,1.0
2020-12-09,38.35,38.88,37.58,37.73,1451173,0.0,1.0
2020-12-10,37.64,37.9,37.01,37.67,1102758,0.0,1.0
2020-12-11,37.53,38.19,37.53,38.0,648749,0.0,1.0
2020-12-14,38.23,38.61,37.89,38.11,1349071,0.0,1.0
2020-12-15,38.16,39.34,37.75,39.28,792358,0.0,1.0
2020-12-16,39.41,39.9,38.66,38.68,1146878,0.0,1.0
2020-12-17,38.83,39.54,38.25,39.41,962509,0.0,1.0
2020-12-18,39.59,40.25,39.24,39.73,2141221,0.0,1.0
2020-12-21,39.31,39.69,38.72,39.08,672303,0.0,1.0
2020-12-22,38.65,39.51,38.63,39.42,608281,0.0,1.0
2020-12-23,39.42,40.66,39.29,40.55,704928,0.0,1.0
2020-12-24,40.4,40.5,39.65,40.4,352435,0.0,1.0
2020-12-28,40.28,40.68,39.87,40.37,636585,0.0,1.0
2020-12-29,40.45,40.9,40.03,40.43,601566,0.0,1.0
2020-12-30,40.37,41.04,40.15,40.57,656430,0.0,1.0
2020-12-31,40.59,40.61,39.08,39.25,628650,0.0,1.0
2021-01-04,39.14,40.47,39.14,40.35,877396,0.0,1.0
2021-01-05,40.28,40.85,40.08,40.61,566480,0.0,1.0
2021-01-06,40.0,41.46,38.06,40.23,879279,0.0,1.0
2021-01-07,40.23,40.39,39.34,40.01,566067,0.0,1.0
2021-01-08,39.83,40.0,38.34,38.69,808346,0.0,1.0
2021-01-11,38.32,38.56,37.91,38.19,1294246,0.0,1.0
2021-01-12,38.25,38.9,37.78,37.96,781425,0.0,1.0
2021-01-13,38.0,38.0,37.08,37.47,584483,0.0,1.0
2021-01-14,37.68,38.02,36.96,37.85,1748800,0.0,1.0
2021-01-15,37.9,38.33,37.75,38.24,790361,0.0,1.0
2021-01-19,38.49,38.53,37.59,37.84,745569,0.0,1.0
2021-01-20,38.0,38.15,37.35,37.97,647941,0.0,1.0
2021-01-21,38.24,39.1,38.18,39.0,473051,0.0,1.0
2021-01-22,39.1,40.01,39.0,39.95,495002,0.0,1.0
2021-01-25,40.13,41.98,39.0,40.75,1016742,0.0,1.0
2021-01-26,40.58,42.64,40.58,42.59,869243,0.0,1.0
2021-01-27,41.6,46.31,41.6,46.12,2149402,0.0,1.0
2021-01-28,45.84,46.58,42.76,43.22,3285073,0.0,1.0
2021-01-29,42.98,43.64,42.22,42.69,827581,0.0,1.0
2021-02-01,43.01,43.2,41.16,42.42,1134147,0.0,1.0
2021-02-02,42.49,42.51,40.26,40.3,1084379,0.0,1.0
2021-02-03,40.46,40.91,39.7,40.82,671837,0.0,1.0
2021-02-04,40.82,41.07,40.0,40.37,546302,0.0,1.0
2021-02-05,40.54,40.95,39.98,40.62,654852,0.0,1.0
2021-02-08,40.83,41.16,40.2,40.88,575972,0.0,1.0
2021-02-09,41.21,42.04,40.77,41.55,447404,0.0,1.0
2021-02-10,41.7,42.83,41.29,42.8,668132,0.0,1.0
2021-02-11,42.99,43.18,42.33,42.64,561640,0.0,1.0
2021-02-12,42.49,43.43,41.98,43.28,342370,0.0,1.0
2021-02-16,43.35,43.61,42.06,42.11,466801,0.0,1.0
2021-02-17,42.23,42.45,41.17,42.17,394203,0.0,1.0
2021-02-18,41.91,42.54,41.44,41.75,461063,0.0,1.0
2021-02-19,41.85,42.25,41.34,41.48,362888,0.0,1.0
2021-02-22,41.54,41.69,40.29,41.22,825371,0.0,1.0
2021-02-23,41.1,41.12,38.71,38.82,1289695,0.0,1.0
2021-02-24,39.0,39.11,36.96,38.11,1714760,0.0,1.0
2021-02-25,38.53,39.16,36.66,36.75,1071666,0.0,1.0
2021-02-26,37.35,37.69,35.56,35.99,1703815,0.0,1.0
2021-03-01,36.48,36.84,35.67,35.91,1807069,0.0,1.0
2021-03-02,35.76,36.6,35.76,36.14,1639333,0.0,1.0
2021-03-03,34.94,35.87,32.92,35.27,4201360,0.0,1.0
2021-03-04,34.66,35.96,34.53,35.45,1580221,0.0,1.0
2021-03-05,35.44,36.21,35.06,36.03,1014674,0.0,1.0
2021-03-08,36.03,36.03,35.11,35.41,975419,0.0,1.0
2021-03-09,35.75,36.25,35.65,35.83,928807,0.0,1.0
2021-03-10,35.96,36.29,35.47,36.14,698208,0.0,1.0
2021-03-11,36.34,36.71,35.9,36.22,798878,0.0,1.0
2021-03-12,36.22,36.88,36.0,36.67,645295,0.0,1.0
2021-03-15,36.8,37.55,36.4,37.24,511246,0.0,1.0
2021-03-16,37.34,37.46,36.14,36.36,507769,0.0,1.0
2021-03-17,36.11,36.48,35.51,36.45,768806,0.0,1.0
2021-03-18,36.31,36.36,35.39,35.41,743939,0.0,1.0
2021-03-19,35.65,36.63,35.57,36.26,1318199,0.0,1.0
2021-03-22,36.13,36.79,36.13,36.78,1008545,0.0,1.0
2021-03-23,36.6,37.38,36.13,36.7,1475095,0.0,1.0
2021-03-24,36.7,36.78,35.65,36.03,582061,0.0,1.0
2021-03-25,36.05,36.74,35.51,36.47,647697,0.0,1.0
2021-03-26,36.36,37.3,36.25,37.06,498953,0.0,1.0
2021-03-29,37.14,37.77,36.64,37.4,686225,0.0,1.0
2021-03-30,37.41,37.62,37.0,37.19,429173,0.0,1.0
2021-03-31,37.34,37.75,36.85,36.89,1000850,0.0,1.0
2021-04-01,36.9,37.46,36.63,36.8,756461,0.0,1.0
2021-04-05,36.72,37.56,36.7,37.48,457294,0.0,1.0
2021-04-06,37.23,37.49,36.78,37.33,762180,0.0,1.0
2021-04-07,37.44,37.5,36.74,37.07,483957,0.0,1.0
2021-04-08,37.21,37.55,36.67,37.41,665768,0.0,1.0
2021-04-09,37.14,38.09,37.05,37.9,725331,0.0,1.0
2021-04-12,38.1,38.63,37.81,38.57,545722,0.0,1.0
2021-04-13,38.62,39.18,37.89,38.24,473142,0.0,1.0
2021-04-14,38.36,38.82,38.16,38.61,519448,0.0,1.0
2021-04-15,38.51,39.05,38.34,38.72,652738,0.0,1.0
2021-04-16,38.71,39.68,38.71,38.95,1234604,0.0,1.0
2021-04-19,39.02,39.09,37.83,37.86,551081,0.0,1.0
2021-04-20,37.92,38.93,37.76,38.39,1784995,0.0,1.0
2021-04-21,38.29,39.53,38.29,39.25,697555,0.0,1.0
2021-04-22,39.06,39.49,38.77,38.99,418349,0.0,1.0
2021-04-23,38.91,40.48,38.82,40.23,859390,0.0,1.0
2021-04-26,40.2,40.2,38.8,39.52,1058185,0.0,1.0
2021-04-27,39.52,40.49,39.48,40.35,511283,0.0,1.0
2021-04-28,40.41,40.56,40.17,40.42,530489,0.0,1.0
2021-04-29,40.41,40.92,40.41,40.73,364726,0.0,1.0
2021-04-30,40.73,41.26,40.37,40.39,1235564,0.0,1.0
2021-05-03,40.81,40.98,40.18,40.55,929087,0.0,1.0
2021-05-04,40.3,40.66,39.59,40.62,793854,0.0,1.0
2021-05-05,40.63,41.59,40.24,41.42,471777,0.0,1.0
2021-05-06,41.24,42.25,41.23,42.03,1058788,0.0,1.0
2021-05-07,42.0,42.29,41.51,42.24,804054,0.0,1.0
2021-05-10,42.17,42.17,41.06,41.26,1078603,0.0,1.0
2021-05-11,41.01,41.31,39.8,40.54,1529221,0.0,1.0
2021-05-12,35.25,35.98,32.71,33.03,6094082,0.0,1.0
2021-05-13,33.05,35.19,32.63,34.71,3177070,0.0,1.0
2021-05-14,34.76,35.49,34.25,34.75,2338114,0.0,1.0
2021-05-17,35.02,35.34,34.3,35.0,876221,0.0,1.0
2021-05-18,35.08,35.41,34.88,35.05,725808,0.0,1.0
2021-05-19,34.75,34.9,33.97,34.06,624355,0.0,1.0
2021-05-20,34.19,34.6,33.81,34.53,456025,0.0,1.0
2021-05-21,34.5,34.71,33.68,33.79,1651728,0.0,1.0
2021-05-24,34.03,34.12,33.5,33.78,553058,0.0,1.0
2021-05-25,33.8,34.01,33.54,33.88,550067,0.0,1.0
2021-05-26,33.9,34.0,33.27,33.97,724956,0.0,1.0
2021-05-27,34.13,34.63,34.04,34.32,582310,0.0,1.0
2021-05-28,34.45,34.78,34.03,34.07,550035,0.0,1.0
2021-06-01,34.34,34.49,33.69,34.22,544352,0.0,1.0
2021-06-02,34.16,34.46,33.77,34.41,574440,0.0,1.0
2021-06-03,34.38,34.64,34.03,34.43,452719,0.0,1.0
2021-06-04,33.92,34.09,33.04,33.55,892888,0.0,1.0
2021-06-07,33.55,33.83,33.22,33.48,909907,0.0,1.0
2021-06-08,33.54,34.15,33.43,34.0,591307,0.0,1.0
2021-06-09,33.94,34.11,33.66,33.75,611704,0.0,1.0
2021-06-10,33.79,34.23,33.44,33.96,1096377,0.0,1.0
2021-06-11,34.2,34.6,34.01,34.11,919561,0.0,1.0
2021-06-14,34.2,34.51,33.85,34.49,601616,0.0,1.0
