date,open_price,high_price,low_price,close_price,volume,dividend,split
1999-11-01,40.19,41.25,40.19,40.56,430100.0,0.0,1.0
1999-11-02,40.56,40.75,39.88,39.94,528900.0,0.0,1.0
1999-11-03,40.0,40.0,39.0,39.25,419500.0,0.0,1.0
1999-11-04,39.06,40.0,38.94,39.25,1591900.0,0.0,1.0
1999-11-05,39.44,40.5,39.44,40.44,451600.0,0.0,1.0
1999-11-08,39.94,40.75,39.88,40.56,520300.0,0.0,1.0
1999-11-09,40.63,41.63,39.75,41.63,608300.0,0.0,1.0
1999-11-10,42.44,44.06,42.06,43.56,1042000.0,0.0,1.0
1999-11-11,43.5,45.0,43.5,44.19,1019300.0,0.0,1.0
1999-11-12,44.19,44.25,42.19,43.13,719400.0,0.0,1.0
1999-11-15,44.13,46.25,44.06,45.13,1566100.0,0.0,1.0
1999-11-16,44.38,44.38,42.56,42.75,1798500.0,0.0,1.0
1999-11-17,42.13,42.88,41.25,42.31,599800.0,0.0,1.0
1999-11-18,42.38,43.25,42.06,43.13,461500.0,0.0,1.0
1999-11-19,43.0,43.0,42.44,42.5,666000.0,0.0,1.0
1999-11-22,42.44,42.5,41.75,41.81,575500.0,0.0,1.0
1999-11-23,41.63,41.69,41.0,41.13,724500.0,0.0,1.0
1999-11-24,40.94,40.94,39.75,40.13,435900.0,0.0,1.0
1999-11-26,40.25,40.38,40.06,40.19,97200.0,0.0,1.0
1999-11-29,40.06,40.69,40.06,40.5,635900.0,0.0,1.0
1999-11-30,40.06,41.75,40.06,41.5,611900.0,0.0,1.0
1999-12-01,41.31,41.38,40.56,40.69,371600.0,0.0,1.0
1999-12-02,40.75,40.88,40.13,40.25,276100.0,0.0,1.0
1999-12-03,40.38,41.38,40.0,40.0,453000.0,0.0,1.0
1999-12-06,40.0,40.38,39.63,40.06,419400.0,0.0,1.0
1999-12-07,40.06,40.63,40.0,40.25,459200.0,0.0,1.0
1999-12-08,40.13,40.75,40.13,40.5,374500.0,0.0,1.0
1999-12-09,40.25,40.94,40.19,40.63,495900.0,0.0,1.0
1999-12-10,40.13,40.75,39.69,40.13,551100.0,0.0,1.0
1999-12-13,39.25,39.25,38.81,39.06,2911800.0,0.0,1.0
1999-12-14,38.88,39.88,38.75,39.81,1465700.0,0.0,1.0
1999-12-15,39.63,39.88,39.31,39.5,495200.0,0.0,1.0
1999-12-16,39.5,39.56,38.88,38.88,1425900.0,0.0,1.0
1999-12-17,39.44,39.44,39.44,39.44,2301500.0,0.0,1.0
1999-12-20,39.25,39.31,38.63,38.88,349500.0,0.0,1.0
1999-12-21,38.69,38.75,37.56,37.69,498100.0,0.0,1.0
1999-12-22,37.69,38.94,37.63,38.63,463400.0,0.0,1.0
1999-12-23,38.63,38.69,37.88,37.94,310900.0,0.0,1.0
1999-12-27,37.94,38.63,37.63,38.63,433600.0,0.0,1.0
1999-12-28,38.56,39.56,38.0,38.25,225200.0,0.0,1.0
1999-12-29,38.25,38.25,37.75,38.13,433900.0,0.0,1.0
1999-12-30,37.88,38.63,37.75,38.44,410200.0,0.0,1.0
1999-12-31,38.19,38.94,38.13,38.63,250800.0,0.0,1.0
2000-01-03,38.56,38.56,37.06,37.31,545200.0,0.0,1.0
2000-01-04,37.0,37.5,36.0,36.56,595800.0,0.0,1.0
2000-01-05,36.75,36.88,36.56,36.81,834400.0,0.0,1.0
2000-01-06,36.5,36.81,36.38,36.44,709500.0,0.0,1.0
2000-01-07,36.44,36.5,35.38,35.63,1089800.0,0.0,1.0
2000-01-10,35.56,37.5,35.5,37.06,994100.0,0.0,1.0
2000-01-11,36.75,37.5,36.31,36.81,759300.0,0.0,1.0
2000-01-12,37.0,37.5,36.44,36.44,1766400.0,0.0,1.0
2000-01-13,36.88,37.94,36.75,37.0,992600.0,0.0,1.0
2000-01-14,37.0,37.06,35.81,36.0,573000.0,0.0,1.0
2000-01-18,35.5,35.75,34.63,34.94,1347500.0,0.0,1.0
2000-01-19,34.69,34.75,33.38,33.63,1749400.0,0.0,1.0
2000-01-20,33.44,33.44,31.69,31.81,1624600.0,0.0,1.0
2000-01-21,31.81,32.19,31.75,31.88,1289900.0,0.0,1.0
2000-01-24,32.13,32.38,31.06,31.19,1003100.0,0.0,1.0
2000-01-25,31.19,31.19,29.63,30.38,1308600.0,0.0,1.0
2000-01-26,30.38,30.56,30.0,30.06,817600.0,0.0,1.0
2000-01-27,30.13,30.56,30.0,30.13,975500.0,0.0,1.0
2000-01-28,30.38,30.38,28.75,28.88,708600.0,0.0,1.0
2000-01-31,29.25,29.38,28.5,28.63,508100.0,0.0,1.0
2000-02-01,29.38,32.25,29.38,30.75,2220900.0,0.0,1.0
2000-02-02,30.0,30.44,28.44,28.94,1844200.0,0.0,1.0
2000-02-03,29.31,29.88,29.13,29.69,744400.0,0.0,1.0
2000-02-04,29.69,29.75,29.31,29.63,783800.0,0.0,1.0
2000-02-07,29.44,30.0,29.0,29.44,759900.0,0.0,1.0
2000-02-08,29.44,29.94,29.38,29.88,782700.0,0.0,1.0
2000-02-09,29.56,31.0,29.06,30.0,968000.0,0.0,1.0
2000-02-10,30.0,30.69,26.94,28.5,3407700.0,0.0,1.0
2000-02-11,27.13,28.38,26.88,27.94,1376100.0,0.0,1.0
2000-02-14,28.38,28.38,27.5,28.06,923600.0,0.0,1.0
2000-02-15,27.88,28.56,27.06,28.38,860800.0,0.0,1.0
2000-02-16,28.25,28.63,27.69,27.94,359400.0,0.0,1.0
2000-02-17,28.25,29.94,27.75,29.38,944700.0,0.0,1.0
2000-02-18,29.0,29.0,27.94,28.0,775100.0,0.0,1.0
2000-02-22,28.19,28.19,26.25,27.0,860500.0,0.0,1.0
2000-02-23,27.13,27.5,26.81,26.81,317100.0,0.0,1.0
2000-02-24,26.56,26.56,25.81,26.0,768000.0,0.0,1.0
2000-02-25,26.0,26.19,25.75,25.88,624900.0,0.0,1.0
2000-02-28,25.94,26.63,25.25,25.69,586600.0,0.0,1.0
2000-02-29,26.06,27.0,26.0,26.63,737800.0,0.0,1.0
2000-03-01,26.56,28.44,26.56,28.19,915600.0,0.0,1.0
2000-03-02,28.06,28.13,27.31,27.69,512200.0,0.0,1.0
2000-03-03,28.19,28.19,26.0,26.13,859700.0,0.0,1.0
2000-03-06,26.63,27.94,26.13,27.69,572200.0,0.0,1.0
2000-03-07,27.0,27.19,26.25,26.44,665200.0,0.0,1.0
2000-03-08,26.5,26.88,26.0,26.44,488700.0,0.0,1.0
2000-03-09,26.69,28.13,26.5,27.94,626000.0,0.0,1.0
2000-03-10,27.88,28.25,27.5,27.75,448600.0,0.0,1.0
2000-03-13,27.31,28.13,27.25,27.5,466600.0,0.0,1.0
2000-03-14,27.56,27.56,26.31,26.5,811000.0,0.0,1.0
2000-03-15,26.75,29.0,26.44,28.5,1724700.0,0.0,1.0
2000-03-16,27.75,33.0,27.56,32.88,2112900.0,0.0,1.0
2000-03-17,32.88,32.88,31.25,31.25,1386100.0,0.0,1.0
2000-03-20,30.75,31.25,29.81,30.13,679000.0,0.0,1.0
2000-03-21,30.13,31.06,30.13,30.69,504300.0,0.0,1.0
2000-03-22,29.75,30.5,29.06,29.19,563200.0,0.0,1.0
2000-03-23,28.94,29.31,28.19,29.19,719000.0,0.0,1.0
2000-03-24,29.5,30.13,29.06,29.81,520700.0,0.0,1.0
2000-03-27,29.94,30.31,29.69,29.69,998900.0,0.0,1.0
2000-03-28,29.69,29.75,28.75,29.5,634700.0,0.0,1.0
2000-03-29,29.31,29.63,29.0,29.0,680000.0,0.0,1.0
2000-03-30,28.5,31.44,28.44,31.31,1242800.0,0.0,1.0
2000-03-31,31.06,32.0,30.06,31.06,689400.0,0.0,1.0
2000-04-03,31.19,31.44,29.5,30.31,698300.0,0.0,1.0
2000-04-04,30.81,32.63,30.31,31.19,1217200.0,0.0,1.0
2000-04-05,30.94,32.75,30.94,32.25,1020400.0,0.0,1.0
2000-04-06,32.25,32.25,31.25,31.56,1244900.0,0.0,1.0
2000-04-07,31.75,31.81,31.44,31.63,497100.0,0.0,1.0
2000-04-10,31.38,32.19,31.31,31.56,458200.0,0.0,1.0
2000-04-11,31.5,32.75,31.5,32.5,408300.0,0.0,1.0
2000-04-12,32.75,34.25,32.63,32.88,762100.0,0.0,1.0
2000-04-13,33.31,33.38,31.75,31.75,583500.0,0.0,1.0
2000-04-14,31.5,31.5,28.75,30.5,1225200.0,0.0,1.0
2000-04-17,29.63,31.88,29.63,30.31,754300.0,0.0,1.0
2000-04-18,30.13,30.75,30.0,30.25,279600.0,0.0,1.0
2000-04-19,30.06,30.63,29.56,29.63,375300.0,0.0,1.0
2000-04-20,29.38,32.38,29.38,32.06,654900.0,0.0,1.0
2000-04-24,31.19,33.13,31.19,33.06,905900.0,0.0,1.0
2000-04-25,32.94,33.31,32.06,33.25,600900.0,0.0,1.0
2000-04-26,33.13,35.13,33.0,34.44,1235500.0,0.0,1.0
2000-04-27,33.44,35.56,32.38,35.56,1931600.0,0.0,1.0
2000-04-28,35.56,35.56,33.19,33.88,788800.0,0.0,1.0
2000-05-01,33.94,34.19,33.56,33.69,671600.0,0.0,1.0
2000-05-02,33.63,34.38,33.63,33.81,685500.0,0.0,1.0
2000-05-03,33.44,33.94,32.06,33.19,441100.0,0.0,1.0
2000-05-04,33.0,33.5,30.25,31.06,885700.0,0.0,1.0
2000-05-05,31.56,32.75,31.06,32.31,485400.0,0.0,1.0
2000-05-08,32.0,32.19,31.13,31.38,406700.0,0.0,1.0
2000-05-09,31.38,31.56,30.69,31.56,675600.0,0.0,1.0
2000-05-10,31.44,31.88,31.38,31.63,517200.0,0.0,1.0
2000-05-11,31.88,32.88,31.88,32.38,433700.0,0.0,1.0
2000-05-12,32.31,32.44,31.0,31.25,467900.0,0.0,1.0
2000-05-15,31.25,31.88,30.81,30.88,374800.0,0.0,1.0
2000-05-16,31.0,33.38,30.94,32.38,754500.0,0.0,1.0
2000-05-17,32.0,32.81,31.5,32.19,335200.0,0.0,1.0
2000-05-18,32.25,33.0,32.13,32.38,446700.0,0.0,1.0
2000-05-19,32.75,32.75,30.75,30.88,653100.0,0.0,1.0
2000-05-22,31.0,31.06,30.5,30.88,553700.0,0.0,1.0
2000-05-23,31.0,32.0,30.94,31.69,628300.0,0.0,1.0
2000-05-24,31.75,32.81,31.75,32.75,710000.0,0.0,1.0
2000-05-25,32.5,33.25,31.19,31.25,875700.0,0.0,1.0
2000-05-26,31.13,31.94,30.5,30.69,772100.0,0.0,1.0
2000-05-30,30.5,30.63,29.06,29.88,1109900.0,0.0,1.0
2000-05-31,30.0,30.0,29.25,29.31,1293700.0,0.0,1.0
2000-06-01,29.25,30.0,29.25,29.88,365400.0,0.0,1.0
2000-06-02,29.81,30.69,29.81,30.38,514100.0,0.0,1.0
2000-06-05,30.13,30.19,29.63,29.88,585400.0,0.0,1.0
2000-06-06,29.75,30.0,29.63,29.63,559600.0,0.0,1.0
2000-06-07,29.63,29.75,29.13,29.25,557300.0,0.0,1.0
2000-06-08,29.31,30.0,28.88,29.81,641300.0,0.0,1.0
2000-06-09,29.81,30.25,29.25,29.38,929300.0,0.0,1.0
2000-06-12,29.38,29.44,28.69,28.69,493600.0,0.0,1.0
2000-06-13,28.63,28.69,28.13,28.19,588600.0,0.0,1.0
2000-06-14,28.25,28.38,28.0,28.13,776700.0,0.0,1.0
2000-06-15,28.0,29.13,28.0,28.5,959800.0,0.0,1.0
2000-06-16,28.25,28.69,28.0,28.13,962300.0,0.0,1.0
2000-06-19,28.06,28.63,28.06,28.19,698500.0,0.0,1.0
2000-06-20,28.25,28.44,27.0,27.0,3474300.0,0.0,1.0
2000-06-21,27.0,27.56,27.0,27.31,580600.0,0.0,1.0
2000-06-22,27.06,27.38,27.06,27.13,637200.0,0.0,1.0
2000-06-23,27.19,27.25,27.0,27.06,584000.0,0.0,1.0
2000-06-26,27.06,27.5,27.06,27.44,458600.0,0.0,1.0
2000-06-27,27.69,27.94,27.38,27.38,400300.0,0.0,1.0
2000-06-28,27.38,27.81,27.25,27.31,228400.0,0.0,1.0
2000-06-29,27.31,27.63,26.63,26.88,541300.0,0.0,1.0
2000-06-30,27.25,28.94,27.19,28.25,719600.0,0.0,1.0
2000-07-03,28.31,28.81,27.63,28.63,199500.0,0.0,1.0
2000-07-05,28.0,29.13,28.0,29.06,707800.0,0.0,1.0
2000-07-06,29.13,30.63,29.0,29.75,851000.0,0.0,1.0
2000-07-07,29.94,32.44,29.75,32.0,1047000.0,0.0,1.0
2000-07-10,31.63,31.69,30.88,31.44,553200.0,0.0,1.0
2000-07-11,31.13,31.94,31.13,31.38,455600.0,0.0,1.0
2000-07-12,31.5,31.5,30.25,30.38,583300.0,0.0,1.0
2000-07-13,30.38,30.38,28.88,28.88,866800.0,0.0,1.0
2000-07-14,28.88,29.63,27.88,29.19,887200.0,0.0,1.0
2000-07-17,28.38,29.0,28.38,28.78,917500.0,0.0,1.0
2000-07-18,28.75,28.94,27.5,27.5,1024700.0,0.0,1.0
2000-07-19,27.0,28.38,26.13,28.06,1298300.0,0.0,1.0
2000-07-20,28.25,29.25,27.63,27.81,934700.0,0.0,1.0
2000-07-21,27.88,27.88,26.94,26.94,913300.0,0.0,1.0
2000-07-24,26.81,27.06,26.5,26.5,869600.0,0.0,1.0
2000-07-25,26.5,26.63,26.0,26.06,579700.0,0.0,1.0
2000-07-26,26.06,26.13,25.31,25.38,1492000.0,0.0,1.0
2000-07-27,25.13,25.38,23.94,24.0,2484900.0,0.0,1.0
2000-07-28,24.0,24.0,23.56,23.75,1311500.0,0.0,1.0
2000-07-31,23.88,24.88,23.81,24.25,1049300.0,0.0,1.0
2000-08-01,24.25,26.06,24.25,25.81,707400.0,0.0,1.0
2000-08-02,25.63,27.5,25.63,27.44,924800.0,0.0,1.0
2000-08-03,27.0,27.5,26.88,27.44,535500.0,0.0,1.0
2000-08-04,27.5,28.31,27.5,27.75,1243100.0,0.0,1.0
2000-08-07,27.56,27.75,27.5,27.69,428500.0,0.0,1.0
2000-08-08,27.69,28.75,27.63,28.5,803200.0,0.0,1.0
2000-08-09,28.94,28.94,27.81,28.0,687600.0,0.0,1.0
2000-08-10,28.0,29.19,28.0,29.0,655300.0,0.0,1.0
2000-08-11,29.0,30.0,29.0,30.0,807700.0,0.0,1.0
2000-08-14,30.0,30.19,29.44,29.81,539300.0,0.0,1.0
2000-08-15,29.75,30.06,29.63,29.88,614700.0,0.0,1.0
2000-08-16,29.75,29.81,29.13,29.19,968200.0,0.0,1.0
2000-08-17,29.25,29.25,28.94,29.0,387000.0,0.0,1.0
2000-08-18,30.25,31.38,30.06,30.88,1427600.0,0.0,1.0
2000-08-21,31.38,32.5,31.31,32.38,1269000.0,0.0,1.0
2000-08-22,32.0,32.25,31.0,31.25,682100.0,0.0,1.0
2000-08-23,31.19,31.5,30.44,31.5,449700.0,0.0,1.0
2000-08-24,30.88,30.88,30.19,30.25,784800.0,0.0,1.0
2000-08-25,30.31,30.44,29.63,30.06,659800.0,0.0,1.0
2000-08-28,30.13,30.31,29.38,29.69,537500.0,0.0,1.0
2000-08-29,29.56,29.88,29.44,29.75,527500.0,0.0,1.0
2000-08-30,29.5,29.56,29.0,29.44,576200.0,0.0,1.0
2000-08-31,29.44,29.44,29.06,29.14,814900.0,0.0,1.0
2000-09-01,29.13,29.94,29.13,29.88,656400.0,0.0,1.0
2000-09-05,29.88,30.06,29.63,29.94,767800.0,0.0,1.0
2000-09-06,29.75,30.19,29.72,30.06,745800.0,0.0,1.0
2000-09-07,30.06,32.0,30.06,32.0,1261400.0,0.0,1.0
2000-09-08,32.0,32.0,30.69,31.19,643400.0,0.0,1.0
2000-09-11,31.06,31.56,30.94,31.06,1078300.0,0.0,1.0
2000-09-12,31.06,31.13,30.06,30.63,729500.0,0.0,1.0
2000-09-13,30.69,30.88,30.44,30.69,349800.0,0.0,1.0
2000-09-14,30.19,30.31,29.75,30.31,930100.0,0.0,1.0
2000-09-15,30.5,31.31,30.5,30.88,1275700.0,0.0,1.0
2000-09-18,30.75,30.81,30.19,30.25,401000.0,0.0,1.0
2000-09-19,29.75,30.19,29.06,29.13,726900.0,0.0,1.0
2000-09-20,28.56,29.25,28.56,29.19,439500.0,0.0,1.0
2000-09-21,29.0,29.81,28.75,29.63,498200.0,0.0,1.0
2000-09-22,29.56,30.25,28.69,29.13,405400.0,0.0,1.0
2000-09-25,28.88,30.0,28.88,29.69,390200.0,0.0,1.0
2000-09-26,29.75,29.94,29.5,29.69,449300.0,0.0,1.0
2000-09-27,29.25,29.44,28.81,29.19,351500.0,0.0,1.0
2000-09-28,29.19,29.81,29.19,29.69,621800.0,0.0,1.0
2000-09-29,29.63,31.06,29.63,30.63,646800.0,0.0,1.0
2000-10-02,30.69,30.94,30.5,30.81,646000.0,0.0,1.0
2000-10-03,30.75,31.13,29.25,29.56,557400.0,0.0,1.0
2000-10-04,29.56,30.81,29.5,30.0,399800.0,0.0,1.0
2000-10-05,30.13,31.13,30.0,31.13,949700.0,0.0,1.0
2000-10-06,31.06,31.69,29.56,29.94,626600.0,0.0,1.0
2000-10-09,29.94,30.69,29.88,30.5,291600.0,0.0,1.0
2000-10-10,30.69,30.69,29.88,30.13,320700.0,0.0,1.0
2000-10-11,30.13,30.5,29.69,29.81,408600.0,0.0,1.0
2000-10-12,29.94,29.94,26.69,26.69,1464700.0,0.0,1.0
2000-10-13,26.75,28.56,26.63,27.56,954500.0,0.0,1.0
2000-10-16,27.63,28.5,27.38,27.94,533200.0,0.0,1.0
2000-10-17,27.94,28.06,26.69,27.5,679000.0,0.0,1.0
2000-10-18,27.25,28.31,27.0,28.31,408100.0,0.0,1.0
2000-10-19,28.06,28.44,27.75,28.0,362000.0,0.0,1.0
2000-10-20,28.0,28.13,27.56,27.69,263200.0,0.0,1.0
2000-10-23,27.5,27.69,27.19,27.31,646400.0,0.0,1.0
2000-10-24,27.81,27.88,26.81,27.06,500500.0,0.0,1.0
2000-10-25,27.13,27.63,26.75,26.81,355700.0,0.0,1.0
2000-10-26,26.56,26.88,25.88,26.56,925800.0,0.0,1.0
2000-10-27,26.63,26.94,26.38,26.5,890800.0,0.0,1.0
2000-10-30,26.5,29.06,26.38,28.88,1559400.0,0.0,1.0
2000-10-31,29.5,30.56,29.44,30.0,1108500.0,0.0,1.0
2000-11-01,29.75,30.31,29.75,30.31,711300.0,0.0,1.0
2000-11-02,30.19,30.44,29.31,30.06,711300.0,0.0,1.0
2000-11-03,30.0,30.25,29.94,30.0,819600.0,0.0,1.0
2000-11-06,30.13,30.63,30.06,30.56,463000.0,0.0,1.0
2000-11-07,30.81,30.88,30.06,30.5,554000.0,0.0,1.0
2000-11-08,30.44,30.5,29.94,30.25,379500.0,0.0,1.0
2000-11-09,30.38,30.5,29.38,30.38,508200.0,0.0,1.0
2000-11-10,29.75,31.19,29.75,29.94,538000.0,0.0,1.0
2000-11-13,30.0,30.5,29.56,30.19,583000.0,0.0,1.0
2000-11-14,30.25,31.0,30.19,30.75,518000.0,0.0,1.0
2000-11-15,31.13,33.31,31.13,33.06,2031600.0,0.0,1.0
2000-11-16,33.0,34.69,32.56,33.81,1131500.0,0.0,1.0
2000-11-17,34.13,35.0,33.88,35.0,963600.0,0.0,1.0
2000-11-20,34.75,35.88,34.25,35.56,878800.0,0.0,1.0
2000-11-21,35.81,35.81,35.06,35.5,665100.0,0.0,1.0
2000-11-22,35.0,36.0,34.69,35.63,597400.0,0.0,1.0
2000-11-24,35.5,35.88,35.38,35.56,238200.0,0.0,1.0
2000-11-27,35.75,35.88,35.19,35.56,990300.0,0.0,1.0
2000-11-28,35.75,37.0,35.63,36.69,739700.0,0.0,1.0
2000-11-29,36.56,37.56,36.56,37.38,523700.0,0.0,1.0
2000-11-30,37.13,37.25,35.44,36.0,1933000.0,0.0,1.0
2000-12-01,35.75,35.75,34.19,34.25,932000.0,0.0,1.0
2000-12-04,34.19,34.69,33.69,34.63,847600.0,0.0,1.0
2000-12-05,34.44,34.5,33.5,34.19,908100.0,0.0,1.0
2000-12-06,34.19,34.25,33.75,34.0,1146700.0,0.0,1.0
2000-12-07,34.0,34.94,33.94,34.69,465000.0,0.0,1.0
2000-12-08,34.63,34.88,34.25,34.69,521600.0,0.0,1.0
2000-12-11,35.25,35.56,35.0,35.06,920000.0,0.0,1.0
2000-12-12,35.06,36.0,35.06,35.69,500000.0,0.0,1.0
2000-12-13,35.5,35.5,34.56,34.56,848000.0,0.0,1.0
2000-12-14,34.63,34.63,33.5,33.69,1220500.0,0.0,1.0
2000-12-15,33.69,33.75,33.0,33.44,932000.0,0.0,1.0
2000-12-18,33.5,35.5,33.38,35.06,661700.0,0.0,1.0
2000-12-19,35.06,36.06,35.06,35.38,748400.0,0.0,1.0
2000-12-20,35.63,35.63,33.88,33.94,2027700.0,0.0,1.0
2000-12-21,33.75,33.75,32.0,32.19,1634700.0,0.0,1.0
2000-12-22,32.25,32.25,31.44,31.94,803600.0,0.0,1.0
2000-12-26,32.0,32.12,31.69,31.69,451000.0,0.0,1.0
2000-12-27,31.63,32.44,31.63,32.31,542100.0,0.0,1.0
2000-12-28,32.25,33.75,32.06,33.44,631300.0,0.0,1.0
2000-12-29,33.44,33.94,33.0,33.0,515100.0,0.0,1.0
2001-01-02,33.06,33.06,31.88,31.94,740400.0,0.0,1.0
2001-01-03,32.0,34.0,32.0,33.75,960600.0,0.0,1.0
2001-01-04,33.69,34.88,33.69,33.81,1152800.0,0.0,1.0
2001-01-05,33.88,33.88,32.44,32.75,1257700.0,0.0,1.0
2001-01-08,32.0,33.19,32.0,32.56,758300.0,0.0,1.0
2001-01-09,32.19,32.69,32.13,32.38,600900.0,0.0,1.0
2001-01-10,32.13,33.13,31.81,32.69,911200.0,0.0,1.0
2001-01-11,32.13,32.44,31.88,31.94,827100.0,0.0,1.0
2001-01-12,31.88,32.88,31.56,32.69,1025000.0,0.0,1.0
2001-01-16,32.56,34.06,32.19,33.81,1254100.0,0.0,1.0
2001-01-17,33.56,36.0,33.5,35.13,1357700.0,0.0,1.0
2001-01-18,35.38,36.0,34.88,35.13,2247500.0,0.0,1.0
2001-01-19,34.81,34.88,33.69,34.0,794100.0,0.0,1.0
2001-01-22,33.81,34.13,33.69,34.13,345900.0,0.0,1.0
2001-01-23,34.0,34.88,34.0,34.75,614800.0,0.0,1.0
2001-01-24,34.44,34.63,33.63,33.75,788400.0,0.0,1.0
2001-01-25,33.25,33.94,33.19,33.56,648100.0,0.0,1.0
2001-01-26,33.63,34.88,33.56,34.56,600300.0,0.0,1.0
2001-01-29,34.52,35.4,34.4,35.09,724400.0,0.0,1.0
2001-01-30,35.02,36.09,35.02,35.96,1014200.0,0.0,1.0
2001-01-31,35.9,36.3,35.81,36.02,932400.0,0.0,1.0
2001-02-01,36.02,36.25,34.76,35.94,1334500.0,0.0,1.0
2001-02-02,35.75,35.75,35.0,35.25,854500.0,0.0,1.0
2001-02-05,35.0,35.05,34.5,34.71,572600.0,0.0,1.0
2001-02-06,34.8,36.2,34.63,35.87,1073400.0,0.0,1.0
2001-02-07,35.95,36.14,35.5,35.91,925100.0,0.0,1.0
2001-02-08,35.7,35.89,35.15,35.72,620100.0,0.0,1.0
2001-02-09,35.1,35.7,34.95,35.02,661200.0,0.0,1.0
2001-02-12,35.03,35.25,34.91,35.08,669700.0,0.0,1.0
2001-02-13,35.0,36.48,34.7,36.02,1118400.0,0.0,1.0
2001-02-14,35.9,35.9,34.7,34.96,837800.0,0.0,1.0
2001-02-15,34.42,36.1,34.41,35.3,1471400.0,0.0,1.0
2001-02-16,35.3,37.65,35.16,37.0,1607100.0,0.0,1.0
2001-02-20,37.0,38.51,36.92,38.32,1056100.0,0.0,1.0
2001-02-21,38.2,38.2,36.75,37.04,1439200.0,0.0,1.0
2001-02-22,37.0,37.48,36.59,37.11,540700.0,0.0,1.0
2001-02-23,36.9,37.1,36.57,36.87,566600.0,0.0,1.0
2001-02-26,36.87,37.35,36.78,37.22,596600.0,0.0,1.0
2001-02-27,37.45,38.45,37.41,38.2,627000.0,0.0,1.0
2001-02-28,38.21,38.71,38.2,38.5,807100.0,0.0,1.0
2001-03-01,38.0,39.5,38.0,39.01,1295900.0,0.0,1.0
2001-03-02,39.01,39.05,38.3,38.48,718100.0,0.0,1.0
2001-03-05,38.73,38.82,37.69,38.23,861900.0,0.0,1.0
2001-03-06,37.85,38.0,37.41,37.6,940800.0,0.0,1.0
2001-03-07,37.1,38.15,37.1,38.04,531900.0,0.0,1.0
2001-03-08,37.95,40.11,37.95,39.75,1243800.0,0.0,1.0
2001-03-09,39.65,40.19,38.87,39.93,1095100.0,0.0,1.0
2001-03-12,39.85,39.85,38.8,38.81,707800.0,0.0,1.0
2001-03-13,38.56,38.56,36.62,37.69,990900.0,0.0,1.0
2001-03-14,37.0,37.0,36.38,36.7,617000.0,0.0,1.0
2001-03-15,36.69,36.7,36.07,36.25,695600.0,0.0,1.0
2001-03-16,35.4,36.1,35.37,35.96,1270900.0,0.0,1.0
2001-03-19,35.95,37.25,35.95,37.03,923800.0,0.0,1.0
2001-03-20,37.1,37.32,36.8,36.96,948600.0,0.0,1.0
2001-03-21,37.0,37.6,36.9,37.15,902300.0,0.0,1.0
2001-03-22,37.0,37.08,35.9,36.02,1232500.0,0.0,1.0
2001-03-23,35.85,35.85,35.35,35.4,829700.0,0.0,1.0
2001-03-26,35.8,35.87,35.35,35.45,861400.0,0.0,1.0
2001-03-27,35.46,35.46,35.0,35.1,1051400.0,0.0,1.0
2001-03-28,35.4,36.44,35.26,36.33,922300.0,0.0,1.0
2001-03-29,36.08,38.3,36.0,37.57,884900.0,0.0,1.0
2001-03-30,37.32,38.27,36.79,38.19,802600.0,0.0,1.0
2001-04-02,38.0,38.76,37.85,38.24,436600.0,0.0,1.0
2001-04-03,38.24,38.24,36.75,37.19,599100.0,0.0,1.0
2001-04-04,37.05,37.84,36.8,37.8,560300.0,0.0,1.0
2001-04-05,37.8,38.2,37.65,38.06,437900.0,0.0,1.0
2001-04-06,38.0,38.0,36.47,37.12,605600.0,0.0,1.0
2001-04-09,37.7,38.44,37.65,37.85,653300.0,0.0,1.0
2001-04-10,37.65,38.1,36.75,37.75,568400.0,0.0,1.0
2001-04-11,37.25,37.67,37.03,37.17,842100.0,0.0,1.0
2001-04-12,37.15,37.5,36.81,37.46,444900.0,0.0,1.0
2001-04-16,37.45,38.29,37.4,38.03,467200.0,0.0,1.0
2001-04-17,38.0,38.3,37.79,37.96,400700.0,0.0,1.0
2001-04-18,38.2,39.19,38.0,39.04,501300.0,0.0,1.0
2001-04-19,39.75,40.0,39.1,40.0,899000.0,0.0,1.0
2001-04-20,39.9,40.8,39.6,40.0,1111600.0,0.0,1.0
2001-04-23,40.5,41.31,40.3,41.0,858400.0,0.0,1.0
2001-04-24,41.6,42.2,41.5,41.8,1031800.0,0.0,1.0
2001-04-25,41.95,43.0,41.73,42.88,1095100.0,0.0,1.0
2001-04-26,42.88,43.6,42.85,43.52,1022400.0,0.0,1.0
2001-04-27,43.5,43.92,43.25,43.7,812300.0,0.0,1.0
2001-04-30,43.55,44.95,43.49,44.82,864100.0,0.0,1.0
2001-05-01,44.5,45.29,43.66,44.75,1792400.0,0.0,1.0
2001-05-02,43.75,43.76,40.8,42.25,2848800.0,0.0,1.0
2001-05-03,41.6,41.6,40.33,41.04,1200500.0,0.0,1.0
2001-05-04,40.8,42.01,40.6,41.96,642400.0,0.0,1.0
2001-05-07,41.8,41.99,41.2,41.67,428400.0,0.0,1.0
2001-05-08,41.45,41.78,41.26,41.45,612200.0,0.0,1.0
2001-05-09,41.05,41.58,41.05,41.28,353700.0,0.0,1.0
2001-05-10,42.0,42.0,41.26,41.43,824500.0,0.0,1.0
2001-05-11,41.68,42.13,41.4,42.08,442600.0,0.0,1.0
2001-05-14,42.5,42.75,41.8,42.22,491600.0,0.0,1.0
2001-05-15,42.22,42.6,42.22,42.45,468800.0,0.0,1.0
2001-05-16,42.0,42.4,41.7,42.13,630500.0,0.0,1.0
2001-05-17,42.0,42.33,41.25,41.99,704000.0,0.0,1.0
2001-05-18,41.8,42.95,41.76,42.95,576800.0,0.0,1.0
2001-05-21,42.95,42.99,42.53,42.86,410200.0,0.0,1.0
2001-05-22,43.0,43.68,42.95,43.45,541000.0,0.0,1.0
2001-05-23,43.45,43.46,43.05,43.3,476600.0,0.0,1.0
2001-05-24,43.5,44.8,43.42,44.65,918000.0,0.0,1.0
2001-05-25,44.8,45.4,44.8,45.0,974200.0,0.0,1.0
2001-05-29,44.5,45.55,44.3,45.55,810000.0,0.0,1.0
2001-05-30,46.0,46.6,45.86,46.3,1004100.0,0.0,1.0
2001-05-31,45.55,46.35,44.8,45.7,1504300.0,0.0,1.0
2001-06-01,45.7,46.6,45.65,46.3,722300.0,0.0,1.0
2001-06-04,46.2,46.27,45.8,46.06,435500.0,0.0,1.0
2001-06-05,45.9,46.19,45.11,45.6,674800.0,0.0,1.0
2001-06-06,45.61,46.01,44.3,44.46,790700.0,0.0,1.0
2001-06-07,44.31,45.58,44.31,45.26,779800.0,0.0,1.0
2001-06-08,45.9,46.1,45.0,45.78,571800.0,0.0,1.0
2001-06-11,46.2,46.9,46.2,46.26,789100.0,0.0,1.0
2001-06-12,45.47,47.73,45.45,47.64,648400.0,0.0,1.0
2001-06-13,47.64,48.75,47.5,47.79,709200.0,0.0,1.0
2001-06-14,47.64,47.65,46.62,46.94,434900.0,0.0,1.0
2001-06-15,46.8,47.1,46.1,46.89,667500.0,0.0,1.0
2001-06-18,46.65,46.65,45.87,46.24,600200.0,0.0,1.0
2001-06-19,45.8,46.92,45.77,45.95,449400.0,0.0,1.0
2001-06-20,45.9,46.28,45.52,46.24,1000500.0,0.0,1.0
2001-06-21,45.55,46.4,45.52,46.06,1094500.0,0.0,1.0
2001-06-22,45.85,45.99,44.72,45.1,796100.0,0.0,1.0
2001-06-25,44.85,45.35,44.35,44.35,715800.0,0.0,1.0
2001-06-26,43.65,44.1,43.4,43.69,1239400.0,0.0,1.0
2001-06-27,43.69,43.75,43.15,43.4,721600.0,0.0,1.0
2001-06-28,42.7,44.72,42.7,43.9,741900.0,0.0,1.0
2001-06-29,44.15,44.15,43.7,43.9,908400.0,0.0,1.0
2001-07-02,43.91,44.1,43.7,43.87,347200.0,0.0,1.0
2001-07-03,43.62,43.89,43.4,43.78,168900.0,0.0,1.0
2001-07-05,43.53,44.18,43.53,43.99,304400.0,0.0,1.0
2001-07-06,43.7,43.7,42.53,42.9,494400.0,0.0,1.0
2001-07-09,42.9,43.7,42.9,43.64,257200.0,0.0,1.0
2001-07-10,43.1,43.89,42.91,43.0,519200.0,0.0,1.0
2001-07-11,42.95,43.5,42.59,42.77,326600.0,0.0,1.0
2001-07-12,42.62,42.96,42.12,42.5,1077800.0,0.0,1.0
2001-07-13,42.55,43.85,42.42,43.77,640100.0,0.0,1.0
2001-07-16,43.9,45.7,43.11,45.24,686600.0,0.0,1.0
2001-07-17,45.0,45.24,43.4,44.42,664400.0,0.0,1.0
2001-07-18,44.42,44.51,43.7,43.92,365300.0,0.0,1.0
2001-07-19,43.95,44.62,43.84,44.0,359200.0,0.0,1.0
2001-07-20,44.0,45.4,44.0,45.0,858600.0,0.0,1.0
2001-07-23,45.1,45.95,45.1,45.24,550700.0,0.0,1.0
2001-07-24,45.0,45.39,44.9,45.05,306800.0,0.0,1.0
2001-07-25,44.75,45.25,44.21,45.16,761700.0,0.0,1.0
2001-07-26,45.0,45.0,44.1,44.7,463400.0,0.0,1.0
2001-07-27,42.65,43.86,41.35,43.5,2627100.0,0.0,1.0
2001-07-30,43.51,45.65,43.0,45.43,983300.0,0.0,1.0
2001-07-31,45.18,45.75,44.15,45.75,702700.0,0.0,1.0
2001-08-01,45.05,45.98,44.5,45.74,1025700.0,0.0,1.0
2001-08-02,45.35,45.85,45.0,45.45,437500.0,0.0,1.0
2001-08-03,45.44,45.48,44.4,45.1,460600.0,0.0,1.0
2001-08-06,44.85,44.93,43.85,44.4,416900.0,0.0,1.0
2001-08-07,44.15,44.18,43.09,43.39,786100.0,0.0,1.0
2001-08-08,43.35,44.25,43.19,43.5,542900.0,0.0,1.0
2001-08-09,43.45,44.01,43.2,43.85,379600.0,0.0,1.0
2001-08-10,43.85,44.1,43.15,43.6,285500.0,0.0,1.0
2001-08-13,43.95,43.95,42.86,43.39,366700.0,0.0,1.0
2001-08-14,43.3,43.6,43.1,43.6,323000.0,0.0,1.0
2001-08-15,43.55,43.83,43.05,43.5,343700.0,0.0,1.0
2001-08-16,42.95,43.98,42.95,43.84,485000.0,0.0,1.0
2001-08-17,43.7,44.65,43.04,44.04,369000.0,0.0,1.0
2001-08-20,44.04,44.6,43.92,44.48,203600.0,0.0,1.0
2001-08-21,44.5,44.65,44.2,44.28,446700.0,0.0,1.0
2001-08-22,44.5,44.7,44.11,44.3,503000.0,0.0,1.0
2001-08-23,44.26,44.85,44.25,44.47,508700.0,0.0,1.0
2001-08-24,44.5,44.64,44.11,44.44,423600.0,0.0,1.0
2001-08-27,44.45,44.45,44.0,44.1,437400.0,0.0,1.0
2001-08-28,44.15,44.28,43.85,43.94,423900.0,0.0,1.0
2001-08-29,44.0,44.17,43.98,44.01,595700.0,0.0,1.0
2001-08-30,44.45,44.45,43.95,44.2,892000.0,0.0,1.0
2001-08-31,44.18,44.35,42.24,42.62,1505800.0,0.0,1.0
2001-09-04,42.54,43.47,41.9,42.05,1208400.0,0.0,1.0
2001-09-05,42.2,42.25,41.52,41.95,918300.0,0.0,1.0
2001-09-06,41.8,42.0,40.53,40.77,484000.0,0.0,1.0
2001-09-07,40.2,40.95,40.17,40.7,917000.0,0.0,1.0
2001-09-10,40.5,41.6,40.5,40.87,683500.0,0.0,1.0
2001-09-17,40.87,40.87,37.8,39.32,1052600.0,0.0,1.0
2001-09-18,39.32,40.6,38.85,39.65,701400.0,0.0,1.0
2001-09-19,40.73,40.73,38.25,38.91,613400.0,0.0,1.0
2001-09-20,40.6,40.6,37.85,39.44,920000.0,0.0,1.0
2001-09-21,39.7,39.7,37.55,38.55,1073400.0,0.0,1.0
2001-09-24,39.35,39.35,38.65,39.14,886700.0,0.0,1.0
2001-09-25,39.4,39.95,38.83,39.23,502900.0,0.0,1.0
2001-09-26,39.78,39.78,39.13,39.16,211500.0,0.0,1.0
2001-09-27,39.0,39.5,38.82,39.21,327500.0,0.0,1.0
2001-09-28,39.05,39.61,38.88,39.22,648900.0,0.0,1.0
2001-10-01,38.5,38.62,37.85,38.12,1287400.0,0.0,1.0
2001-10-02,38.12,39.18,37.6,38.97,1030600.0,0.0,1.0
2001-10-03,42.22,42.22,38.39,41.6,1279200.0,0.0,1.0
2001-10-04,43.0,43.0,41.25,42.07,739900.0,0.0,1.0
2001-10-05,42.8,42.8,41.6,42.27,407700.0,0.0,1.0
2001-10-08,42.5,42.5,41.1,41.73,392400.0,0.0,1.0
2001-10-09,41.96,41.96,41.5,41.82,276700.0,0.0,1.0
2001-10-10,41.85,42.62,41.77,42.28,474700.0,0.0,1.0
2001-10-11,43.25,44.89,43.25,44.36,1456100.0,0.0,1.0
2001-10-12,44.61,45.03,43.27,44.65,799800.0,0.0,1.0
2001-10-15,44.85,45.0,44.05,45.0,886800.0,0.0,1.0
2001-10-16,45.85,47.5,45.7,46.5,1307700.0,0.0,1.0
2001-10-17,46.75,48.01,46.75,47.6,1407600.0,0.0,1.0
2001-10-18,47.6,48.55,47.2,48.52,972300.0,0.0,1.0
2001-10-19,48.0,50.2,47.8,50.0,1802100.0,0.0,1.0
2001-10-22,49.57,50.0,49.32,49.7,1804900.0,0.0,1.0
2001-10-23,49.7,49.7,46.98,47.0,1890500.0,0.0,1.0
2001-10-24,48.5,48.5,46.64,47.74,953300.0,0.0,1.0
2001-10-25,47.74,48.8,47.1,48.63,628800.0,0.0,1.0
2001-10-26,48.62,49.6,48.19,49.49,1055400.0,0.0,1.0
2001-10-29,49.59,50.03,49.18,49.92,1191800.0,0.0,1.0
2001-10-30,49.95,49.95,48.91,49.75,887200.0,0.0,1.0
2001-10-31,49.75,50.77,49.74,50.59,1626700.0,0.0,1.0
2001-11-01,50.59,51.35,49.7,51.21,1078500.0,0.0,1.0
2001-11-02,51.15,51.7,50.7,51.09,1056200.0,0.0,1.0
2001-11-05,51.0,52.1,50.6,51.27,743100.0,0.0,1.0
2001-11-06,51.3,52.4,50.8,52.4,684400.0,0.0,1.0
2001-11-07,51.58,51.58,49.64,50.6,1261900.0,0.0,1.0
2001-11-08,50.6,51.38,50.0,51.04,967500.0,0.0,1.0
2001-11-09,50.8,51.2,50.41,50.91,427800.0,0.0,1.0
2001-11-12,50.8,50.99,50.03,50.82,402500.0,0.0,1.0
2001-11-13,50.82,51.45,50.8,51.23,692600.0,0.0,1.0
2001-11-14,51.35,51.48,50.7,51.08,550500.0,0.0,1.0
2001-11-15,51.08,51.25,50.57,51.0,712500.0,0.0,1.0
2001-11-16,51.25,51.25,50.45,50.46,496900.0,0.0,1.0
2001-11-19,50.7,50.7,48.9,49.39,744300.0,0.0,1.0
2001-11-20,48.75,49.25,48.45,48.89,733700.0,0.0,1.0
2001-11-21,48.59,48.59,48.01,48.39,385200.0,0.0,1.0
2001-11-23,49.05,49.05,48.26,48.84,178300.0,0.0,1.0
2001-11-26,49.0,49.65,48.86,49.18,433100.0,0.0,1.0
2001-11-27,48.95,49.59,48.5,48.71,661400.0,0.0,1.0
2001-11-28,49.0,49.0,48.2,48.3,503600.0,0.0,1.0
2001-11-29,48.3,48.6,47.87,48.15,501300.0,0.0,1.0
2001-11-30,48.1,48.25,47.1,47.45,882200.0,0.0,1.0
2001-12-03,48.35,48.35,47.2,47.98,614900.0,0.0,1.0
2001-12-04,47.95,49.78,47.91,49.43,483900.0,0.0,1.0
2001-12-05,49.7,50.18,48.98,49.59,1232400.0,0.0,1.0
2001-12-06,50.05,50.05,49.21,49.9,639500.0,0.0,1.0
2001-12-07,49.85,49.85,48.5,49.31,431300.0,0.0,1.0
2001-12-10,49.32,50.26,49.14,49.65,384500.0,0.0,1.0
2001-12-11,49.66,50.45,49.2,50.0,456100.0,0.0,1.0
2001-12-12,50.62,51.25,50.18,50.55,1068700.0,0.0,1.0
2001-12-13,50.55,51.15,49.79,50.6,540200.0,0.0,1.0
2001-12-14,50.7,51.9,50.7,51.77,1135800.0,0.0,1.0
2001-12-17,51.8,53.31,51.8,53.08,876800.0,0.0,1.0
2001-12-18,53.0,53.3,52.3,52.57,2014500.0,0.0,1.0
2001-12-19,52.58,52.8,51.2,51.47,810900.0,0.0,1.0
2001-12-20,51.65,52.4,51.0,51.2,684900.0,0.0,1.0
2001-12-21,51.55,51.55,50.39,50.69,933800.0,0.0,1.0
2001-12-24,50.85,50.95,50.25,50.7,206800.0,0.0,1.0
2001-12-26,50.7,50.82,49.72,50.02,664200.0,0.0,1.0
2001-12-27,50.02,50.2,49.06,49.57,992900.0,0.0,1.0
2001-12-28,49.7,49.7,49.0,49.24,985400.0,0.0,1.0
2001-12-31,49.25,49.69,47.94,49.2,1075000.0,0.0,1.0
2002-01-02,49.5,49.7,47.85,47.99,1146400.0,0.0,1.0
2002-01-03,49.0,49.0,48.02,49.0,981500.0,0.0,1.0
2002-01-04,50.9,50.9,48.8,50.9,1459600.0,0.0,1.0
2002-01-07,51.57,52.25,51.22,51.85,1493500.0,0.0,1.0
2002-01-08,52.5,53.0,52.5,52.85,1442000.0,0.0,1.0
2002-01-09,52.9,53.35,52.76,52.9,1104900.0,0.0,1.0
2002-01-10,52.85,53.56,52.8,53.35,840700.0,0.0,1.0
2002-01-11,53.4,53.7,52.78,53.11,502300.0,0.0,1.0
2002-01-14,53.0,53.05,52.45,52.74,525800.0,0.0,1.0
2002-01-15,53.25,53.45,52.76,53.3,618200.0,0.0,1.0
2002-01-16,53.2,54.55,53.02,53.06,888600.0,0.0,1.0
2002-01-17,52.65,53.69,52.65,53.06,716600.0,0.0,1.0
2002-01-18,53.02,53.48,52.41,53.17,730300.0,0.0,1.0
2002-01-22,53.1,53.1,51.7,52.53,829700.0,0.0,1.0
2002-01-23,54.39,54.39,52.6,53.74,912600.0,0.0,1.0
2002-01-24,53.0,53.6,52.62,52.98,620100.0,0.0,1.0
2002-01-25,52.25,52.4,51.5,52.05,469500.0,0.0,1.0
2002-01-28,52.05,53.1,51.95,53.06,486900.0,0.0,1.0
2002-01-29,52.9,53.5,52.4,53.35,820100.0,0.0,1.0
2002-01-30,53.5,54.65,53.35,54.3,1344300.0,0.0,1.0
2002-01-31,54.95,55.95,54.06,55.8,1368900.0,0.0,1.0
2002-02-01,55.5,55.5,54.8,55.19,511600.0,0.0,1.0
2002-02-04,55.1,55.74,54.96,55.17,482400.0,0.0,1.0
2002-02-05,55.2,56.05,55.2,55.87,676000.0,0.0,1.0
2002-02-06,56.05,56.2,54.63,54.98,796100.0,0.0,1.0
2002-02-07,54.65,55.08,54.25,54.5,500100.0,0.0,1.0
2002-02-08,54.25,54.5,53.24,54.5,498700.0,0.0,1.0
2002-02-11,54.5,54.76,53.48,54.31,475100.0,0.0,1.0
2002-02-12,55.0,55.21,53.0,53.67,905100.0,0.0,1.0
2002-02-13,54.85,55.52,54.45,55.52,1076200.0,0.0,1.0
2002-02-14,55.5,56.1,55.25,56.01,763900.0,0.0,1.0
2002-02-15,56.77,56.77,55.28,55.53,656400.0,0.0,1.0
2002-02-19,55.53,56.3,55.35,55.8,825700.0,0.0,1.0
2002-02-20,56.11,56.11,55.25,55.95,838800.0,0.0,1.0
2002-02-21,55.95,56.29,55.0,55.05,514000.0,0.0,1.0
2002-02-22,54.8,56.67,54.8,56.61,870800.0,0.0,1.0
2002-02-25,57.15,58.76,57.01,58.2,1209000.0,0.0,1.0
2002-02-26,58.0,58.16,57.41,57.9,711300.0,0.0,1.0
2002-02-27,57.95,58.46,57.59,58.37,759900.0,0.0,1.0
2002-02-28,58.5,59.95,58.5,59.13,959200.0,0.0,1.0
2002-03-01,59.0,59.88,58.88,59.15,999800.0,0.0,1.0
2002-03-04,59.5,60.29,59.3,59.8,780800.0,0.0,1.0
2002-03-05,59.8,60.09,59.18,59.37,484500.0,0.0,1.0
2002-03-06,59.4,60.1,59.06,59.91,627700.0,0.0,1.0
2002-03-07,59.45,59.85,59.15,59.48,595100.0,0.0,1.0
2002-03-08,59.98,60.45,57.52,58.15,1401700.0,0.0,1.0
2002-03-11,58.05,58.05,57.0,57.51,1012200.0,0.0,1.0
2002-03-12,56.95,56.95,55.55,55.6,2752700.0,0.0,1.0
2002-03-13,56.0,57.98,55.71,56.58,1641200.0,0.0,1.0
2002-03-14,57.99,57.99,56.5,57.5,824400.0,0.0,1.0
2002-03-15,57.3,58.5,57.3,58.49,805100.0,0.0,1.0
2002-03-18,58.0,58.5,57.8,58.25,750600.0,0.0,1.0
2002-03-19,58.35,58.7,58.24,58.45,481800.0,0.0,1.0
2002-03-20,58.2,59.3,57.7,58.97,697200.0,0.0,1.0
2002-03-21,59.41,59.41,57.65,58.15,451600.0,0.0,1.0
2002-03-22,57.9,58.89,57.51,57.74,604800.0,0.0,1.0
2002-03-25,58.05,58.25,57.4,57.78,624200.0,0.0,1.0
2002-03-26,57.55,59.12,57.55,58.88,543500.0,0.0,1.0
2002-03-27,58.9,59.99,58.65,59.75,533500.0,0.0,1.0
2002-03-28,59.7,59.7,58.7,58.78,968500.0,0.0,1.0
2002-04-01,58.79,58.79,56.93,58.14,709600.0,0.0,1.0
2002-04-02,58.18,59.22,58.05,58.78,417700.0,0.0,1.0
2002-04-03,58.8,58.8,57.66,58.21,799500.0,0.0,1.0
2002-04-04,57.96,58.6,57.58,58.5,896600.0,0.0,1.0
2002-04-05,58.65,59.24,58.45,59.15,498800.0,0.0,1.0
2002-04-08,58.25,60.18,58.15,60.0,670100.0,0.0,1.0
2002-04-09,60.35,61.55,60.35,61.13,1264600.0,0.0,1.0
2002-04-10,61.2,62.8,61.2,62.29,994300.0,0.0,1.0
2002-04-11,62.5,63.48,61.52,61.79,715800.0,0.0,1.0
2002-04-12,61.95,62.97,61.7,62.34,633800.0,0.0,1.0
2002-04-15,62.0,62.4,61.4,61.6,534900.0,0.0,1.0
2002-04-16,61.85,62.35,61.12,61.25,428200.0,0.0,1.0
2002-04-17,61.2,61.3,59.5,59.87,715400.0,0.0,1.0
2002-04-18,59.97,61.0,59.82,60.87,696300.0,0.0,1.0
2002-04-19,61.0,61.54,60.61,61.49,592800.0,0.0,1.0
2002-04-22,62.0,63.15,61.85,62.6,903900.0,0.0,1.0
2002-04-23,62.3,63.29,62.05,62.9,424700.0,0.0,1.0
2002-04-24,63.1,63.67,63.02,63.37,609400.0,0.0,1.0
2002-04-25,63.4,63.93,62.8,63.53,480200.0,0.0,1.0
2002-04-26,63.53,63.6,61.53,61.6,593300.0,0.0,1.0
2002-04-29,61.63,62.21,61.09,61.27,599700.0,0.0,1.0
2002-04-30,61.85,63.65,61.8,63.06,1155400.0,0.0,1.0
2002-05-01,61.55,62.25,61.02,61.74,1138500.0,0.0,1.0
2002-05-02,61.68,63.19,61.51,63.09,988600.0,0.0,1.0
2002-05-03,62.8,63.73,62.49,62.84,740900.0,0.0,1.0
2002-05-06,62.85,63.2,62.45,62.95,842200.0,0.0,1.0
2002-05-07,63.1,63.5,62.71,63.31,918500.0,0.0,1.0
2002-05-08,64.0,64.08,62.93,63.67,1373300.0,0.0,1.0
2002-05-09,63.28,64.11,63.28,63.66,678100.0,0.0,1.0
2002-05-10,63.1,63.88,63.06,63.21,806100.0,0.0,1.0
2002-05-13,63.21,63.96,63.0,63.75,758500.0,0.0,1.0
2002-05-14,63.97,64.4,63.25,64.15,770200.0,0.0,1.0
2002-05-15,63.9,65.78,63.9,64.9,1382700.0,0.0,1.0
2002-05-16,65.05,65.31,64.45,64.61,766200.0,0.0,1.0
2002-05-17,64.65,65.48,64.55,65.05,710300.0,0.0,1.0
2002-05-20,64.9,65.45,64.52,65.34,474400.0,0.0,1.0
2002-05-21,65.3,65.35,64.93,64.94,728900.0,0.0,1.0
2002-05-22,65.0,65.25,64.0,64.48,618700.0,0.0,1.0
2002-05-23,64.48,65.1,64.15,64.53,1031400.0,0.0,1.0
2002-05-24,64.55,64.7,63.5,63.72,728300.0,0.0,1.0
2002-05-28,64.0,64.38,63.49,63.49,504800.0,0.0,1.0
2002-05-29,63.5,64.69,63.5,64.33,661600.0,0.0,1.0
2002-05-30,64.36,64.61,63.34,63.6,731800.0,0.0,1.0
2002-05-31,62.75,64.0,62.5,63.9,971300.0,0.0,1.0
2002-06-03,64.05,64.43,63.43,63.44,714700.0,0.0,1.0
2002-06-04,63.1,64.14,62.61,62.86,608800.0,0.0,1.0
2002-06-05,62.72,64.95,62.7,64.92,1120100.0,0.0,1.0
2002-06-06,64.9,65.75,64.74,65.16,859300.0,0.0,1.0
2002-06-07,65.16,66.0,65.13,65.25,604700.0,0.0,1.0
2002-06-10,65.1,66.14,65.0,65.6,985500.0,0.0,1.0
2002-06-11,65.7,65.95,64.3,64.6,1028200.0,0.0,1.0
2002-06-12,64.7,64.95,64.1,64.43,782700.0,0.0,1.0
2002-06-13,64.5,64.6,64.0,64.0,478600.0,0.0,1.0
2002-06-14,63.8,63.9,62.1,62.67,1025700.0,0.0,1.0
2002-06-17,62.9,64.5,62.8,64.11,858100.0,0.0,1.0
2002-06-18,32.15,32.59,32.01,32.5,559400.0,2.0,2.0
2002-06-19,32.5,32.8,32.15,32.45,1516700.0,0.0,1.0
2002-06-20,32.9,33.17,32.54,32.89,1707400.0,0.0,1.0
2002-06-21,32.2,33.13,32.2,32.46,2241700.0,0.0,1.0
2002-06-24,32.47,32.6,31.5,31.9,1934100.0,0.0,1.0
2002-06-25,31.98,32.04,30.62,30.66,1100700.0,0.0,1.0
2002-06-26,30.66,30.98,29.89,30.5,2499300.0,0.0,1.0
2002-06-27,30.85,31.1,30.32,30.83,1454800.0,0.0,1.0
2002-06-28,30.83,30.83,29.25,29.25,3017700.0,0.0,1.0
2002-07-01,29.6,29.98,28.67,29.23,2508000.0,0.0,1.0
2002-07-02,29.08,29.49,28.4,28.93,1635000.0,0.0,1.0
2002-07-03,28.89,29.5,27.66,28.25,1612100.0,0.0,1.0
2002-07-05,28.16,29.0,28.15,28.61,675100.0,0.0,1.0
2002-07-08,28.85,29.09,27.98,28.4,1152500.0,0.0,1.0
2002-07-09,28.41,28.8,27.07,27.35,1535500.0,0.0,1.0
2002-07-10,28.0,28.45,27.4,27.55,1801000.0,0.0,1.0
2002-07-11,27.6,28.03,26.7,26.86,1845300.0,0.0,1.0
2002-07-12,27.03,27.15,26.17,26.49,1065400.0,0.0,1.0
2002-07-15,26.39,26.4,24.24,25.56,2569000.0,0.0,1.0
2002-07-16,25.4,26.54,25.36,25.99,1546600.0,0.0,1.0
2002-07-17,26.83,27.19,26.02,26.39,1736700.0,0.0,1.0
2002-07-18,26.35,26.75,25.45,25.79,1266400.0,0.0,1.0
2002-07-19,25.05,26.0,24.53,24.76,1323300.0,0.0,1.0
2002-07-22,24.45,25.33,23.08,23.96,1500100.0,0.0,1.0
2002-07-23,25.5,26.15,24.51,25.15,2552700.0,0.0,1.0
2002-07-24,26.25,28.89,25.35,28.88,3602300.0,0.0,1.0
2002-07-25,28.9,30.49,27.75,28.5,3496900.0,0.0,1.0
2002-07-26,28.6,29.29,28.28,29.22,1578100.0,0.0,1.0
2002-07-29,29.4,29.89,28.95,29.68,2247700.0,0.0,1.0
2002-07-30,29.4,30.46,28.84,29.57,2367300.0,0.0,1.0
2002-07-31,29.57,30.9,29.15,30.9,2023600.0,0.0,1.0
2002-08-01,30.0,30.3,27.86,28.21,3336100.0,0.0,1.0
2002-08-02,28.08,28.08,25.85,26.48,3218600.0,0.0,1.0
2002-08-05,26.35,27.45,26.23,26.92,1857300.0,0.0,1.0
2002-08-06,28.0,28.35,27.7,27.92,1896900.0,0.0,1.0
2002-08-07,28.45,28.9,27.5,28.55,2286000.0,0.0,1.0
2002-08-08,28.1,29.25,27.6,29.13,1675900.0,0.0,1.0
2002-08-09,28.8,29.5,28.38,29.32,1407800.0,0.0,1.0
2002-08-12,28.9,29.51,28.6,29.25,1501300.0,0.0,1.0
2002-08-13,28.81,28.9,28.0,28.13,1231700.0,0.0,1.0
2002-08-14,28.05,29.18,27.15,29.18,1748700.0,0.0,1.0
2002-08-15,29.3,30.73,29.29,30.5,2238600.0,0.0,1.0
2002-08-16,29.8,30.21,29.26,29.9,1596700.0,0.0,1.0
2002-08-19,29.8,30.81,29.55,30.75,1186100.0,0.0,1.0
2002-08-20,30.67,30.76,29.6,30.07,1167900.0,0.0,1.0
2002-08-21,30.12,30.52,29.65,30.18,1402200.0,0.0,1.0
2002-08-22,30.18,30.9,29.66,30.63,1569000.0,0.0,1.0
2002-08-23,30.54,31.1,30.45,30.53,1015000.0,0.0,1.0
2002-08-26,30.75,31.05,29.75,30.5,1308700.0,0.0,1.0
2002-08-27,30.45,31.25,29.56,31.05,2761100.0,0.0,1.0
2002-08-28,31.05,31.51,30.57,30.99,2249600.0,0.0,1.0
2002-08-29,30.99,31.0,30.03,30.8,1286300.0,0.0,1.0
2002-08-30,30.8,30.9,30.0,30.33,1356800.0,0.0,1.0
2002-09-03,30.33,30.33,29.45,29.85,1059300.0,0.0,1.0
2002-09-04,29.8,30.23,29.53,30.23,1090700.0,0.0,1.0
2002-09-05,30.22,31.0,29.95,30.93,1648300.0,0.0,1.0
2002-09-06,31.22,31.56,30.65,31.5,1284300.0,0.0,1.0
2002-09-09,31.2,31.7,30.93,31.39,1416400.0,0.0,1.0
2002-09-10,31.0,31.16,29.49,30.01,2457800.0,0.0,1.0
2002-09-11,30.4,30.4,29.11,29.21,1262500.0,0.0,1.0
2002-09-12,30.05,30.21,28.36,29.91,3760200.0,0.0,1.0
2002-09-13,29.5,29.5,28.78,29.33,1898900.0,0.0,1.0
2002-09-16,29.06,29.67,28.69,29.35,1531300.0,0.0,1.0
2002-09-17,28.9,29.32,27.24,27.26,3278200.0,0.0,1.0
2002-09-18,27.15,28.34,26.14,28.06,3140200.0,0.0,1.0
2002-09-19,27.61,28.6,27.4,27.88,1480000.0,0.0,1.0
2002-09-20,27.25,28.35,27.25,28.1,2311200.0,0.0,1.0
2002-09-23,27.9,28.0,27.39,27.79,1157700.0,0.0,1.0
2002-09-24,27.4,28.0,26.83,27.32,1735900.0,0.0,1.0
2002-09-25,27.75,28.48,27.72,28.23,1676700.0,0.0,1.0
2002-09-26,28.75,29.43,28.24,28.53,1843200.0,0.0,1.0
2002-09-27,28.5,28.71,28.02,28.02,1551600.0,0.0,1.0
2002-09-30,28.02,28.24,27.18,27.71,2016400.0,0.0,1.0
2002-10-01,27.72,29.49,27.5,29.38,3173900.0,0.0,1.0
2002-10-02,29.3,30.19,28.82,29.55,2033700.0,0.0,1.0
2002-10-03,29.55,30.89,29.24,29.57,2479400.0,0.0,1.0
2002-10-04,29.57,29.84,28.35,29.18,1554600.0,0.0,1.0
2002-10-07,29.55,29.9,28.8,29.02,1339200.0,0.0,1.0
2002-10-08,29.42,30.0,28.97,29.55,2088500.0,0.0,1.0
2002-10-09,29.1,30.0,28.72,29.75,2682300.0,0.0,1.0
2002-10-10,26.07,27.0,22.55,23.57,13270200.0,0.0,1.0
2002-10-11,23.62,24.6,21.4,22.81,8917100.0,0.0,1.0
2002-10-14,22.81,23.3,22.55,23.15,3076700.0,0.0,1.0
2002-10-15,23.85,24.21,21.69,21.99,5867400.0,0.0,1.0
2002-10-16,21.8,22.0,20.35,21.31,5291200.0,0.0,1.0
2002-10-17,22.05,22.49,21.5,22.41,3347900.0,0.0,1.0
2002-10-18,22.41,23.46,21.95,23.37,3142800.0,0.0,1.0
2002-10-21,23.25,24.53,23.19,24.52,2805900.0,0.0,1.0
2002-10-22,24.85,25.85,24.26,24.63,2680400.0,0.0,1.0
2002-10-23,24.63,24.93,23.9,24.5,2376000.0,0.0,1.0
2002-10-24,24.95,25.0,23.0,23.28,3796700.0,0.0,1.0
2002-10-25,23.65,23.9,23.22,23.67,2164900.0,0.0,1.0
2002-10-28,23.94,24.24,23.35,23.6,1873500.0,0.0,1.0
2002-10-29,23.35,23.71,23.0,23.61,2019300.0,0.0,1.0
2002-10-30,22.9,23.3,22.55,23.1,2657500.0,0.0,1.0
2002-10-31,22.55,23.13,22.4,22.53,2330700.0,0.0,1.0
2002-11-01,21.9,23.25,21.9,23.0,2252800.0,0.0,1.0
2002-11-04,23.0,23.67,22.7,22.7,2918700.0,0.0,1.0
2002-11-05,22.7,23.16,22.1,22.44,2606500.0,0.0,1.0
2002-11-06,22.33,22.58,21.85,22.36,2011300.0,0.0,1.0
2002-11-07,21.9,23.1,21.48,22.8,2323400.0,0.0,1.0
2002-11-08,22.05,22.35,21.83,22.15,2169000.0,0.0,1.0
2002-11-11,22.05,22.25,21.48,21.5,1594000.0,0.0,1.0
2002-11-12,21.9,22.11,21.15,21.75,2468400.0,0.0,1.0
2002-11-13,21.4,21.9,20.93,21.75,2995500.0,0.0,1.0
2002-11-14,22.0,22.36,21.87,22.16,1621300.0,0.0,1.0
2002-11-15,22.16,22.72,22.09,22.64,1660000.0,0.0,1.0
2002-11-18,22.9,22.98,22.7,22.88,1318200.0,0.0,1.0
2002-11-19,22.1,23.07,22.1,22.85,1754400.0,0.0,1.0
2002-11-20,22.61,23.57,22.4,23.4,1398200.0,0.0,1.0
2002-11-21,23.65,24.3,23.54,23.73,1943900.0,0.0,1.0
2002-11-22,23.73,23.93,23.51,23.75,1487100.0,0.0,1.0
2002-11-25,23.9,24.05,23.2,23.97,2431600.0,0.0,1.0
2002-11-26,23.55,23.71,23.21,23.58,1311700.0,0.0,1.0
2002-11-27,23.46,23.96,23.32,23.93,1153100.0,0.0,1.0
2002-11-29,23.94,24.1,23.71,23.91,586400.0,0.0,1.0
2002-12-02,24.25,24.25,23.76,23.95,1600500.0,0.0,1.0
2002-12-03,23.61,23.85,23.29,23.43,1326300.0,0.0,1.0
2002-12-04,23.26,24.15,23.24,23.85,1674800.0,0.0,1.0
2002-12-05,24.2,24.3,23.36,23.81,1565300.0,0.0,1.0
2002-12-06,23.45,23.95,23.36,23.88,1411700.0,0.0,1.0
2002-12-09,23.0,23.83,22.87,22.96,2124700.0,0.0,1.0
2002-12-10,23.1,23.11,22.0,22.5,2597400.0,0.0,1.0
2002-12-11,22.7,22.8,22.02,22.45,2561100.0,0.0,1.0
2002-12-12,23.6,23.86,23.1,23.27,1936400.0,0.0,1.0
2002-12-13,23.15,23.35,22.8,23.25,1253800.0,0.0,1.0
2002-12-16,23.25,23.4,22.87,23.37,2119000.0,0.0,1.0
2002-12-17,23.25,23.4,22.84,23.2,1870000.0,0.0,1.0
2002-12-18,23.2,24.1,23.04,23.84,1774700.0,0.0,1.0
2002-12-19,23.65,23.95,23.32,23.39,2203200.0,0.0,1.0
2002-12-20,23.65,24.15,23.56,23.92,1769300.0,0.0,1.0
2002-12-23,23.92,24.15,23.17,23.47,2544000.0,0.0,1.0
2002-12-24,23.58,23.95,23.46,23.75,1283100.0,0.0,1.0
2002-12-26,23.95,24.49,23.64,24.08,1150900.0,0.0,1.0
2002-12-27,24.07,24.29,23.89,24.12,1094000.0,0.0,1.0
2002-12-30,24.12,24.35,23.85,24.24,1203000.0,0.0,1.0
2002-12-31,24.1,24.34,23.87,24.22,869000.0,0.0,1.0
2003-01-02,24.44,25.29,24.1,25.12,1214400.0,0.0,1.0
2003-01-03,25.0,25.07,24.4,24.55,1165100.0,0.0,1.0
2003-01-06,24.45,25.24,24.44,24.99,1021900.0,0.0,1.0
2003-01-07,25.25,25.8,24.85,25.15,1679000.0,0.0,1.0
2003-01-08,25.15,25.5,24.94,25.27,1263100.0,0.0,1.0
2003-01-09,25.2,25.52,24.87,25.04,1419400.0,0.0,1.0
2003-01-10,25.04,25.53,24.8,25.48,997500.0,0.0,1.0
2003-01-13,25.38,25.64,24.73,24.79,1400000.0,0.0,1.0
2003-01-14,25.0,25.85,25.0,25.38,3503900.0,0.0,1.0
2003-01-15,25.55,25.55,25.08,25.34,1000500.0,0.0,1.0
2003-01-16,25.34,25.39,24.67,24.81,2155400.0,0.0,1.0
2003-01-17,24.88,25.03,24.8,25.02,1382400.0,0.0,1.0
2003-01-21,25.15,25.32,24.53,24.7,1113800.0,0.0,1.0
2003-01-22,24.5,25.11,24.48,24.74,1382400.0,0.0,1.0
2003-01-23,24.74,24.77,23.88,24.28,1777400.0,0.0,1.0
2003-01-24,24.32,24.6,24.2,24.43,1260800.0,0.0,1.0
2003-01-27,24.16,24.33,23.63,23.65,1096200.0,0.0,1.0
2003-01-28,23.89,23.97,23.45,23.58,839000.0,0.0,1.0
2003-01-29,23.89,23.97,23.45,23.58,1289200.0,0.0,1.0
2003-01-30,23.8,23.87,23.05,23.35,1212300.0,0.0,1.0
2003-01-31,23.05,23.29,22.65,23.18,2022900.0,0.0,1.0
2003-02-03,23.35,23.85,23.27,23.77,1110000.0,0.0,1.0
2003-02-04,23.37,23.65,23.0,23.17,989600.0,0.0,1.0
2003-02-05,23.4,23.4,22.3,22.45,1543700.0,0.0,1.0
2003-02-06,22.5,22.68,22.16,22.28,1089000.0,0.0,1.0
2003-02-07,22.35,22.65,21.82,22.06,1245700.0,0.0,1.0
2003-02-10,21.96,22.49,21.54,22.43,1056700.0,0.0,1.0
2003-02-11,23.4,24.45,23.25,23.8,2446800.0,0.0,1.0
2003-02-12,23.83,23.95,23.05,23.11,1321200.0,0.0,1.0
2003-02-13,23.19,23.19,22.3,22.73,1341800.0,0.0,1.0
2003-02-14,22.85,23.74,22.75,23.58,1388500.0,0.0,1.0
2003-02-18,23.7,23.7,23.0,23.22,1262300.0,0.0,1.0
2003-02-19,23.15,23.24,22.86,23.07,930300.0,0.0,1.0
2003-02-20,23.09,23.49,23.05,23.07,983000.0,0.0,1.0
2003-02-21,23.23,23.76,23.07,23.62,1082400.0,0.0,1.0
2003-02-24,23.5,23.51,23.01,23.04,958100.0,0.0,1.0
2003-02-25,22.79,23.08,22.52,22.93,1524500.0,0.0,1.0
2003-02-26,22.9,23.07,22.54,22.61,1492600.0,0.0,1.0
2003-02-27,22.95,23.63,22.76,23.5,1448400.0,0.0,1.0
2003-02-28,23.5,24.14,23.45,23.81,1558600.0,0.0,1.0
2003-03-03,23.85,24.18,23.33,23.33,1151000.0,0.0,1.0
2003-03-04,23.42,23.6,22.94,23.15,1463700.0,0.0,1.0
2003-03-05,22.95,23.21,22.8,23.04,1142300.0,0.0,1.0
2003-03-06,23.04,23.12,22.58,22.62,1214500.0,0.0,1.0
2003-03-07,22.51,23.01,22.38,23.0,1596200.0,0.0,1.0
2003-03-10,22.7,22.76,22.1,22.33,1975500.0,0.0,1.0
2003-03-11,22.48,22.74,22.33,22.43,1699100.0,0.0,1.0
2003-03-12,22.4,22.42,21.92,22.22,2150500.0,0.0,1.0
2003-03-13,22.45,23.55,22.4,23.55,1891700.0,0.0,1.0
2003-03-14,23.6,23.85,23.25,23.73,1343600.0,0.0,1.0
2003-03-17,23.48,24.75,23.27,24.75,1655000.0,0.0,1.0
2003-03-18,24.8,24.92,24.31,24.7,1047700.0,0.0,1.0
2003-03-19,24.6,24.89,24.4,24.82,968500.0,0.0,1.0
2003-03-20,24.78,24.99,24.15,24.94,1264700.0,0.0,1.0
2003-03-21,25.05,25.79,24.82,25.75,1594000.0,0.0,1.0
2003-03-24,25.75,25.75,24.26,24.42,1082000.0,0.0,1.0
2003-03-25,24.3,24.9,23.78,24.53,1539400.0,0.0,1.0
2003-03-26,24.47,24.55,24.26,24.45,1051100.0,0.0,1.0
2003-03-27,24.1,24.79,24.05,24.56,1358600.0,0.0,1.0
2003-03-28,24.45,24.85,24.3,24.62,1112800.0,0.0,1.0
2003-03-31,24.35,24.51,24.05,24.33,1424200.0,0.0,1.0
2003-04-01,24.33,24.33,23.73,23.95,1073800.0,0.0,1.0
2003-04-02,24.25,24.79,24.25,24.59,1751900.0,0.0,1.0
2003-04-03,24.64,24.64,24.15,24.15,1164500.0,0.0,1.0
2003-04-04,24.25,24.28,23.92,24.13,915400.0,0.0,1.0
2003-04-07,24.45,24.76,24.18,24.32,1688900.0,0.0,1.0
2003-04-08,24.3,24.78,24.1,24.59,1723300.0,0.0,1.0
2003-04-09,24.8,24.84,24.26,24.26,1715100.0,0.0,1.0
2003-04-10,24.17,24.79,24.13,24.73,1119300.0,0.0,1.0
2003-04-11,24.95,25.25,24.55,24.81,914500.0,0.0,1.0
2003-04-14,24.75,24.81,24.3,24.6,1613100.0,0.0,1.0
2003-04-15,24.55,25.1,24.35,25.06,1043300.0,0.0,1.0
2003-04-16,25.07,25.07,24.19,24.33,1725200.0,0.0,1.0
2003-04-17,24.57,24.95,24.31,24.8,1063500.0,0.0,1.0
2003-04-21,24.63,24.73,24.4,24.61,977400.0,0.0,1.0
2003-04-22,24.6,24.6,23.95,24.1,2281400.0,0.0,1.0
2003-04-23,23.95,24.04,22.94,23.4,4017400.0,0.0,1.0
2003-04-24,24.3,25.21,24.13,24.9,3961300.0,0.0,1.0
2003-04-25,24.78,25.1,24.3,24.51,1149300.0,0.0,1.0
2003-04-28,24.73,25.29,24.63,25.0,1834400.0,0.0,1.0
2003-04-29,24.97,25.05,24.52,24.77,1805500.0,0.0,1.0
2003-04-30,24.4,24.73,24.28,24.7,2951800.0,0.0,1.0
2003-05-01,24.55,24.58,24.06,24.47,892300.0,0.0,1.0
2003-05-02,24.28,25.06,24.23,24.99,1508300.0,0.0,1.0
2003-05-05,24.99,25.27,24.84,24.93,1632100.0,0.0,1.0
2003-05-06,25.08,26.01,24.99,25.77,1842600.0,0.0,1.0
2003-05-07,25.77,25.93,25.5,25.65,1439000.0,0.0,1.0
2003-05-08,25.63,25.63,25.0,25.12,1145400.0,0.0,1.0
2003-05-09,25.24,25.33,24.93,25.28,972500.0,0.0,1.0
2003-05-12,25.06,26.0,25.05,25.93,1514400.0,0.0,1.0
2003-05-13,25.9,26.0,25.62,25.86,941500.0,0.0,1.0
2003-05-14,25.94,26.49,25.83,26.0,1421100.0,0.0,1.0
2003-05-15,26.14,26.45,25.96,26.38,1481400.0,0.0,1.0
2003-05-16,26.45,26.49,26.1,26.27,696000.0,0.0,1.0
2003-05-19,26.28,26.42,26.01,26.42,1649800.0,0.0,1.0
2003-05-20,26.42,27.15,26.0,26.3,2909500.0,0.0,1.0
2003-05-21,27.04,27.49,26.2,26.56,2768400.0,0.0,1.0
2003-05-22,26.38,26.81,26.2,26.3,1887100.0,0.0,1.0
2003-05-23,26.48,26.6,26.22,26.5,968300.0,0.0,1.0
2003-05-27,26.5,27.01,26.5,26.83,1715700.0,0.0,1.0
2003-05-28,26.82,27.16,26.67,26.78,1224700.0,0.0,1.0
2003-05-29,26.9,27.7,26.87,27.4,2483400.0,0.0,1.0
2003-05-30,27.36,28.0,27.33,27.96,1266000.0,0.0,1.0
2003-06-02,28.1,28.32,27.78,27.85,1316300.0,0.0,1.0
2003-06-03,27.78,27.94,27.37,27.64,1114300.0,0.0,1.0
2003-06-04,27.7,28.31,27.52,28.06,1025200.0,0.0,1.0
2003-06-05,27.35,28.49,27.35,28.4,1274000.0,0.0,1.0
2003-06-06,28.4,29.24,28.29,28.47,1893000.0,0.0,1.0
2003-06-09,28.5,28.9,28.15,28.37,1320900.0,0.0,1.0
2003-06-10,28.44,28.48,28.01,28.44,719600.0,0.0,1.0
2003-06-11,28.22,28.55,27.87,28.54,713000.0,0.0,1.0
2003-06-12,28.7,28.83,27.93,28.28,742600.0,0.0,1.0
2003-06-13,28.49,28.67,28.06,28.33,649200.0,0.0,1.0
2003-06-16,28.18,28.55,27.93,28.55,1343500.0,0.0,1.0
2003-06-17,28.58,28.96,28.41,28.75,831000.0,0.0,1.0
2003-06-18,28.78,29.25,28.3,28.81,2007500.0,0.0,1.0
2003-06-19,29.0,29.9,28.98,29.27,2299200.0,0.0,1.0
2003-06-20,29.4,29.57,29.2,29.45,1375300.0,0.0,1.0
2003-06-23,29.3,29.35,28.8,29.07,936400.0,0.0,1.0
2003-06-24,29.05,29.509,28.99,29.26,1050600.0,0.0,1.0
2003-06-25,29.15,29.49,28.6,28.8,939300.0,0.0,1.0
2003-06-26,28.58,28.93,28.38,28.89,1567000.0,0.0,1.0
2003-06-27,28.78,29.29,28.7,29.26,1326100.0,0.0,1.0
2003-06-30,29.41,29.73,29.26,29.56,1820200.0,0.0,1.0
2003-07-01,29.45,29.98,29.4,29.88,2416000.0,0.0,1.0
2003-07-02,29.85,30.16,29.7,30.16,1250300.0,0.0,1.0
2003-07-03,29.95,30.19,29.8,30.0,655200.0,0.0,1.0
2003-07-07,30.05,30.46,29.95,30.45,968900.0,0.0,1.0
2003-07-08,30.28,30.89,30.23,30.82,913600.0,0.0,1.0
2003-07-09,30.85,30.95,29.96,30.18,1788100.0,0.0,1.0
2003-07-10,30.19,30.19,29.5,30.02,1346800.0,0.0,1.0
2003-07-11,30.02,30.2,29.83,30.08,1603500.0,0.0,1.0
2003-07-14,30.15,30.66,29.92,30.35,1511100.0,0.0,1.0
2003-07-15,30.3,30.37,29.2,29.65,1477900.0,0.0,1.0
2003-07-16,29.66,29.96,29.0,29.62,2105700.0,0.0,1.0
2003-07-17,29.35,29.35,28.75,28.92,1591200.0,0.0,1.0
2003-07-18,29.2,29.38,28.91,29.25,1048200.0,0.0,1.0
2003-07-21,29.45,29.45,28.7,28.92,797700.0,0.0,1.0
2003-07-22,28.95,29.0,28.38,28.83,1669100.0,0.0,1.0
2003-07-23,28.93,29.08,28.55,28.83,718300.0,0.0,1.0
2003-07-24,28.9,29.11,28.39,28.56,787400.0,0.0,1.0
2003-07-25,28.55,29.7,28.55,29.05,1274400.0,0.0,1.0
2003-07-28,29.1,29.51,28.95,29.22,1317600.0,0.0,1.0
2003-07-29,29.4,29.7,29.03,29.33,1242200.0,0.0,1.0
2003-07-30,29.43,29.78,29.38,29.65,774900.0,0.0,1.0
2003-07-31,29.85,30.03,29.65,29.93,1085500.0,0.0,1.0
2003-08-01,29.93,30.0,29.5,29.92,962100.0,0.0,1.0
2003-08-04,29.8,30.0,29.05,29.8,1139500.0,0.0,1.0
2003-08-05,29.73,29.76,29.35,29.54,1189400.0,0.0,1.0
2003-08-06,29.54,29.54,29.07,29.07,1720600.0,0.0,1.0
2003-08-07,29.22,29.24,28.75,28.8,1250600.0,0.0,1.0
2003-08-08,28.9,29.15,28.58,29.09,1297100.0,0.0,1.0
2003-08-11,28.97,29.1,28.72,28.97,501100.0,0.0,1.0
2003-08-12,29.17,29.58,29.13,29.57,908200.0,0.0,1.0
2003-08-13,29.57,29.74,29.35,29.42,745800.0,0.0,1.0
2003-08-14,29.2,29.7,28.64,29.45,1943500.0,0.0,1.0
2003-08-15,29.2,29.36,28.99,29.33,405200.0,0.0,1.0
2003-08-18,29.1,29.51,29.1,29.26,850500.0,0.0,1.0
2003-08-19,29.24,29.26,29.0,29.14,1053100.0,0.0,1.0
2003-08-20,28.9,29.25,28.82,29.15,1006800.0,0.0,1.0
2003-08-21,29.14,29.2,28.91,29.07,743800.0,0.0,1.0
2003-08-22,28.95,29.16,28.62,28.7,748400.0,0.0,1.0
2003-08-25,28.6,28.86,28.51,28.8,667800.0,0.0,1.0
2003-08-26,28.67,29.04,28.45,28.95,1142300.0,0.0,1.0
2003-08-27,28.99,29.54,28.99,29.38,1175800.0,0.0,1.0
2003-08-28,29.2,29.65,28.97,29.6,1022200.0,0.0,1.0
2003-08-29,29.52,29.72,29.5,29.65,445400.0,0.0,1.0
2003-09-02,29.77,30.55,29.71,30.42,1365600.0,0.0,1.0
2003-09-03,30.32,30.69,30.11,30.6,1196000.0,0.0,1.0
2003-09-04,30.51,30.63,30.22,30.39,668600.0,0.0,1.0
2003-09-05,30.16,30.29,29.79,29.95,752200.0,0.0,1.0
2003-09-08,29.9,30.0,29.59,29.83,1107700.0,0.0,1.0
2003-09-09,29.96,29.99,29.63,29.78,798400.0,0.0,1.0
2003-09-10,29.78,29.96,29.58,29.66,892800.0,0.0,1.0
2003-09-11,29.6,29.91,29.21,29.62,1231100.0,0.0,1.0
2003-09-12,29.57,29.71,29.37,29.65,1190500.0,0.0,1.0
2003-09-15,29.69,30.03,29.64,30.0,624900.0,0.0,1.0
2003-09-16,29.85,30.3,29.76,30.25,1203100.0,0.0,1.0
2003-09-17,30.25,30.32,30.08,30.14,738700.0,0.0,1.0
2003-09-18,30.24,30.55,30.15,30.55,536200.0,0.0,1.0
2003-09-19,30.55,30.69,30.38,30.5,629700.0,0.0,1.0
2003-09-22,30.3,30.4,30.01,30.3,628900.0,0.0,1.0
2003-09-23,30.2,30.86,30.2,30.86,608300.0,0.0,1.0
2003-09-24,30.88,30.95,30.29,30.37,1569500.0,0.0,1.0
2003-09-25,30.37,30.37,29.72,29.78,973000.0,0.0,1.0
2003-09-26,29.65,29.65,29.2,29.4,716900.0,0.0,1.0
2003-09-29,29.55,29.7,29.2,29.61,812100.0,0.0,1.0
2003-09-30,29.63,29.94,29.29,29.62,1040500.0,0.0,1.0
2003-10-01,29.85,31.32,29.81,31.32,2134500.0,0.0,1.0
2003-10-02,31.1,31.49,31.0,31.35,1266700.0,0.0,1.0
2003-10-03,31.53,31.7,31.0,31.07,1444200.0,0.0,1.0
2003-10-06,31.02,31.26,30.86,31.23,709600.0,0.0,1.0
2003-10-07,31.04,31.57,31.02,31.57,1200200.0,0.0,1.0
2003-10-08,32.0,32.29,31.32,32.0,3268700.0,0.0,1.0
2003-10-09,32.33,33.33,32.23,32.43,1929700.0,0.0,1.0
2003-10-10,32.43,32.65,31.91,32.09,1692400.0,0.0,1.0
2003-10-13,32.1,32.48,31.96,32.47,601400.0,0.0,1.0
2003-10-14,32.5,32.7,32.2,32.62,721500.0,0.0,1.0
2003-10-15,32.7,32.77,32.4,32.77,997700.0,0.0,1.0
2003-10-16,32.82,33.15,32.6,33.11,952200.0,0.0,1.0
2003-10-17,33.11,33.32,33.02,33.32,1396300.0,0.0,1.0
2003-10-20,33.28,33.41,33.04,33.4,1412000.0,0.0,1.0
2003-10-21,33.4,33.4,32.77,32.88,1471000.0,0.0,1.0
2003-10-22,32.7,32.97,32.61,32.89,892700.0,0.0,1.0
2003-10-23,32.89,33.21,32.62,33.09,854400.0,0.0,1.0
2003-10-24,33.05,33.05,32.7,33.0,849300.0,0.0,1.0
2003-10-27,32.88,33.35,32.68,33.1,642700.0,0.0,1.0
2003-10-28,33.3,33.5,33.03,33.46,918400.0,0.0,1.0
2003-10-29,33.3,33.95,33.21,33.9,611400.0,0.0,1.0
2003-10-30,33.91,34.17,33.8,33.96,737900.0,0.0,1.0
2003-10-31,33.97,34.15,33.82,34.14,619400.0,0.0,1.0
2003-11-03,34.05,34.5,34.02,34.06,1259700.0,0.0,1.0
2003-11-04,34.06,34.06,33.65,33.76,1847300.0,0.0,1.0
2003-11-05,33.6,34.0,33.12,33.88,1433400.0,0.0,1.0
2003-11-06,33.88,34.33,33.71,34.28,900500.0,0.0,1.0
2003-11-07,34.28,34.63,34.07,34.3,873600.0,0.0,1.0
2003-11-10,34.28,34.39,33.98,34.16,578400.0,0.0,1.0
2003-11-11,34.16,34.38,34.0,34.17,582600.0,0.0,1.0
2003-11-12,34.08,34.64,34.05,34.54,779800.0,0.0,1.0
2003-11-13,34.4,34.77,34.33,34.68,604900.0,0.0,1.0
2003-11-14,34.68,34.78,34.45,34.48,953700.0,0.0,1.0
2003-11-17,34.48,34.48,33.63,33.77,1051400.0,0.0,1.0
2003-11-18,33.77,33.92,33.12,33.12,1064900.0,0.0,1.0
2003-11-19,32.95,33.1,32.7,32.75,1629100.0,0.0,1.0
2003-11-20,32.75,33.09,32.35,32.6,986900.0,0.0,1.0
2003-11-21,32.7,32.71,32.0,32.53,1929600.0,0.0,1.0
2003-11-24,32.8,33.76,32.8,33.65,1314800.0,0.0,1.0
2003-11-25,33.65,34.1,33.6,33.87,886300.0,0.0,1.0
2003-11-26,34.02,34.4,33.93,34.33,847600.0,0.0,1.0
2003-11-28,34.2,34.85,34.2,34.49,459300.0,0.0,1.0
2003-12-01,34.7,35.23,34.52,35.13,979000.0,0.0,1.0
2003-12-02,35.14,35.31,34.8,35.0,1113300.0,0.0,1.0
2003-12-03,35.12,35.41,34.87,34.92,964300.0,0.0,1.0
2003-12-04,34.87,35.1,34.57,34.78,1681600.0,0.0,1.0
2003-12-05,34.4,34.4,33.76,33.91,1843200.0,0.0,1.0
2003-12-08,33.85,34.94,33.83,34.92,1522000.0,0.0,1.0
2003-12-09,34.9,34.92,34.23,34.24,813900.0,0.0,1.0
2003-12-10,34.21,34.46,34.11,34.28,741200.0,0.0,1.0
2003-12-11,34.28,34.68,34.19,34.2,1139400.0,0.0,1.0
2003-12-12,34.1,34.285,33.54,33.54,1756000.0,0.0,1.0
2003-12-15,33.65,34.05,33.65,33.81,1247600.0,0.0,1.0
2003-12-16,33.81,34.06,33.1,33.29,1650900.0,0.0,1.0
2003-12-17,33.3,33.3,32.79,32.81,1616500.0,0.0,1.0
2003-12-18,32.9,33.16,32.7,32.96,1690400.0,0.0,1.0
2003-12-19,33.0,33.2,32.64,32.8,1290300.0,0.0,1.0
2003-12-22,32.62,33.37,32.54,33.29,1222000.0,0.0,1.0
2003-12-23,33.4,33.83,33.2,33.78,926300.0,0.0,1.0
2003-12-24,33.78,34.01,33.25,33.71,738200.0,0.0,1.0
2003-12-26,33.55,34.05,33.4,33.64,346000.0,0.0,1.0
2003-12-29,33.65,34.14,33.6,34.14,636100.0,0.0,1.0
2003-12-30,34.25,34.43,34.05,34.43,531200.0,0.0,1.0
2003-12-31,34.35,34.49,33.99,34.4,977300.0,0.0,1.0
2004-01-02,34.39,34.39,33.41,33.53,1159700.0,0.0,1.0
2004-01-05,33.25,34.11,33.25,34.02,976300.0,0.0,1.0
2004-01-06,34.9,35.24,34.77,35.04,1488900.0,0.0,1.0
2004-01-07,34.55,34.77,34.3,34.44,1295100.0,0.0,1.0
2004-01-08,34.4,34.72,34.3,34.54,933800.0,0.0,1.0
2004-01-09,34.35,34.37,34.11,34.15,735500.0,0.0,1.0
2004-01-12,34.2,34.66,34.15,34.5,754600.0,0.0,1.0
2004-01-13,34.43,34.72,34.09,34.16,612300.0,0.0,1.0
2004-01-14,34.35,34.98,34.3,34.6,1393000.0,0.0,1.0
2004-01-15,34.56,34.95,34.36,34.59,930800.0,0.0,1.0
2004-01-16,34.75,34.98,34.38,34.38,1011900.0,0.0,1.0
2004-01-20,34.33,34.5,33.79,34.2,1354600.0,0.0,1.0
2004-01-21,34.1,34.85,34.1,34.85,862800.0,0.0,1.0
2004-01-22,34.78,35.18,34.75,34.86,1162300.0,0.0,1.0
2004-01-23,35.45,35.78,34.87,35.07,1548300.0,0.0,1.0
2004-01-26,35.0,35.23,34.79,35.18,894400.0,0.0,1.0
2004-01-27,34.6,35.01,33.91,33.96,2206400.0,0.0,1.0
2004-01-28,33.95,34.08,33.24,33.38,2484400.0,0.0,1.0
2004-01-29,33.0,33.79,32.13,32.56,4272800.0,0.0,1.0
2004-01-30,33.3,34.06,33.15,33.91,2708400.0,0.0,1.0
2004-02-02,34.1,34.12,33.3,33.75,1427500.0,0.0,1.0
2004-02-03,33.7,33.84,33.39,33.45,1171400.0,0.0,1.0
2004-02-04,33.35,33.38,32.85,33.1,1853500.0,0.0,1.0
2004-02-05,33.13,33.5,32.98,33.03,1373400.0,0.0,1.0
2004-02-06,33.1,33.35,32.92,33.25,1209900.0,0.0,1.0
2004-02-09,33.25,33.51,32.99,33.05,1529100.0,0.0,1.0
2004-02-10,33.2,33.25,33.0,33.18,1120500.0,0.0,1.0
2004-02-11,33.2,33.9,33.08,33.71,1456700.0,0.0,1.0
2004-02-12,34.7,35.49,34.7,35.27,4021000.0,0.0,1.0
2004-02-13,35.27,35.52,35.0,35.31,2016500.0,0.0,1.0
2004-02-17,35.4,35.76,35.13,35.54,2165700.0,0.0,1.0
2004-02-18,35.4,35.6,35.25,35.37,1159600.0,0.0,1.0
2004-02-19,35.65,35.87,35.5,35.6,1569200.0,0.0,1.0
2004-02-20,35.8,35.9,35.4,35.64,1489700.0,0.0,1.0
2004-02-23,35.68,35.8,35.5,35.54,889800.0,0.0,1.0
2004-02-24,35.45,35.7,35.23,35.46,1012200.0,0.0,1.0
2004-02-25,35.35,36.18,35.25,36.05,1247100.0,0.0,1.0
2004-02-26,36.25,37.16,36.13,37.04,2497000.0,0.0,1.0
2004-02-27,36.98,37.35,36.7,37.03,1746000.0,0.0,1.0
2004-03-01,36.5,37.28,36.5,37.25,1260300.0,0.0,1.0
2004-03-02,37.25,37.62,36.85,37.17,1328300.0,0.0,1.0
2004-03-03,37.1,37.55,37.07,37.55,829200.0,0.0,1.0
2004-03-04,37.45,38.4,37.45,38.1,1514400.0,0.0,1.0
2004-03-05,38.1,39.02,38.08,38.28,1457100.0,0.0,1.0
2004-03-08,38.03,38.18,37.71,37.9,927500.0,0.0,1.0
2004-03-09,37.7,38.39,37.55,38.09,1511200.0,0.0,1.0
2004-03-10,38.1,38.15,37.0,37.12,1376200.0,0.0,1.0
2004-03-11,36.95,38.07,36.95,37.22,1820700.0,0.0,1.0
2004-03-12,37.3,37.43,37.0,37.18,1387200.0,0.0,1.0
2004-03-15,37.0,37.61,36.98,37.04,1133800.0,0.0,1.0
2004-03-16,37.0,37.13,36.72,36.91,2049100.0,0.0,1.0
2004-03-17,36.83,38.02,36.83,37.67,1183400.0,0.0,1.0
2004-03-18,37.75,37.89,37.04,37.28,1625200.0,0.0,1.0
2004-03-19,37.1,37.39,36.82,37.1,873100.0,0.0,1.0
2004-03-22,36.66,36.98,36.5,36.61,1111000.0,0.0,1.0
2004-03-23,36.69,37.38,36.68,37.16,856600.0,0.0,1.0
2004-03-24,36.91,37.25,36.72,36.97,1443900.0,0.0,1.0
2004-03-25,37.45,37.65,36.97,37.44,1580200.0,0.0,1.0
2004-03-26,37.44,37.87,37.43,37.46,1082200.0,0.0,1.0
2004-03-29,37.71,38.28,37.55,37.99,712100.0,0.0,1.0
2004-03-30,37.8,38.74,37.76,38.65,1290200.0,0.0,1.0
2004-03-31,38.65,38.65,37.97,37.99,1062700.0,0.0,1.0
2004-04-01,37.99,38.05,37.54,38.05,1880800.0,0.0,1.0
2004-04-02,38.01,38.94,38.01,38.5,1197700.0,0.0,1.0
2004-04-05,38.21,39.49,38.17,39.49,1567300.0,0.0,1.0
2004-04-06,39.2,39.46,38.88,39.01,1126900.0,0.0,1.0
2004-04-07,39.0,39.03,38.53,38.78,653400.0,0.0,1.0
2004-04-08,39.03,39.18,38.72,39.03,953400.0,0.0,1.0
2004-04-12,38.67,39.38,38.67,39.12,839000.0,0.0,1.0
2004-04-13,39.35,39.45,38.11,38.17,1265400.0,0.0,1.0
2004-04-14,37.92,37.93,37.04,37.81,1540400.0,0.0,1.0
2004-04-15,37.81,37.81,37.02,37.5,1033700.0,0.0,1.0
2004-04-16,37.75,38.81,37.58,38.39,854100.0,0.0,1.0
2004-04-19,38.09,38.23,37.57,37.76,931800.0,0.0,1.0
2004-04-20,37.99,38.4,36.56,36.61,1631400.0,0.0,1.0
2004-04-21,36.61,36.61,35.71,36.1,2037100.0,0.0,1.0
2004-04-22,36.6,40.16,36.6,39.5,4180400.0,0.0,1.0
2004-04-23,39.5,39.5,38.52,39.05,1180500.0,0.0,1.0
2004-04-26,39.07,39.11,38.33,38.94,1124900.0,0.0,1.0
2004-04-27,38.79,39.76,38.6,38.79,1709200.0,0.0,1.0
2004-04-28,38.75,39.46,38.5725,38.66,1655400.0,0.0,1.0
2004-04-29,38.83,39.46,38.32,38.65,1341400.0,0.0,1.0
2004-04-30,38.72,38.99,38.2,38.79,1090500.0,0.0,1.0
2004-05-03,38.57,39.39,37.82,39.27,1743400.0,0.0,1.0
2004-05-04,39.01,39.31,38.6,38.76,1408100.0,0.0,1.0
2004-05-05,38.54,39.16,38.49,39.1,958600.0,0.0,1.0
2004-05-06,38.7,39.0,38.5,38.81,807000.0,0.0,1.0
2004-05-07,38.37,38.71,37.76,37.76,789400.0,0.0,1.0
2004-05-10,37.36,38.08,37.18,37.55,1216300.0,0.0,1.0
2004-05-11,37.53,37.99,37.33,37.74,807400.0,0.0,1.0
2004-05-12,37.49,37.59,36.4,37.31,1039600.0,0.0,1.0
2004-05-13,37.0,37.09,36.0,36.3,1968700.0,0.0,1.0
2004-05-14,36.03,36.79,36.03,36.32,1623300.0,0.0,1.0
2004-05-17,36.07,36.49,35.32,36.24,1088900.0,0.0,1.0
2004-05-18,36.15,36.67,36.12,36.62,772600.0,0.0,1.0
2004-05-19,36.82,37.19,36.12,36.2,1861300.0,0.0,1.0
2004-05-20,36.4,36.4,35.04,35.72,1545600.0,0.0,1.0
2004-05-21,35.79,36.37,35.58,36.37,1300000.0,0.0,1.0
2004-05-24,36.71,36.96,36.26,36.51,1399300.0,0.0,1.0
2004-05-25,36.41,36.76,36.01,36.73,1379200.0,0.0,1.0
2004-05-26,36.53,37.15,36.53,36.8,593000.0,0.0,1.0
2004-05-27,36.79,37.01,36.41,36.53,880500.0,0.0,1.0
2004-05-28,36.47,37.71,36.39,37.5,1358400.0,0.0,1.0
2004-06-01,37.15,37.58,36.45,37.07,1324600.0,0.0,1.0
2004-06-02,37.07,37.4,36.8,37.11,766600.0,0.0,1.0
2004-06-03,37.05,37.32,36.87,37.04,689200.0,0.0,1.0
2004-06-04,37.2,37.37,36.95,37.07,632100.0,0.0,1.0
2004-06-07,37.09,37.14,36.8,37.01,688000.0,0.0,1.0
2004-06-08,36.83,38.2,36.83,38.01,1594500.0,0.0,1.0
2004-06-09,37.85,38.3,37.41,37.63,697800.0,0.0,1.0
2004-06-10,37.62,37.76,37.42,37.45,643600.0,0.0,1.0
2004-06-14,37.2,37.23,36.86,36.88,855700.0,0.0,1.0
2004-06-15,37.15,37.45,36.9,37.38,821000.0,0.0,1.0
2004-06-16,37.38,37.75,37.22,37.66,619700.0,0.0,1.0
2004-06-17,37.8,38.29,37.37,37.78,921400.0,0.0,1.0
2004-06-18,37.6,38.05,37.35,38.0,1013000.0,0.0,1.0
2004-06-21,37.88,38.01,37.43,37.43,624400.0,0.0,1.0
2004-06-22,37.3,37.65,37.03,37.45,993100.0,0.0,1.0
2004-06-23,37.4,37.46,37.07,37.41,899300.0,0.0,1.0
2004-06-24,37.25,37.81,37.25,37.65,1273100.0,0.0,1.0
2004-06-25,37.64,37.77,37.5,37.62,1056200.0,0.0,1.0
2004-06-28,37.63,37.94,37.19,37.19,684500.0,0.0,1.0
2004-06-29,37.15,37.4,37.1,37.23,669700.0,0.0,1.0
2004-06-30,37.2,37.44,36.45,37.22,1262000.0,0.0,1.0
2004-07-01,37.1,37.49,36.57,37.04,1494200.0,0.0,1.0
2004-07-02,37.04,37.19,36.47,36.62,766100.0,0.0,1.0
2004-07-06,36.38,36.38,35.8,35.88,1202000.0,0.0,1.0
2004-07-07,35.85,36.41,35.75,36.27,1124300.0,0.0,1.0
2004-07-08,36.09,36.17,35.78,35.93,819500.0,0.0,1.0
2004-07-09,35.93,36.23,35.93,36.02,612800.0,0.0,1.0
2004-07-12,36.02,36.86,35.75,36.7,937200.0,0.0,1.0
2004-07-13,36.7,37.12,36.6,37.01,877400.0,0.0,1.0
2004-07-14,37.29,38.9,37.21,37.95,3276300.0,0.1,1.0
2004-07-15,38.33,39.03,38.2,38.9,2358400.0,0.0,1.0
2004-07-16,38.98,39.01,38.36,38.5,1152400.0,0.0,1.0
2004-07-19,38.75,39.13,38.46,39.09,1250800.0,0.0,1.0
2004-07-20,39.01,39.53,38.93,39.25,1761700.0,0.0,1.0
2004-07-21,39.44,39.45,38.34,38.39,1654900.0,0.0,1.0
2004-07-22,37.5,38.29,36.95,38.17,1734800.0,0.0,1.0
2004-07-23,37.97,38.2,37.58,37.91,872400.0,0.0,1.0
2004-07-26,38.0,38.33,37.83,38.12,967500.0,0.0,1.0
2004-07-27,38.15,39.16,38.15,39.03,1200500.0,0.0,1.0
2004-07-28,38.87,38.91,38.18,38.5,883300.0,0.0,1.0
2004-07-29,38.65,38.79,38.12,38.41,656700.0,0.0,1.0
2004-07-30,38.27,38.46,37.86,38.39,910400.0,0.0,1.0
2004-08-02,37.94,38.68,37.94,38.59,934400.0,0.0,1.0
2004-08-03,38.64,38.81,38.19,38.26,818500.0,0.0,1.0
2004-08-04,38.05,38.25,37.48,38.11,697100.0,0.0,1.0
2004-08-05,37.82,38.09,37.07,37.15,852100.0,0.0,1.0
2004-08-06,37.0,37.16,36.58,36.79,952200.0,0.0,1.0
2004-08-09,36.9,37.29,36.75,37.15,893100.0,0.0,1.0
2004-08-10,37.15,37.76,37.0,37.76,779800.0,0.0,1.0
2004-08-11,37.48,37.48,36.97,37.12,776500.0,0.0,1.0
2004-08-12,37.33,37.4,36.44,37.06,1213000.0,0.0,1.0
2004-08-13,37.06,37.56,37.06,37.45,1096600.0,0.0,1.0
2004-08-16,37.45,37.68,37.21,37.39,820200.0,0.0,1.0
2004-08-17,37.25,38.25,37.06,37.88,703300.0,0.0,1.0
2004-08-18,37.89,38.53,37.8,38.46,1161900.0,0.0,1.0
2004-08-19,38.28,38.42,38.07,38.36,825400.0,0.0,1.0
2004-08-20,38.32,39.03,38.2,39.02,542700.0,0.0,1.0
2004-08-23,39.02,39.27,38.61,38.8,507700.0,0.0,1.0
2004-08-24,39.0,39.44,39.0,39.27,928600.0,0.0,1.0
2004-08-25,39.27,39.85,38.96,39.56,1128400.0,0.0,1.0
2004-08-26,39.48,39.83,39.3,39.75,740700.0,0.0,1.0
2004-08-27,39.6,39.86,39.29,39.35,704600.0,0.0,1.0
2004-08-30,39.35,39.51,39.08,39.2,809300.0,0.0,1.0
2004-08-31,39.25,39.71,39.02,39.71,817300.0,0.0,1.0
2004-09-01,39.86,40.15,39.48,40.13,1238600.0,0.0,1.0
2004-09-02,40.03,40.34,39.52,39.97,912000.0,0.0,1.0
2004-09-03,40.08,40.17,39.84,39.95,901000.0,0.0,1.0
2004-09-07,39.95,39.99,39.45,39.77,1143600.0,0.0,1.0
2004-09-08,39.78,40.06,39.32,39.33,1046700.0,0.0,1.0
2004-09-09,40.2,40.7,40.2,40.61,2443800.0,0.0,1.0
2004-09-10,40.42,41.0,40.26,40.91,1030600.0,0.0,1.0
2004-09-13,40.91,41.0,40.63,40.85,647400.0,0.0,1.0
2004-09-14,40.67,40.88,40.3,40.39,1299200.0,0.0,1.0
2004-09-15,40.29,40.57,40.26,40.3,759900.0,0.0,1.0
2004-09-16,40.25,40.71,40.23,40.3,765900.0,0.0,1.0
2004-09-17,40.48,40.84,40.35,40.67,944600.0,0.0,1.0
2004-09-20,40.67,41.0,40.59,40.67,702100.0,0.0,1.0
2004-09-21,40.68,40.76,40.48,40.62,781000.0,0.0,1.0
2004-09-22,40.25,40.26,39.74,40.0,1183500.0,0.0,1.0
2004-09-23,40.01,40.38,39.97,40.17,981600.0,0.0,1.0
2004-09-24,40.15,40.69,40.15,40.59,737700.0,0.0,1.0
2004-09-27,40.43,40.52,40.03,40.16,654400.0,0.0,1.0
2004-09-28,40.34,40.38,40.13,40.3,560000.0,0.0,1.0
2004-09-29,40.25,40.43,40.07,40.43,660100.0,0.0,1.0
2004-09-30,40.33,40.85,40.22,40.66,992200.0,0.0,1.0
2004-10-01,40.4,40.79,40.03,40.39,1149900.0,0.0,1.0
2004-10-04,40.39,41.0,40.22,40.87,1546300.0,0.0,1.0
2004-10-05,40.87,41.66,40.8,41.5,1887100.0,0.0,1.0
2004-10-06,42.2,42.59,41.4,41.56,1833600.0,0.0,1.0
2004-10-07,41.38,42.02,41.37,41.77,1174300.0,0.0,1.0
2004-10-08,41.6,42.08,41.34,41.43,964400.0,0.0,1.0
2004-10-11,41.43,41.57,40.98,41.35,771400.0,0.0,1.0
2004-10-12,41.06,42.06,41.06,42.02,1303500.0,0.0,1.0
2004-10-13,42.19,42.45,41.93,42.21,1591200.0,0.1,1.0
2004-10-14,42.25,42.5,42.12,42.41,1087000.0,0.0,1.0
2004-10-15,42.41,42.95,42.41,42.87,1249800.0,0.0,1.0
2004-10-18,42.6,43.15,41.85,43.11,1233200.0,0.0,1.0
2004-10-19,43.05,43.75,43.01,43.26,2046700.0,0.0,1.0
2004-10-20,43.19,43.52,42.48,43.48,1551300.0,0.0,1.0
2004-10-21,43.17,43.88,43.07,43.5,1799300.0,0.0,1.0
2004-10-22,43.5,43.53,42.81,42.87,856300.0,0.0,1.0
2004-10-25,42.87,42.93,42.43,42.53,931500.0,0.0,1.0
2004-10-26,42.55,43.36,42.5,43.33,1337800.0,0.0,1.0
2004-10-27,43.38,43.56,42.96,43.53,875100.0,0.0,1.0
2004-10-28,43.53,43.68,43.04,43.52,1043400.0,0.0,1.0
2004-10-29,43.3,43.65,43.13,43.5,1156900.0,0.0,1.0
2004-11-01,43.43,43.64,43.25,43.55,1144300.0,0.0,1.0
2004-11-02,43.58,43.87,43.24,43.37,1172000.0,0.0,1.0
2004-11-03,43.68,44.24,43.5,44.24,1769700.0,0.0,1.0
2004-11-04,44.1,46.08,44.06,45.72,2133100.0,0.0,1.0
2004-11-05,45.74,46.17,45.41,46.0,1636500.0,0.0,1.0
2004-11-08,46.0,46.01,45.25,45.36,1844600.0,0.0,1.0
2004-11-09,45.25,45.39,44.76,45.01,1375600.0,0.0,1.0
2004-11-10,45.11,45.99,45.11,45.55,1028000.0,0.0,1.0
2004-11-11,45.55,45.84,45.01,45.62,973900.0,0.0,1.0
2004-11-12,45.48,45.52,44.89,44.95,1433100.0,0.0,1.0
2004-11-15,44.39,45.08,43.86,44.82,1846900.0,0.0,1.0
2004-11-16,44.65,44.68,44.11,44.27,898400.0,0.0,1.0
2004-11-17,44.35,44.96,43.86,43.9,963700.0,0.0,1.0
2004-11-18,44.11,44.3758,43.42,44.15,1199200.0,0.0,1.0
2004-11-19,44.0,44.05,43.57,43.73,736500.0,0.0,1.0
2004-11-22,43.8,44.43,43.64,44.43,756200.0,0.0,1.0
2004-11-23,44.79,45.55,44.7,45.52,1569900.0,0.0,1.0
2004-11-24,45.65,46.13,45.65,45.76,1012400.0,0.0,1.0
2004-11-26,45.87,46.0,45.61,45.79,355200.0,0.0,1.0
2004-11-29,45.98,46.05,45.1,45.61,1377400.0,0.0,1.0
2004-11-30,45.45,45.66,45.35,45.4,1207000.0,0.0,1.0
2004-12-01,45.75,46.97,45.73,46.95,1221800.0,0.0,1.0
2004-12-02,46.15,46.54,45.71,46.45,1831700.0,0.0,1.0
2004-12-03,46.3,46.69,46.23,46.58,2033800.0,0.0,1.0
2004-12-06,46.58,46.67,46.02,46.38,1179600.0,0.0,1.0
2004-12-07,46.39,46.92,46.13,46.14,2146400.0,0.0,1.0
2004-12-08,46.14,46.15,45.27,45.79,3166600.0,0.0,1.0
2004-12-09,45.6,45.98,45.36,45.9,1619800.0,0.0,1.0
2004-12-10,46.73,46.73,45.546,45.86,997100.0,0.0,1.0
2004-12-13,45.88,46.36,45.8,46.18,1092000.0,0.0,1.0
2004-12-14,46.1,46.39,45.94,46.15,1141100.0,0.0,1.0
2004-12-15,46.12,46.75,46.12,46.24,1149300.0,0.0,1.0
2004-12-16,46.1,46.63,46.03,46.31,920200.0,0.0,1.0
2004-12-17,46.05,46.64,46.0,46.33,1591800.0,0.0,1.0
2004-12-20,46.44,46.61,46.15,46.35,1155600.0,0.0,1.0
2004-12-21,46.43,46.7,46.05,46.5,1490900.0,0.0,1.0
2004-12-22,46.35,46.59,45.98,46.13,1440000.0,0.0,1.0
2004-12-23,46.14,46.37,45.94,46.27,579600.0,0.0,1.0
2004-12-27,46.4,46.75,46.09,46.31,403100.0,0.0,1.0
2004-12-28,46.28,47.17,46.28,47.0,825700.0,0.0,1.0
2004-12-29,46.9,47.27,46.9,47.15,676500.0,0.0,1.0
2004-12-30,47.1,47.32,47.02,47.17,686100.0,0.0,1.0
2004-12-31,47.1,47.47,47.06,47.18,547300.0,0.0,1.0
2005-01-03,47.18,47.37,46.69,46.82,1170800.0,0.0,1.0
2005-01-04,46.8,47.09,46.2,46.2,1160600.0,0.0,1.0
2005-01-05,46.28,46.59,45.92,46.09,764500.0,0.0,1.0
2005-01-06,45.81,46.72,45.8,46.61,647900.0,0.0,1.0
2005-01-07,46.57,46.71,46.05,46.35,727300.0,0.0,1.0
2005-01-10,46.15,46.71,45.76,46.36,757800.0,0.0,1.0
2005-01-11,46.02,46.7,45.96,46.51,806700.0,0.0,1.0
2005-01-12,46.33,46.49,45.79,46.04,1062200.0,0.1,1.0
2005-01-13,46.04,46.06,45.31,45.38,938100.0,0.0,1.0
2005-01-14,45.52,45.57,45.04,45.18,1506700.0,0.0,1.0
2005-01-18,44.8,45.88,44.74,45.51,1590200.0,0.0,1.0
2005-01-19,45.45,46.28,45.43,45.88,907300.0,0.0,1.0
2005-01-20,45.53,46.05,45.52,45.65,992900.0,0.0,1.0
2005-01-21,45.65,46.02,45.52,45.52,893200.0,0.0,1.0
2005-01-24,45.45,45.8,45.38,45.48,816200.0,0.0,1.0
2005-01-25,45.5,45.77,45.26,45.58,1098100.0,0.0,1.0
2005-01-26,45.52,45.96,45.51,45.73,1473000.0,0.0,1.0
2005-01-27,45.45,45.79,45.23,45.3,1269700.0,0.0,1.0
2005-01-28,45.05,45.35,44.77,45.12,1262600.0,0.0,1.0
2005-01-31,45.35,46.5,45.35,46.35,1093100.0,0.0,1.0
2005-02-01,46.15,46.31,45.46,45.84,1401900.0,0.0,1.0
2005-02-02,45.9,46.11,45.39,45.62,1434900.0,0.0,1.0
2005-02-03,45.7,46.39,45.56,46.18,958000.0,0.0,1.0
2005-02-04,45.95,46.47,45.62,46.4,1409000.0,0.0,1.0
2005-02-07,46.31,46.52,46.08,46.31,766200.0,0.0,1.0
2005-02-08,46.32,46.52,46.23,46.26,982900.0,0.0,1.0
2005-02-09,45.95,46.13,45.37,45.41,1022900.0,0.0,1.0
2005-02-10,45.72,46.48,45.41,46.35,1295300.0,0.0,1.0
2005-02-11,46.15,47.34,46.1,46.98,1342700.0,0.0,1.0
2005-02-14,47.05,48.07,46.95,47.77,1216600.0,0.0,1.0
2005-02-15,47.6,48.09,47.35,48.07,1196500.0,0.0,1.0
2005-02-16,48.07,48.35,47.81,48.01,2150500.0,0.0,1.0
2005-02-17,48.02,48.13,47.7,48.08,2222100.0,0.0,1.0
2005-02-18,48.0,48.47,48.0,48.19,1240500.0,0.0,1.0
2005-02-22,47.6,47.84,47.05,47.28,1044200.0,0.0,1.0
2005-02-23,47.29,47.52,47.17,47.34,908800.0,0.0,1.0
2005-02-24,46.75,48.21,46.75,48.17,1711800.0,0.0,1.0
2005-02-25,48.25,49.06,48.22,48.89,1397900.0,0.0,1.0
2005-02-28,48.89,49.15,48.48,48.78,974600.0,0.0,1.0
2005-03-01,48.77,49.41,48.69,49.26,1394200.0,0.0,1.0
2005-03-02,49.32,50.55,49.32,50.07,1813800.0,0.0,1.0
2005-03-03,50.1,50.69,49.55,49.9,1672300.0,0.0,1.0
2005-03-04,50.15,50.27,49.55,50.07,1612500.0,0.0,1.0
2005-03-07,50.1,51.73,50.1,51.29,1694900.0,0.0,1.0
2005-03-08,51.2,51.29,50.55,51.06,1261500.0,0.0,1.0
2005-03-09,50.85,50.86,50.04,50.23,1350200.0,0.0,1.0
2005-03-10,50.36,50.6,49.85,50.08,1278500.0,0.0,1.0
2005-03-11,50.03,50.85,49.95,50.8,1192700.0,0.0,1.0
2005-03-14,50.83,51.58,50.58,51.5,1659800.0,0.0,1.0
2005-03-15,51.57,51.85,51.33,51.65,1764300.0,0.0,1.0
2005-03-16,51.4,51.59,50.99,51.27,1493300.0,0.0,1.0
2005-03-17,51.27,51.27,50.34,50.55,1406400.0,0.0,1.0
2005-03-18,50.4,50.63,50.04,50.45,1691900.0,0.0,1.0
2005-03-21,50.26,50.98,49.95,50.95,1019400.0,0.0,1.0
2005-03-22,51.0,51.57,50.76,50.98,1583300.0,0.0,1.0
2005-03-23,51.15,51.18,50.44,50.6,1380800.0,0.0,1.0
2005-03-24,51.25,52.43,50.9,52.32,2478600.0,0.0,1.0
2005-03-28,52.42,53.56,52.42,53.19,2439600.0,0.0,1.0
2005-03-29,53.0,53.22,52.49,52.66,1986200.0,0.0,1.0
2005-03-30,52.29,53.0,52.17,53.0,1178900.0,0.0,1.0
2005-03-31,51.75,52.04,51.31,51.81,2009000.0,0.0,1.0
2005-04-01,51.6,52.28,50.94,51.2,2090700.0,0.0,1.0
2005-04-04,50.96,51.51,50.69,51.46,1088100.0,0.0,1.0
2005-04-05,51.25,51.89,51.25,51.5,1143100.0,0.0,1.0
2005-04-06,51.5,51.89,51.4,51.62,1119800.0,0.0,1.0
2005-04-07,51.67,51.81,51.28,51.51,1212100.0,0.0,1.0
2005-04-08,51.07,51.32,50.6,50.63,1149000.0,0.0,1.0
2005-04-11,50.63,50.63,49.85,50.33,1391200.0,0.0,1.0
2005-04-12,50.06,51.52,49.98,51.25,1235600.0,0.0,1.0
2005-04-13,51.25,51.44,50.59,50.75,1307100.0,0.1,1.0
2005-04-14,50.55,50.88,50.3,50.66,2045000.0,0.0,1.0
2005-04-15,50.41,50.79,50.01,50.21,1787800.0,0.0,1.0
2005-04-18,50.17,50.18,49.36,49.8,1371100.0,0.0,1.0
2005-04-19,50.03,50.41,49.99,50.21,1157600.0,0.0,1.0
2005-04-20,50.21,50.27,49.26,49.3,1801900.0,0.0,1.0
2005-04-21,48.5,49.06,46.66,47.53,5247300.0,0.0,1.0
2005-04-22,47.14,47.99,47.02,47.86,2650700.0,0.0,1.0
2005-04-25,47.91,48.28,47.77,48.22,1961400.0,0.0,1.0
2005-04-26,48.24,49.0,48.06,48.06,1899800.0,0.0,1.0
2005-04-27,47.9,48.1,47.4,47.88,1280700.0,0.0,1.0
2005-04-28,47.25,47.75,46.94,47.09,1968200.0,0.0,1.0
2005-04-29,46.52,47.04,46.14,46.96,1710600.0,0.0,1.0
2005-05-02,46.96,47.56,46.795,47.17,1424500.0,0.0,1.0
2005-05-03,47.25,48.23,47.25,48.0,1648700.0,0.0,1.0
2005-05-04,48.1,48.76,48.09,48.73,1430500.0,0.0,1.0
2005-05-05,48.73,48.78,48.06,48.11,1195700.0,0.0,1.0
2005-05-06,48.22,48.8,48.02,48.2,847400.0,0.0,1.0
2005-05-09,48.25,48.89,47.95,48.55,1211900.0,0.0,1.0
2005-05-10,48.4,48.6,48.09,48.31,657000.0,0.0,1.0
2005-05-11,48.33,48.54,47.87,48.43,876900.0,0.0,1.0
2005-05-12,48.39,48.71,48.05,48.39,834400.0,0.0,1.0
2005-05-13,48.48,48.61,47.54,47.84,1015000.0,0.0,1.0
2005-05-16,47.89,48.54,47.83,47.95,958000.0,0.0,1.0
2005-05-17,47.8,48.24,47.57,48.14,1449700.0,0.0,1.0
2005-05-18,48.98,51.59,48.81,51.46,3497100.0,0.0,1.0
2005-05-19,50.83,51.1,49.98,50.41,2831000.0,0.0,1.0
2005-05-20,50.53,50.65,50.27,50.59,1362800.0,0.0,1.0
2005-05-23,50.56,51.09,50.3,50.82,896500.0,0.0,1.0
2005-05-24,50.8,50.8,50.2,50.37,1018600.0,0.0,1.0
2005-05-25,50.2,50.49,49.78,50.39,864800.0,0.0,1.0
2005-05-26,50.64,51.99,50.6,51.76,1970900.0,0.0,1.0
2005-05-27,51.75,52.0,51.54,51.98,1136000.0,0.0,1.0
2005-05-31,51.55,51.75,51.28,51.29,1530000.0,0.0,1.0
2005-06-01,51.1,51.88,51.1,51.49,1511800.0,0.0,1.0
2005-06-02,51.76,52.62,51.58,52.6,1737600.0,0.0,1.0
2005-06-03,52.37,53.0,51.85,52.04,1179000.0,0.0,1.0
2005-06-06,52.15,52.23,51.81,52.0,804400.0,0.0,1.0
2005-06-07,52.13,52.59,52.0,52.16,1234400.0,0.0,1.0
2005-06-08,52.25,52.4,51.75,51.82,833200.0,0.0,1.0
2005-06-09,51.83,52.51,51.4,52.47,688600.0,0.0,1.0
2005-06-10,52.47,53.23,52.24,53.09,1100600.0,0.0,1.0
2005-06-13,52.85,52.97,52.36,52.57,862900.0,0.0,1.0
2005-06-14,52.57,52.75,52.16,52.67,836700.0,0.0,1.0
2005-06-15,52.84,52.95,52.05,52.42,942500.0,0.0,1.0
2005-06-16,52.42,53.05,52.35,52.94,934400.0,0.0,1.0
2005-06-17,53.3,53.79,53.2,53.32,1529600.0,0.0,1.0
2005-06-20,52.97,53.12,52.58,53.11,4594500.0,0.0,1.0
2005-06-21,52.95,53.52,52.7,53.25,1638700.0,0.0,1.0
2005-06-22,53.2,53.23,52.59,53.04,1683500.0,0.0,1.0
2005-06-23,52.95,53.15,52.39,52.39,997800.0,0.0,1.0
2005-06-24,52.3,52.9896,51.43,51.43,1441800.0,0.0,1.0
2005-06-27,51.5,51.8,51.17,51.26,942500.0,0.0,1.0
2005-06-28,51.3,52.09,51.3,52.04,1036600.0,0.0,1.0
2005-06-29,52.13,52.13,51.62,51.92,514600.0,0.0,1.0
2005-06-30,51.88,52.56,51.85,52.08,1021800.0,0.0,1.0
2005-07-01,52.08,52.15,51.38,51.48,1031200.0,0.0,1.0
2005-07-05,51.32,51.63,51.11,51.28,1070800.0,0.0,1.0
2005-07-06,51.29,51.47,50.746,51.13,889300.0,0.0,1.0
2005-07-07,50.55,51.42,50.1,51.42,860100.0,0.0,1.0
2005-07-08,51.32,52.0,51.03,51.87,1084200.0,0.0,1.0
2005-07-11,52.25,52.27,51.73,52.0,796000.0,0.0,1.0
2005-07-12,52.06,52.5,52.06,52.38,757900.0,0.0,1.0
2005-07-13,52.27,52.27,51.6,51.71,1183500.0,0.115,1.0
2005-07-14,50.85,50.96,48.6,49.85,6134100.0,0.0,1.0
2005-07-15,49.85,51.48,49.75,51.42,2016200.0,0.0,1.0
2005-07-18,51.45,51.99,51.42,51.77,1238600.0,0.0,1.0
2005-07-19,51.9,52.55,51.5,52.48,1396500.0,0.0,1.0
2005-07-20,52.22,53.45,52.2,53.29,1730200.0,0.0,1.0
2005-07-21,53.46,53.46,52.65,52.85,1125000.0,0.0,1.0
2005-07-22,52.98,52.98,52.25,52.77,780200.0,0.0,1.0
2005-07-25,52.77,53.0,52.55,52.8,620400.0,0.0,1.0
2005-07-26,52.93,52.95,52.55,52.6,848700.0,0.0,1.0
2005-07-27,52.61,52.62,51.54,51.63,1194800.0,0.0,1.0
2005-07-28,51.64,52.12,51.6,51.9,857800.0,0.0,1.0
2005-07-29,52.0,52.5,51.89,52.35,1057200.0,0.0,1.0
2005-08-01,52.15,52.29,51.75,51.84,856900.0,0.0,1.0
2005-08-02,51.84,52.19,51.78,52.06,623500.0,0.0,1.0
2005-08-03,51.81,51.83,51.03,51.33,1145700.0,0.0,1.0
2005-08-04,51.3,51.32,50.99,51.22,546500.0,0.0,1.0
2005-08-05,51.22,51.22,49.88,50.15,1158800.0,0.0,1.0
2005-08-08,50.4,50.77,50.14,50.25,840000.0,0.0,1.0
2005-08-09,50.29,50.61,50.15,50.56,591400.0,0.0,1.0
2005-08-10,50.56,51.3,50.56,50.71,617200.0,0.0,1.0
2005-08-11,51.0,52.13,50.91,51.99,1053200.0,0.0,1.0
2005-08-12,51.99,52.0,51.14,51.3,838100.0,0.0,1.0
2005-08-15,51.29,52.1,51.0564,52.06,677300.0,0.0,1.0
2005-08-16,51.98,51.98,51.51,51.62,1162200.0,0.0,1.0
2005-08-17,51.54,51.85,51.47,51.64,786200.0,0.0,1.0
2005-08-18,51.64,51.64,51.11,51.26,620700.0,0.0,1.0
2005-08-19,51.32,51.45,50.88,50.89,653400.0,0.0,1.0
2005-08-22,50.82,51.06,50.16,50.38,1318400.0,0.0,1.0
2005-08-23,50.15,50.43,49.76,50.37,1434100.0,0.0,1.0
2005-08-24,50.1,50.25,48.85,49.0,1576000.0,0.0,1.0
2005-08-25,49.0,49.25,48.96,49.13,1334200.0,0.0,1.0
2005-08-26,49.23,49.23,48.54,48.81,1077400.0,0.0,1.0
2005-08-29,48.5,48.91,48.28,48.79,825300.0,0.0,1.0
2005-08-30,48.5,48.5,46.85,47.24,2780200.0,0.0,1.0
2005-08-31,47.12,47.39,46.62,47.38,2417400.0,0.0,1.0
2005-09-01,47.22,47.38,46.73,46.96,2248100.0,0.0,1.0
2005-09-02,47.2,47.3,46.8,46.86,1756000.0,0.0,1.0
2005-09-06,46.95,48.1,46.95,47.75,2072800.0,0.0,1.0
2005-09-07,49.5,50.75,49.33,50.66,2924400.0,0.0,1.0
2005-09-08,50.3,50.75,49.88,50.58,1571800.0,0.0,1.0
2005-09-09,50.59,51.0,50.52,51.0,634600.0,0.0,1.0
2005-09-12,51.0,51.0,50.44,50.67,630000.0,0.0,1.0
2005-09-13,50.65,50.66,49.88,49.98,1312000.0,0.0,1.0
2005-09-14,50.1,50.5,49.42,49.47,1366500.0,0.0,1.0
2005-09-15,49.55,50.09,49.55,49.99,767000.0,0.0,1.0
2005-09-16,50.13,50.7,49.91,50.58,1467100.0,0.0,1.0
2005-09-19,50.15,50.16,49.75,49.87,1417000.0,0.0,1.0
2005-09-20,49.95,50.18,49.5,49.5,1346400.0,0.0,1.0
2005-09-21,49.26,49.27,47.91,48.31,2001800.0,0.0,1.0
2005-09-22,48.05,48.93,47.89,48.7,2180200.0,0.0,1.0
2005-09-23,49.04,49.32,48.7232,48.94,1018100.0,0.0,1.0
2005-09-26,49.03,49.8,48.367,48.67,1078400.0,0.0,1.0
2005-09-27,48.58,48.58,47.72,48.11,1904600.0,0.0,1.0
2005-09-28,48.5,48.52,47.57,47.57,1517000.0,0.0,1.0
2005-09-29,47.67,47.88,45.99,47.72,2441600.0,0.0,1.0
2005-09-30,47.93,48.45,47.7,48.41,1442500.0,0.0,1.0
2005-10-03,48.05,48.2,47.05,47.41,2406800.0,0.0,1.0
2005-10-04,47.41,48.48,47.41,48.27,1511400.0,0.0,1.0
2005-10-05,49.6,50.9,48.53,48.83,4190300.0,0.0,1.0
2005-10-06,48.65,50.99,48.62,50.19,3167500.0,0.0,1.0
2005-10-07,50.39,51.18,49.97,50.08,2102500.0,0.0,1.0
2005-10-10,50.08,50.09,49.1,49.38,1732600.0,0.0,1.0
2005-10-11,49.14,49.84,49.14,49.6,1996600.0,0.0,1.0
2005-10-12,49.95,50.48,49.62,50.04,2320700.0,0.115,1.0
2005-10-13,50.04,50.15,49.24,49.5,2403700.0,0.0,1.0
2005-10-14,49.75,50.24,49.4,50.0,1677100.0,0.0,1.0
2005-10-17,49.98,50.01,49.46,49.7,1395500.0,0.0,1.0
2005-10-18,49.6,50.0,49.36,49.6,1945000.0,0.0,1.0
2005-10-19,49.61,51.15,49.53,51.0,2305000.0,0.0,1.0
2005-10-20,51.0,52.15,50.63,50.91,2825800.0,0.0,1.0
2005-10-21,51.05,51.86,50.84,51.21,2120400.0,0.0,1.0
2005-10-24,51.34,51.86,51.03,51.47,1619400.0,0.0,1.0
2005-10-25,51.23,52.0,51.04,51.43,1305100.0,0.0,1.0
2005-10-26,50.5,51.35,50.2,50.25,2170300.0,0.0,1.0
2005-10-27,50.1,50.26,48.61,48.77,2587400.0,0.0,1.0
2005-10-28,49.08,50.12,49.04,50.11,2822400.0,0.0,1.0
2005-10-31,50.11,51.23,49.98,50.87,2221700.0,0.0,1.0
2005-11-01,50.87,50.95,50.3,50.37,1269700.0,0.0,1.0
2005-11-02,50.03,50.82,50.0,50.69,1605200.0,0.0,1.0
2005-11-03,51.0,51.85,50.97,51.26,1715400.0,0.0,1.0
2005-11-04,51.39,52.24,50.45,52.17,1687300.0,0.0,1.0
2005-11-07,51.5,52.15,50.67,50.88,2414400.0,0.0,1.0
2005-11-08,50.87,51.0,50.54,50.84,2377100.0,0.0,1.0
2005-11-09,50.63,50.8299,49.4,49.54,3341300.0,0.0,1.0
2005-11-10,49.55,49.8,48.76,49.47,2753800.0,0.0,1.0
2005-11-11,49.18,49.18,47.63,48.5,3811300.0,0.0,1.0
2005-11-14,48.5,49.11,48.4,48.66,1875300.0,0.0,1.0
2005-11-15,47.08,48.1,46.85,47.56,3643100.0,0.0,1.0
2005-11-16,47.55,47.65,46.61,46.7,2901200.0,0.0,1.0
2005-11-17,47.02,47.71,47.02,47.51,3295200.0,0.0,1.0
2005-11-18,47.92,48.83,47.6,48.64,3266800.0,0.0,1.0
2005-11-21,48.63,49.2,48.34,48.95,2256700.0,0.0,1.0
2005-11-22,48.96,49.33,48.6,49.18,1628800.0,0.0,1.0
2005-11-23,49.18,49.68,49.12,49.6,1505200.0,0.0,1.0
2005-11-25,49.56,49.56,48.79,49.05,558300.0,0.0,1.0
2005-11-28,49.35,49.58,48.77,49.1,1423600.0,0.0,1.0
2005-11-29,49.3,49.38,48.952,49.1,1347100.0,0.0,1.0
2005-11-30,49.24,49.3,48.7,48.79,1756600.0,0.0,1.0
2005-12-01,48.79,49.19,47.95,49.18,2378700.0,0.0,1.0
2005-12-02,49.15,49.15,48.72,48.9,1680200.0,0.0,1.0
2005-12-05,48.9,49.15,48.32,48.93,1982400.0,0.0,1.0
2005-12-06,48.85,49.23,48.59,48.65,1949900.0,0.0,1.0
2005-12-07,48.4,48.4,47.89,48.15,2037900.0,0.0,1.0
2005-12-08,48.15,48.57,47.92,48.5,1946400.0,0.0,1.0
2005-12-09,48.43,48.68,48.03,48.13,1219100.0,0.0,1.0
2005-12-12,48.09,48.17,47.54,47.82,1461600.0,0.0,1.0
2005-12-13,47.73,48.15,47.61,47.97,1204800.0,0.0,1.0
2005-12-14,47.7,48.31,47.5,48.17,974400.0,0.0,1.0
2005-12-15,47.95,48.25,47.7,48.02,1102700.0,0.0,1.0
2005-12-16,48.26,48.6,48.19,48.33,1286800.0,0.0,1.0
2005-12-19,48.25,48.29,47.15,47.23,1242800.0,0.0,1.0
2005-12-20,47.2,48.04,46.95,48.03,1465100.0,0.0,1.0
2005-12-21,48.28,48.91,47.82,47.99,1107100.0,0.0,1.0
2005-12-22,48.11,48.58,48.0101,48.42,848200.0,0.0,1.0
2005-12-23,48.59,48.69,48.24,48.3,637300.0,0.0,1.0
2005-12-27,48.3,48.5,47.28,47.42,1001700.0,0.0,1.0
2005-12-28,47.5,47.74,47.12,47.53,761100.0,0.0,1.0
2005-12-29,47.6,47.75,47.42,47.52,428300.0,0.0,1.0
2005-12-30,47.35,47.39,46.5615,46.88,794200.0,0.0,1.0
2006-01-03,47.09,47.1,46.3,46.75,1486600.0,0.0,1.0
2006-01-04,46.75,47.22,46.45,47.15,2589100.0,0.0,1.0
2006-01-05,47.96,49.23,47.96,49.16,2862300.0,0.0,1.0
2006-01-06,50.0,50.3899,48.95,49.02,2521800.0,0.0,1.0
2006-01-09,48.95,49.54,48.9,49.4,1465500.0,0.0,1.0
2006-01-10,49.05,49.55,49.0,49.36,1691700.0,0.0,1.0
2006-01-11,49.19,49.37,48.55,48.85,1040000.0,0.115,1.0
2006-01-12,48.6,48.72,48.06,48.06,1848000.0,0.0,1.0
2006-01-13,48.25,48.65,48.05,48.05,1530800.0,0.0,1.0
2006-01-17,47.9,48.04,47.25,47.46,1484300.0,0.0,1.0
2006-01-18,47.35,48.18,47.3,47.6748,759000.0,0.0,1.0
2006-01-19,47.6,48.14,47.49,47.99,928700.0,0.0,1.0
2006-01-20,47.8,47.94,46.65,47.01,1695300.0,0.0,1.0
2006-01-23,47.1,47.43,46.94,47.3,885500.0,0.0,1.0
2006-01-24,47.41,47.56,46.8,47.54,1109500.0,0.0,1.0
2006-01-25,47.78,48.93,47.76,48.87,1870000.0,0.0,1.0
2006-01-26,49.0,49.19,48.68,48.83,1287900.0,0.0,1.0
2006-01-27,48.97,50.27,48.9,50.23,1628200.0,0.0,1.0
2006-01-30,49.99,50.22,49.23,49.74,1112100.0,0.0,1.0
2006-01-31,49.2,49.71,49.14,49.47,1691500.0,0.0,1.0
2006-02-01,49.15,50.3,49.15,50.2,1452700.0,0.0,1.0
2006-02-02,50.1,50.65,49.76,50.0,1710900.0,0.0,1.0
2006-02-03,50.0,50.59,49.81,50.45,1546400.0,0.0,1.0
2006-02-06,50.21,51.27,50.16,51.17,1732000.0,0.0,1.0
2006-02-07,51.75,52.07,50.32,50.56,2116800.0,0.0,1.0
2006-02-08,50.45,50.55,49.5,49.98,1471400.0,0.0,1.0
2006-02-09,49.85,50.251,49.26,49.28,1828900.0,0.0,1.0
2006-02-10,49.35,50.13,49.28,50.07,1232300.0,0.0,1.0
2006-02-13,49.85,50.18,49.41,50.09,866800.0,0.0,1.0
2006-02-14,50.1,50.73,49.82,50.56,1004600.0,0.0,1.0
2006-02-15,50.2,50.72,49.86,50.59,1277700.0,0.0,1.0
2006-02-16,50.34,50.62,50.15,50.5,1015800.0,0.0,1.0
2006-02-17,50.35,50.48,49.99,50.0,1003200.0,0.0,1.0
2006-02-21,49.9,50.04,48.57,49.13,1746400.0,0.0,1.0
2006-02-22,49.36,49.89,49.26,49.35,1129000.0,0.0,1.0
2006-02-23,49.38,50.1,49.25,49.88,1084000.0,0.0,1.0
2006-02-24,49.8,49.93,49.04,49.75,947800.0,0.0,1.0
2006-02-27,49.85,49.98,49.23,49.44,1142900.0,0.0,1.0
2006-02-28,49.19,49.5,47.63,47.7,2465100.0,0.0,1.0
2006-03-01,47.7,48.86,46.97,48.86,2767100.0,0.0,1.0
2006-03-02,48.83,48.84,47.66,48.1,2366500.0,0.0,1.0
2006-03-03,48.01,48.95,47.92,48.59,1657700.0,0.0,1.0
2006-03-06,48.7,48.7416,48.18,48.36,1661300.0,0.0,1.0
2006-03-07,48.02,48.37,47.44,47.51,1879800.0,0.0,1.0
2006-03-08,47.52,48.8,47.49,48.65,1536200.0,0.0,1.0
2006-03-09,48.65,49.05,48.5,49.0,1420700.0,0.0,1.0
2006-03-10,49.0,49.09,48.66,48.78,1381300.0,0.0,1.0
2006-03-13,48.65,48.98,48.33,48.43,1117300.0,0.0,1.0
2006-03-14,48.2,49.2,47.74,48.97,1108500.0,0.0,1.0
2006-03-15,48.81,48.87,48.38,48.75,1352000.0,0.0,1.0
2006-03-16,48.93,50.3,48.93,50.02,1754900.0,0.0,1.0
2006-03-17,50.5,50.9,50.32,50.45,2721100.0,0.0,1.0
2006-03-20,50.26,50.63,49.94,50.09,988300.0,0.0,1.0
2006-03-21,50.03,50.17,49.61,49.63,999300.0,0.0,1.0
2006-03-22,49.63,49.98,48.67,49.74,1005800.0,0.0,1.0
2006-03-23,49.45,49.5,48.78,48.78,1519200.0,0.0,1.0
2006-03-24,48.65,49.51,48.65,48.79,888400.0,0.0,1.0
2006-03-27,48.79,49.4,48.7,49.1,1283100.0,0.0,1.0
2006-03-28,48.9,49.13,48.71,48.85,1255300.0,0.0,1.0
2006-03-29,48.82,48.833,48.02,48.37,1652400.0,0.0,1.0
2006-03-30,49.1,49.96,48.34,48.78,2415100.0,0.0,1.0
2006-03-31,48.75,49.08,48.65,48.86,1385200.0,0.0,1.0
2006-04-03,48.65,48.88,47.86,47.91,1539700.0,0.0,1.0
2006-04-04,47.72,48.25,47.58,48.01,976300.0,0.0,1.0
2006-04-05,47.99,48.0,47.51,47.66,1219000.0,0.0,1.0
2006-04-06,47.66,48.29,47.45,48.2,1917100.0,0.0,1.0
2006-04-07,48.25,48.56,47.91,47.94,1092700.0,0.0,1.0
2006-04-10,48.0,48.1,47.55,47.63,937200.0,0.0,1.0
2006-04-11,47.75,47.89,47.54,47.7,1328400.0,0.115,1.0
2006-04-12,47.7,47.91,47.34,47.91,1102100.0,0.0,1.0
2006-04-13,47.89,48.0568,47.59,48.02,1111500.0,0.0,1.0
2006-04-17,47.95,48.24,47.72,47.82,1054000.0,0.0,1.0
2006-04-18,47.7,47.9,47.38,47.78,2166100.0,0.0,1.0
2006-04-19,47.65,48.42,47.65,48.06,1241900.0,0.0,1.0
2006-04-20,48.1,48.52,48.09,48.49,1064400.0,0.0,1.0
2006-04-21,48.5,49.6,48.44,49.04,2093400.0,0.0,1.0
2006-04-24,48.79,49.63,48.55,49.6,1816600.0,0.0,1.0
2006-04-25,51.0,51.98,50.79,51.34,5788900.0,0.0,1.0
2006-04-26,51.0,51.6,50.65,51.55,2457400.0,0.0,1.0
2006-04-27,51.56,51.9,50.7,51.8,1564500.0,0.0,1.0
2006-04-28,51.75,52.0,51.37,51.68,1921800.0,0.0,1.0
2006-05-01,51.68,51.8,50.81,50.88,1312200.0,0.0,1.0
2006-05-02,51.0,51.55,50.89,51.2,1490000.0,0.0,1.0
2006-05-03,50.95,51.83,50.95,51.66,1274700.0,0.0,1.0
2006-05-04,51.79,51.98,51.69,51.97,769500.0,0.0,1.0
2006-05-05,51.98,52.75,51.92,52.48,1358300.0,0.0,1.0
2006-05-08,52.49,53.13,52.37,52.88,1108500.0,0.0,1.0
2006-05-09,52.75,52.83,52.44,52.7,923100.0,0.0,1.0
2006-05-10,53.61,54.16,53.5,53.65,1848700.0,0.0,1.0
2006-05-11,53.44,53.45,52.84,53.17,1340700.0,0.0,1.0
2006-05-12,52.92,53.39,52.84,53.17,1449400.0,0.0,1.0
2006-05-15,53.4,53.92,53.2,53.67,1333200.0,0.0,1.0
2006-05-16,53.65,53.79,52.35,52.52,1929300.0,0.0,1.0
2006-05-17,52.6,52.75,52.15,52.68,1478500.0,0.0,1.0
2006-05-18,51.9,53.03,51.9,52.3,1028900.0,0.0,1.0
2006-05-19,52.27,52.54,52.07,52.39,1499400.0,0.0,1.0
2006-05-22,52.39,53.45,51.92,53.23,1599900.0,0.0,1.0
2006-05-23,53.47,53.57,52.02,52.02,1993500.0,0.0,1.0
2006-05-24,51.92,51.92,50.21,50.91,3187000.0,0.0,1.0
2006-05-25,50.92,51.82,50.75,51.8,1154400.0,0.0,1.0
2006-05-26,52.05,52.11,51.18,51.39,1050900.0,0.0,1.0
2006-05-30,51.39,51.41,50.56,50.68,959600.0,0.0,1.0
2006-05-31,50.7,50.79,50.26,50.4,1346600.0,0.0,1.0
2006-06-01,50.41,51.12,50.41,50.9,1636200.0,0.0,1.0
2006-06-02,50.95,51.31,50.8,50.87,1167500.0,0.0,1.0
2006-06-05,50.6,50.79,49.82,49.98,878700.0,0.0,1.0
2006-06-06,49.98,50.56,49.63,50.55,1270700.0,0.0,1.0
2006-06-07,50.6,51.79,50.55,51.6,2901100.0,0.0,1.0
2006-06-08,51.61,51.68,50.92,51.51,2140900.0,0.0,1.0
2006-06-09,51.41,52.0,51.35,51.81,989400.0,0.0,1.0
2006-06-12,51.62,51.74,50.48,50.49,1335400.0,0.0,1.0
2006-06-13,50.53,50.68,49.655,49.67,1105700.0,0.0,1.0
2006-06-14,49.67,50.04,49.46,49.97,1596300.0,0.0,1.0
2006-06-15,50.15,51.5,50.03,51.4,1469500.0,0.0,1.0
2006-06-16,51.42,52.6,51.4,51.91,1763900.0,0.0,1.0
2006-06-19,51.95,52.19,51.46,51.91,1426200.0,0.0,1.0
2006-06-20,51.85,52.31,51.5,51.67,1558700.0,0.0,1.0
2006-06-21,51.46,52.15,51.46,51.84,926400.0,0.0,1.0
2006-06-22,51.5,51.55,50.37,50.45,1462400.0,0.0,1.0
2006-06-23,50.15,50.33,49.86,49.92,1031300.0,0.0,1.0
2006-06-26,49.83,50.24,49.73,49.89,848100.0,0.0,1.0
2006-06-27,49.89,50.13,49.23,49.35,1028700.0,0.0,1.0
2006-06-28,49.45,49.57,48.57,49.06,995100.0,0.0,1.0
2006-06-29,49.5,50.5,49.38,50.38,2044800.0,0.0,1.0
2006-06-30,50.55,50.73,50.2,50.27,1869600.0,0.0,1.0
2006-07-03,50.27,51.04,50.14,50.95,751800.0,0.0,1.0
2006-07-05,50.7,50.82,50.09,50.59,1001900.0,0.0,1.0
2006-07-06,50.66,51.22,50.35,50.86,1020500.0,0.0,1.0
2006-07-07,50.86,51.24,50.34,50.34,1214900.0,0.0,1.0
2006-07-10,50.38,50.95,50.34,50.42,667300.0,0.0,1.0
2006-07-11,50.43,50.45,49.49,50.06,855100.0,0.0,1.0
2006-07-12,50.07,50.23,48.73,48.74,1746500.0,0.15,1.0
2006-07-13,48.74,48.74,47.94,48.22,1703000.0,0.0,1.0
2006-07-14,48.02,48.18,47.5,47.71,1365100.0,0.0,1.0
2006-07-17,47.81,48.64,47.81,48.15,1266800.0,0.0,1.0
2006-07-18,48.9,49.06,47.53,47.6,3526600.0,0.0,1.0
2006-07-19,47.5,49.28,47.38,49.13,3038700.0,0.0,1.0
2006-07-20,47.2,47.45,45.22,46.0,7993200.0,0.0,1.0
2006-07-21,46.07,46.07,44.67,44.93,4029200.0,0.0,1.0
2006-07-24,45.0,45.63,44.72,45.52,3525200.0,0.0,1.0
2006-07-25,45.3,46.02,45.29,45.75,1902600.0,0.0,1.0
2006-07-26,45.75,45.91,44.85,45.58,1706700.0,0.0,1.0
2006-07-27,45.75,46.24,45.36,45.49,1830800.0,0.0,1.0
2006-07-28,45.42,45.45,44.84,45.01,1471300.0,0.0,1.0
2006-07-31,44.85,45.3,44.55,45.0,1863800.0,0.0,1.0
2006-08-01,44.85,45.17,44.21,45.12,1860200.0,0.0,1.0
2006-08-02,45.05,46.12,45.0,45.93,2183400.0,0.0,1.0
2006-08-03,45.93,47.04,45.5,46.86,2178800.0,0.0,1.0
2006-08-04,47.4,47.76,46.7,47.0,1829000.0,0.0,1.0
2006-08-07,46.75,47.01,46.19,46.91,1138800.0,0.0,1.0
2006-08-08,46.8,46.97,46.22,46.3,1273000.0,0.0,1.0
2006-08-09,46.6,46.8,45.66,45.72,1972500.0,0.0,1.0
2006-08-10,45.72,46.74,45.51,46.63,1921000.0,0.0,1.0
2006-08-11,46.45,46.61,46.04,46.15,1397400.0,0.0,1.0
2006-08-14,46.6,47.08,46.53,46.74,1260900.0,0.0,1.0
2006-08-15,47.0,47.87,46.955,47.84,1224400.0,0.0,1.0
2006-08-16,47.713,48.65,47.39,48.54,2415300.0,0.0,1.0
2006-08-17,48.54,49.4,47.88,49.28,1749000.0,0.0,1.0
2006-08-18,49.28,49.29,48.73,49.1,1051200.0,0.0,1.0
2006-08-21,49.11,49.11,48.35,48.66,659900.0,0.0,1.0
2006-08-22,48.5,48.88,48.3,48.39,1311700.0,0.0,1.0
2006-08-23,48.5,48.86,47.61,48.0,1503500.0,0.0,1.0
2006-08-24,48.05,48.08,47.55,47.65,1419600.0,0.0,1.0
2006-08-25,47.65,47.85,47.17,47.52,982300.0,0.0,1.0
2006-08-28,47.4,48.38,47.33,48.12,778200.0,0.0,1.0
2006-08-29,48.08,49.26,48.03,49.26,1240400.0,0.0,1.0
2006-08-30,49.2,49.41,48.87,48.9,966200.0,0.0,1.0
2006-08-31,48.9,49.16,48.8,48.88,500800.0,0.0,1.0
2006-09-01,49.1,49.76,49.09,49.38,730400.0,0.0,1.0
2006-09-05,49.37,49.86,49.22,49.81,869100.0,0.0,1.0
2006-09-06,49.35,49.73,48.75,49.01,1196000.0,0.0,1.0
2006-09-07,48.95,48.95,48.36,48.69,905500.0,0.0,1.0
2006-09-08,48.73,49.68,48.49,49.65,1319700.0,0.0,1.0
2006-09-11,49.66,51.18,49.61,51.18,1641300.0,0.0,1.0
2006-09-12,51.0,52.56,51.0,52.17,2504300.0,0.0,1.0
2006-09-13,52.0,52.66,51.82,52.55,1242300.0,0.0,1.0
2006-09-14,52.35,53.35,51.97,52.99,1755400.0,0.0,1.0
2006-09-15,53.6,53.62,52.52,52.9,1839200.0,0.0,1.0
2006-09-18,52.45,53.36,52.13,52.32,1093100.0,0.0,1.0
2006-09-19,52.25,52.59,51.7,52.51,1979200.0,0.0,1.0
2006-09-20,52.75,53.3,52.54,52.83,1140700.0,0.0,1.0
2006-09-21,52.7,53.26,52.3,52.56,1216300.0,0.0,1.0
2006-09-22,52.57,52.68,51.95,52.49,585100.0,0.0,1.0
2006-09-25,52.65,53.0,51.9,52.75,902700.0,0.0,1.0
2006-09-26,52.55,53.4,52.4,53.4,1135000.0,0.0,1.0
2006-09-27,53.0,53.81,52.801,53.01,1574700.0,0.0,1.0
2006-09-28,53.1,53.3,52.24,52.65,1059300.0,0.0,1.0
2006-09-29,52.49,52.9,52.02,52.05,1129100.0,0.0,1.0
2006-10-02,51.75,53.07,51.69,52.36,1235100.0,0.0,1.0
2006-10-03,52.36,53.26,52.28,52.94,1015300.0,0.0,1.0
2006-10-04,52.95,54.44,52.91,54.44,1514300.0,0.0,1.0
2006-10-05,54.25,54.7,53.9,54.25,1069900.0,0.0,1.0
2006-10-06,53.9,54.33,53.7,54.0,1000200.0,0.0,1.0
2006-10-09,53.6,54.32,53.31,53.99,957600.0,0.0,1.0
2006-10-10,54.0,54.95,53.56,54.76,1459400.0,0.0,1.0
2006-10-11,54.86,55.07,54.37,54.57,2110100.0,0.15,1.0
2006-10-12,55.85,59.73,55.62,59.08,9661200.0,0.0,1.0
2006-10-13,57.95,58.7,57.67,58.03,3628100.0,0.0,1.0
2006-10-16,57.85,58.1636,57.21,57.9,1496900.0,0.0,1.0
2006-10-17,57.55,58.29,57.25,57.96,1168700.0,0.0,1.0
2006-10-18,58.2,58.74,57.69,58.07,1320600.0,0.0,1.0
2006-10-19,58.07,58.19,57.38,57.79,1027200.0,0.0,1.0
2006-10-20,57.8,58.18,57.5,58.05,1529100.0,0.0,1.0
2006-10-23,57.75,60.87,57.69,60.23,4007300.0,0.0,1.0
2006-10-24,60.4,61.84,60.02,60.69,3527500.0,0.0,1.0
2006-10-25,60.69,61.07,59.8,59.99,1361800.0,0.0,1.0
2006-10-26,59.81,60.43,59.48,60.28,1240900.0,0.0,1.0
2006-10-27,59.6,59.72,58.87,58.96,2173600.0,0.0,1.0
2006-10-30,59.0,60.18,58.93,60.1,957000.0,0.0,1.0
2006-10-31,60.3,60.49,59.13,59.46,1499500.0,0.0,1.0
2006-11-01,59.83,59.99,59.33,59.49,1580000.0,0.0,1.0
2006-11-02,59.44,59.49,58.91,59.37,1303200.0,0.0,1.0
2006-11-03,59.55,59.76,57.77,58.02,1469000.0,0.0,1.0
2006-11-06,58.5,59.69,58.44,59.06,1072600.0,0.0,1.0
2006-11-07,59.06,59.5,58.91,59.39,871700.0,0.0,1.0
2006-11-08,59.39,59.59,58.6,59.19,1148500.0,0.0,1.0
2006-11-09,59.35,59.47,58.68,59.35,1525300.0,0.0,1.0
2006-11-10,59.39,60.75,59.3,60.74,1849900.0,0.0,1.0
2006-11-13,61.0,61.24,60.6,60.81,1311300.0,0.0,1.0
2006-11-14,61.06,62.12,60.7,61.89,1543000.0,0.0,1.0
2006-11-15,62.1,63.1,62.0,62.13,1505100.0,0.0,1.0
2006-11-16,62.45,63.07,62.18,62.84,1341000.0,0.0,1.0
2006-11-17,62.65,62.72,61.69,62.0,1657800.0,0.0,1.0
2006-11-20,62.09,62.89,61.565,62.77,1190600.0,0.0,1.0
2006-11-21,62.67,63.0,62.16,62.73,1173100.0,0.0,1.0
2006-11-22,62.82,63.68,62.621,63.47,1193000.0,0.0,1.0
2006-11-24,63.38,63.55,63.02,63.12,388700.0,0.0,1.0
2006-11-27,63.1,63.11,60.82,60.9,2131300.0,0.0,1.0
2006-11-28,60.65,61.95,60.47,61.8,1946700.0,0.0,1.0
2006-11-29,61.64,62.49,61.45,61.6,1640500.0,0.0,1.0
2006-11-30,61.4,61.62,60.81,61.19,1380300.0,0.0,1.0
2006-12-01,61.55,61.93,60.6,60.95,1335600.0,0.0,1.0
2006-12-04,61.1,62.0,60.76,61.63,1548600.0,0.0,1.0
2006-12-05,61.1,63.48,60.86,63.26,3635400.0,0.0,1.0
2006-12-06,63.04,63.06,62.01,62.28,1706300.0,0.0,1.0
2006-12-07,61.25,62.16,60.6,61.08,2768300.0,0.0,1.0
2006-12-08,60.1,60.61,58.54,59.72,5255000.0,0.0,1.0
2006-12-11,59.72,60.93,59.17,59.5,3130500.0,0.0,1.0
2006-12-12,59.05,59.16,57.82,57.98,2696900.0,0.0,1.0
2006-12-13,58.3,58.81,57.82,58.6,1636000.0,0.0,1.0
2006-12-14,58.61,59.06,58.32,58.86,2070400.0,0.0,1.0
2006-12-15,59.19,59.27,58.56,58.68,2040300.0,0.0,1.0
2006-12-18,58.68,59.0,58.36,58.5,1226100.0,0.0,1.0
2006-12-19,58.35,59.08,58.0,58.95,1526300.0,0.0,1.0
2006-12-20,59.1,59.45,58.8,59.05,1494600.0,0.0,1.0
2006-12-21,59.05,59.29,58.51,58.55,1184000.0,0.0,1.0
2006-12-22,58.8,59.28,58.39,58.77,1599500.0,0.0,1.0
2006-12-26,58.5,58.95,58.46,58.74,574400.0,0.0,1.0
2006-12-27,58.99,59.25,58.23,59.19,1272900.0,0.0,1.0
2006-12-28,59.29,59.68,59.0,59.1,643800.0,0.0,1.0
2006-12-29,59.0,59.36,58.65,58.8,589400.0,0.0,1.0
2007-01-03,58.75,59.5,58.35,58.86,1179500.0,0.0,1.0
2007-01-04,58.7,58.97,58.16,58.7,850100.0,0.0,1.0
2007-01-05,58.7,58.86,58.17,58.19,814500.0,0.0,1.0
2007-01-08,57.95,58.37,57.4,58.05,1407900.0,0.0,1.0
2007-01-09,58.05,58.42,57.63,58.12,1928900.0,0.0,1.0
2007-01-10,59.07,59.07,57.78,58.82,1325800.0,0.15,1.0
2007-01-11,59.1,60.11,59.1,60.0,1182300.0,0.0,1.0
2007-01-12,60.0,60.0,59.59,59.87,1400000.0,0.0,1.0
2007-01-16,59.95,60.35,59.86,60.21,1441400.0,0.0,1.0
2007-01-17,60.0,60.38,59.55,59.85,1471700.0,0.0,1.0
2007-01-18,59.84,59.99,59.0,59.11,1714200.0,0.0,1.0
2007-01-19,59.11,59.48,58.96,59.0,1917900.0,0.0,1.0
2007-01-22,59.0,59.21,58.7,59.02,1010200.0,0.0,1.0
2007-01-23,59.08,59.65,58.91,59.18,767800.0,0.0,1.0
2007-01-24,59.18,59.6,59.01,59.44,765500.0,0.0,1.0
2007-01-25,59.33,59.4808,58.9,58.97,1717400.0,0.0,1.0
2007-01-26,59.0,59.34,58.52,59.24,1122600.0,0.0,1.0
2007-01-29,59.21,59.22,58.75,58.88,1610700.0,0.0,1.0
2007-01-30,59.13,59.2,58.82,59.06,903800.0,0.0,1.0
2007-01-31,58.89,60.13,58.86,60.01,1093800.0,0.0,1.0
2007-02-01,60.1,60.64,59.51,59.56,1314900.0,0.0,1.0
2007-02-02,59.88,60.24,59.48,59.67,944700.0,0.0,1.0
2007-02-05,59.59,60.19,59.28,59.58,875900.0,0.0,1.0
2007-02-06,59.65,60.67,59.59,60.52,1079800.0,0.0,1.0
2007-02-07,60.49,61.06,60.26,60.88,1040500.0,0.0,1.0
2007-02-08,60.99,61.0,60.45,60.79,1230100.0,0.0,1.0
2007-02-09,60.79,61.27,60.12,60.49,1148700.0,0.0,1.0
2007-02-12,60.27,60.96,59.83,60.78,1561800.0,0.0,1.0
2007-02-13,60.4,60.87,58.5,59.76,3737400.0,0.0,1.0
2007-02-14,59.76,60.09,59.49,60.03,1373400.0,0.0,1.0
2007-02-15,60.0,60.7,60.0,60.38,1106300.0,0.0,1.0
2007-02-16,60.16,60.49,60.05,60.27,928200.0,0.0,1.0
2007-02-20,60.47,62.09,60.28,62.06,1672500.0,0.0,1.0
2007-02-21,61.85,62.22,61.5,61.61,1775100.0,0.0,1.0
2007-02-22,61.45,61.55,60.73,61.06,1020100.0,0.0,1.0
2007-02-23,60.75,61.0,60.12,60.51,2165500.0,0.0,1.0
2007-02-26,60.5,60.5,59.15,59.22,2256800.0,0.0,1.0
2007-02-27,58.59,58.74,56.47,57.24,2437800.0,0.0,1.0
2007-02-28,57.2,58.3,56.93,57.94,1876700.0,0.0,1.0
2007-03-01,56.67,57.8,55.01,57.13,2609900.0,0.0,1.0
2007-03-02,57.13,57.24,56.45,56.51,1304500.0,0.0,1.0
2007-03-05,56.31,56.95,55.36,55.38,1493900.0,0.0,1.0
2007-03-06,56.47,57.12,55.76,56.63,2088300.0,0.0,1.0
2007-03-07,56.33,57.43,56.25,57.06,2404000.0,0.3,1.0
2007-03-08,57.34,58.0,57.29,57.66,1673700.0,0.0,1.0
2007-03-09,57.9,58.0,57.44,57.72,1061300.0,0.0,1.0
2007-03-12,57.71,58.04,57.28,57.99,1240700.0,0.0,1.0
2007-03-13,57.6,58.06,57.25,57.35,2091400.0,0.0,1.0
2007-03-14,57.5,57.99,57.14,57.6,2231500.0,0.0,1.0
2007-03-15,57.6,58.37,57.28,58.27,1695500.0,0.0,1.0
2007-03-16,58.27,58.6,57.6,57.74,1557100.0,0.0,1.0
2007-03-19,57.98,58.7,57.86,58.68,1192200.0,0.0,1.0
2007-03-20,58.62,59.04,58.55,58.64,978100.0,0.0,1.0
2007-03-21,58.64,59.55,58.28,59.44,868700.0,0.0,1.0
2007-03-22,59.44,59.55,59.01,59.12,593100.0,0.0,1.0
2007-03-23,59.19,59.55,59.0,59.45,522500.0,0.0,1.0
2007-03-26,59.3,59.31,58.22,58.82,1145100.0,0.0,1.0
2007-03-27,58.65,58.85,58.11,58.35,700500.0,0.0,1.0
2007-03-28,58.55,58.55,57.56,58.05,914400.0,0.0,1.0
2007-03-29,58.42,58.69,57.57,57.7,1310900.0,0.0,1.0
2007-03-30,57.7,58.51,57.58,57.76,1566300.0,0.0,1.0
2007-04-02,57.51,58.37,57.41,58.22,1302200.0,0.0,1.0
2007-04-03,58.31,59.07,58.31,58.75,1072700.0,0.0,1.0
2007-04-04,58.56,58.88,58.32,58.46,664700.0,0.0,1.0
2007-04-05,58.3,58.96,58.07,58.83,622900.0,0.0,1.0
2007-04-09,58.89,59.28,58.84,59.03,1012800.0,0.0,1.0
2007-04-10,58.9,59.75,58.76,59.71,1625500.0,0.0,1.0
2007-04-11,59.71,59.96,58.8,58.92,1363900.0,0.0,1.0
2007-04-12,58.68,59.31,58.23,59.2,1058800.0,0.0,1.0
2007-04-13,59.48,59.64,59.13,59.63,942100.0,0.0,1.0
2007-04-16,59.66,61.42,59.66,61.07,1487800.0,0.0,1.0
2007-04-17,61.05,61.26,60.65,60.97,974400.0,0.0,1.0
2007-04-18,60.6,61.22,60.31,61.15,1388800.0,0.0,1.0
2007-04-19,61.1,61.19,60.58,60.68,863300.0,0.0,1.0
2007-04-20,61.0,61.17,60.7,61.07,1271300.0,0.0,1.0
2007-04-23,60.92,61.33,60.74,60.98,652700.0,0.0,1.0
2007-04-24,60.96,61.33,60.19,61.18,1381600.0,0.0,1.0
2007-04-25,61.45,62.01,61.3,62.01,1250100.0,0.0,1.0
2007-04-26,62.28,63.34,62.1,62.4,1664300.0,0.0,1.0
2007-04-27,62.34,63.24,62.12,62.84,1054800.0,0.0,1.0
2007-04-30,62.65,62.78,61.38,61.86,1309300.0,0.0,1.0
2007-05-01,61.5,63.14,61.5,63.12,1691000.0,0.0,1.0
2007-05-02,64.25,69.0,64.25,66.73,4245600.0,0.0,1.0
2007-05-03,66.21,66.55,65.54,66.11,3424700.0,0.0,1.0
2007-05-04,66.63,67.25,66.33,67.01,1843700.0,0.0,1.0
2007-05-07,67.23,67.73,66.4,66.71,1283600.0,0.0,1.0
2007-05-08,66.7,67.19,66.55,66.85,1352000.0,0.0,1.0
2007-05-09,66.9,67.12,66.51,66.97,1193800.0,0.0,1.0
2007-05-10,66.95,67.1,66.17,66.32,1141900.0,0.0,1.0
2007-05-11,66.33,66.73,66.05,66.69,795000.0,0.0,1.0
2007-05-14,66.53,66.95,66.1,66.11,847600.0,0.0,1.0
2007-05-15,66.11,66.98,65.5,65.63,1347900.0,0.0,1.0
2007-05-16,66.09,66.51,65.86,66.22,722200.0,0.0,1.0
2007-05-17,66.88,66.95,65.86,66.35,1467100.0,0.0,1.0
2007-05-18,66.3,67.1,66.0,66.89,1369000.0,0.0,1.0
2007-05-21,66.89,67.3,66.51,67.15,952900.0,0.0,1.0
2007-05-22,67.15,68.04,67.12,67.72,1389600.0,0.0,1.0
2007-05-23,67.76,67.89,66.915,67.03,800100.0,0.0,1.0
2007-05-24,67.56,68.43,66.94,67.02,1671800.0,0.0,1.0
2007-05-25,67.25,67.52,66.9,67.3,714000.0,0.0,1.0
2007-05-29,67.64,67.75,66.51,67.42,1111200.0,0.0,1.0
2007-05-30,67.1,67.37,66.55,67.23,1017900.0,0.0,1.0
2007-05-31,67.68,67.85,67.19,67.72,1076600.0,0.0,1.0
2007-06-01,67.79,68.46,67.57,68.25,971300.0,0.0,1.0
2007-06-04,67.89,68.88,67.71,68.74,909200.0,0.0,1.0
2007-06-05,68.75,68.84,67.85,68.27,1316400.0,0.0,1.0
2007-06-06,67.91,68.04,67.5,67.81,1139000.0,0.0,1.0
2007-06-07,66.98,68.0,66.15,66.21,1929400.0,0.0,1.0
2007-06-08,66.21,67.23,66.1,67.22,1700300.0,0.0,1.0
2007-06-11,67.22,67.94,66.9,67.75,1234500.0,0.0,1.0
2007-06-12,67.36,67.58,66.59,66.84,1097100.0,0.0,1.0
2007-06-13,66.95,67.86,66.88,67.75,1159300.0,0.0,1.0
2007-06-14,67.74,67.93,67.41,67.8,1225300.0,0.0,1.0
2007-06-15,68.71,68.71,68.01,68.22,1379900.0,0.0,1.0
2007-06-18,68.18,68.18,66.96,67.27,1483200.0,0.0,1.0
2007-06-19,67.38,67.89,66.86,67.75,1230500.0,0.0,1.0
2007-06-20,67.76,67.76,66.49,66.62,2396900.0,0.0,1.0
2007-06-21,66.37,66.43,65.05,65.46,1505800.0,0.0,1.0
2007-06-22,65.4,65.56,64.68,64.83,1861300.0,0.0,1.0
2007-06-25,64.84,65.36,64.32,64.6,991700.0,0.0,1.0
2007-06-26,64.9,65.33,64.5,64.57,2330000.0,0.0,1.0
2007-06-27,32.02,32.45,31.57,32.37,1069100.0,0.0,2.0
2007-06-28,32.4,33.05,32.15,32.58,2653100.0,0.0,1.0
2007-06-29,32.81,33.11,32.66,32.72,2671100.0,0.0,1.0
2007-07-02,32.87,33.41,32.87,33.34,2955600.0,0.0,1.0
2007-07-03,33.81,33.96,33.6,33.78,1845600.0,0.0,1.0
2007-07-05,33.67,34.03,33.63,33.77,2404000.0,0.0,1.0
2007-07-06,33.84,34.26,33.77,34.05,1857000.0,0.0,1.0
2007-07-09,34.15,34.3,33.71,33.8,2381400.0,0.0,1.0
2007-07-10,33.75,34.0,32.95,32.95,3949100.0,0.0,1.0
2007-07-11,33.79,34.9,33.61,34.41,9125400.0,0.15,1.0
2007-07-12,34.09,34.53,33.61,34.22,6108100.0,0.0,1.0
2007-07-13,34.3,34.6,34.12,34.48,2860000.0,0.0,1.0
2007-07-16,34.82,34.82,33.67,34.08,3553500.0,0.0,1.0
2007-07-17,34.0,34.4,33.98,34.0,1806500.0,0.0,1.0
2007-07-18,33.91,34.29,33.65,34.25,3171000.0,0.0,1.0
2007-07-19,34.3,34.61,33.936,34.29,2687500.0,0.0,1.0
2007-07-20,34.2,34.71,33.93,34.13,4046500.0,0.0,1.0
2007-07-23,34.37,35.05,34.29,34.8,3692100.0,0.0,1.0
2007-07-24,33.9,34.84,33.8,33.88,2585300.0,0.0,1.0
2007-07-25,34.13,34.2,33.18,33.56,3426800.0,0.0,1.0
2007-07-26,33.27,33.29,31.71,32.15,4259900.0,0.0,1.0
2007-07-27,32.33,32.92,31.76,31.79,3298700.0,0.0,1.0
2007-07-30,31.85,32.38,31.76,32.31,4041500.0,0.0,1.0
2007-07-31,33.43,33.43,31.99,32.04,2634200.0,0.0,1.0
2007-08-01,31.17,32.34,31.17,31.62,3592000.0,0.0,1.0
2007-08-02,30.84,32.14,30.84,31.96,3592600.0,0.0,1.0
2007-08-03,32.05,32.1801,31.28,31.3,2459400.0,0.0,1.0
2007-08-06,31.37,32.07,30.97,32.07,2452200.0,0.0,1.0
2007-08-07,32.85,32.85,31.13,31.92,3197300.0,0.0,1.0
2007-08-08,31.92,32.52,31.31,31.81,3242900.0,0.0,1.0
2007-08-09,30.53,32.13,29.59,30.1,5192300.0,0.0,1.0
2007-08-10,30.88,31.59,29.06,31.19,3918400.0,0.0,1.0
2007-08-13,31.32,31.62,30.57,30.72,2515000.0,0.0,1.0
2007-08-14,30.61,30.87,30.26,30.57,2514000.0,0.0,1.0
2007-08-15,30.57,30.97,29.54,29.62,2513800.0,0.0,1.0
2007-08-16,28.5,30.38,28.37,30.25,4664400.0,0.0,1.0
2007-08-17,31.0,31.5,29.5,31.3,4615600.0,0.0,1.0
2007-08-20,31.52,31.85,30.91,31.24,1993400.0,0.0,1.0
2007-08-21,31.21,31.73,31.12,31.61,1895500.0,0.0,1.0
2007-08-22,32.22,32.29,31.71,32.19,1661200.0,0.0,1.0
2007-08-23,32.46,32.55,31.9,32.21,1614900.0,0.0,1.0
2007-08-24,32.33,33.11,32.26,33.1,1738400.0,0.0,1.0
2007-08-27,33.07,33.35,32.7,32.72,1668500.0,0.0,1.0
2007-08-28,32.51,32.77,32.17,32.27,2406700.0,0.0,1.0
2007-08-29,32.56,32.56,31.55,32.34,2893800.0,0.0,1.0
2007-08-30,31.66,32.61,31.66,32.36,1890900.0,0.0,1.0
2007-08-31,32.61,33.0,32.44,32.72,1518100.0,0.0,1.0
2007-09-04,32.68,32.86,32.26,32.69,1931100.0,0.0,1.0
2007-09-05,32.36,32.86,32.16,32.72,1954300.0,0.0,1.0
2007-09-06,32.66,32.98,32.5,32.54,2155900.0,0.0,1.0
2007-09-07,32.18,32.3,31.62,31.71,2307200.0,0.0,1.0
2007-09-10,31.85,32.08,31.25,31.49,1691500.0,0.0,1.0
2007-09-11,31.69,32.05,31.58,31.88,2033800.0,0.0,1.0
2007-09-12,31.84,31.87,31.37,31.45,1626000.0,0.0,1.0
2007-09-13,31.61,32.4,31.6,32.09,3493700.0,0.0,1.0
2007-09-14,31.94,32.56,31.81,32.5,1807300.0,0.0,1.0
2007-09-17,32.48,32.67,32.24,32.42,1518500.0,0.0,1.0
2007-09-18,32.55,33.72,32.4,33.44,2538000.0,0.0,1.0
2007-09-19,33.68,34.57,33.68,34.25,3023000.0,0.0,1.0
2007-09-20,34.16,34.31,34.0,34.03,1595700.0,0.0,1.0
2007-09-21,34.63,34.99,34.03,34.28,3545000.0,0.0,1.0
2007-09-24,34.2,34.6,33.91,34.13,2009100.0,0.0,1.0
2007-09-25,34.01,34.05,33.32,33.33,3072200.0,0.0,1.0
2007-09-26,33.55,33.6,33.35,33.41,3107900.0,0.0,1.0
2007-09-27,33.6,33.756,33.47,33.69,1507300.0,0.0,1.0
2007-09-28,33.74,34.09,33.52,33.83,1715900.0,0.0,1.0
2007-10-01,34.02,34.63,33.65,34.45,2177500.0,0.0,1.0
2007-10-02,34.52,34.59,34.21,34.27,1831700.0,0.0,1.0
2007-10-03,34.15,34.56,33.99,34.17,2192400.0,0.0,1.0
2007-10-04,34.19,34.25,33.5,33.72,1733200.0,0.0,1.0
2007-10-05,33.99,34.69,33.75,34.35,2315100.0,0.0,1.0
2007-10-08,34.7,36.48,34.56,36.29,10843100.0,0.0,1.0
2007-10-09,38.34,38.34,37.51,38.11,14928200.0,0.0,1.0
2007-10-10,37.25,38.3,37.11,38.11,9540500.0,0.15,1.0
2007-10-11,38.11,38.34,37.1205,37.2,4840400.0,0.0,1.0
2007-10-12,37.41,37.64,37.07,37.24,2836700.0,0.0,1.0
2007-10-15,37.43,37.72,36.76,36.91,2792500.0,0.0,1.0
2007-10-16,36.9,37.67,36.85,37.31,3111300.0,0.0,1.0
2007-10-17,37.75,37.91,37.32,37.53,4466600.0,0.0,1.0
2007-10-18,37.53,37.76,37.22,37.74,3535700.0,0.0,1.0
2007-10-19,37.55,38.0,37.42,37.47,4448100.0,0.0,1.0
2007-10-22,37.05,37.65,36.8901,37.49,2648000.0,0.0,1.0
2007-10-23,37.71,37.9,37.19,37.58,2044600.0,0.0,1.0
2007-10-24,37.33,38.09,37.11,37.95,2938500.0,0.0,1.0
2007-10-25,37.9,39.14,37.88,39.07,4282600.0,0.0,1.0
2007-10-26,39.03,39.37,38.79,39.13,2818900.0,0.0,1.0
2007-10-29,39.39,39.41,38.91,39.12,2671600.0,0.0,1.0
2007-10-30,39.12,40.6,39.12,40.27,4635100.0,0.0,1.0
2007-10-31,40.5,40.5,39.9,40.27,3700000.0,0.0,1.0
2007-11-01,40.14,40.27,38.97,39.08,4706700.0,0.0,1.0
2007-11-02,38.5,39.11,38.0,39.07,5732200.0,0.0,1.0
2007-11-05,39.0,39.05,38.12,38.51,4779100.0,0.0,1.0
2007-11-06,38.84,38.87,38.36,38.87,3189000.0,0.0,1.0
2007-11-07,38.25,38.77,37.88,37.88,4623800.0,0.0,1.0
2007-11-08,37.76,38.66,37.76,38.49,2726000.0,0.0,1.0
2007-11-09,39.11,39.11,37.6,37.78,4909400.0,0.0,1.0
2007-11-12,38.54,38.54,37.62,37.7,3089200.0,0.0,1.0
2007-11-13,37.94,38.23,37.61,38.2,3332700.0,0.0,1.0
2007-11-14,38.48,39.21,37.57,37.76,2793900.0,0.0,1.0
2007-11-15,37.53,38.24,37.5,37.8,2572500.0,0.0,1.0
2007-11-16,38.13,38.24,37.55,38.07,3383800.0,0.0,1.0
2007-11-19,37.91,38.02,37.47,37.8,2467100.0,0.0,1.0
2007-11-20,37.94,38.09,37.25,37.87,2574000.0,0.0,1.0
2007-11-21,37.52,37.72,37.12,37.21,2164200.0,0.0,1.0
2007-11-23,37.5,37.76,37.23,37.65,1108300.0,0.0,1.0
2007-11-26,37.73,37.73,36.8,36.9,2784000.0,0.0,1.0
2007-11-27,36.97,37.1,36.41,36.86,3763500.0,0.0,1.0
2007-11-28,36.8,37.35,36.65,37.19,5586600.0,0.0,1.0
2007-11-29,36.82,37.34,36.74,37.2,2516700.0,0.0,1.0
2007-11-30,37.57,37.86,37.08,37.15,3843900.0,0.0,1.0
2007-12-03,37.26,37.48,36.71,36.87,3815100.0,0.0,1.0
2007-12-04,36.72,37.4,36.72,36.97,3741300.0,0.0,1.0
2007-12-05,37.39,37.4,36.84,37.15,3567400.0,0.0,1.0
2007-12-06,37.14,39.16,37.05,39.05,4144500.0,0.0,1.0
2007-12-07,39.13,39.86,38.98,39.48,3375900.0,0.0,1.0
2007-12-10,39.61,39.75,39.27,39.42,4319900.0,0.0,1.0
2007-12-11,39.45,39.71,38.87,38.87,4250300.0,0.0,1.0
2007-12-12,39.66,39.97,38.84,39.22,4000800.0,0.0,1.0
2007-12-13,39.11,39.58,38.83,39.39,4606500.0,0.0,1.0
2007-12-14,38.86,39.44,38.32,38.39,3693900.0,0.0,1.0
2007-12-17,38.3,38.37,37.5,37.5,2785100.0,0.0,1.0
2007-12-18,37.98,38.51,37.5,38.25,3315500.0,0.0,1.0
2007-12-19,37.9,38.14,37.47,37.93,2838100.0,0.0,1.0
2007-12-20,38.27,38.33,37.02,37.34,3432100.0,0.0,1.0
2007-12-21,37.83,38.57,37.49,38.47,3810100.0,0.0,1.0
2007-12-24,38.79,39.08,38.36,38.66,845600.0,0.0,1.0
2007-12-26,38.6,38.84,38.33,38.71,1409100.0,0.0,1.0
2007-12-27,38.75,38.75,37.94,37.96,1892000.0,0.0,1.0
2007-12-28,38.22,38.72,38.14,38.54,1452300.0,0.0,1.0
2007-12-31,38.49,38.67,37.97,38.27,1391200.0,0.0,1.0
2008-01-02,38.32,38.38,37.66,37.88,2970700.0,0.0,1.0
2008-01-03,38.07,38.22,37.13,37.35,2765600.0,0.0,1.0
2008-01-04,37.11,37.14,36.18,36.82,4354200.0,0.0,1.0
2008-01-07,36.88,37.93,36.82,37.68,4577000.0,0.0,1.0
2008-01-08,37.64,38.12,36.55,36.72,3798400.0,0.0,1.0
2008-01-09,36.65,38.17,36.65,38.17,4622800.0,0.15,1.0
2008-01-10,37.93,39.1,37.73,39.0,4074800.0,0.0,1.0
2008-01-11,38.57,38.7,36.27,36.34,9657200.0,0.0,1.0
2008-01-14,36.96,37.1,35.16,36.83,5663400.0,0.0,1.0
2008-01-15,36.2,36.35,34.68,34.68,7601800.0,0.0,1.0
2008-01-16,34.45,35.25,33.96,34.06,7025400.0,0.0,1.0
2008-01-17,34.1,34.83,33.23,33.47,6554300.0,0.0,1.0
2008-01-18,33.7,34.36,33.0,33.39,5761300.0,0.0,1.0
2008-01-22,31.66,33.71,30.99,33.12,6670500.0,0.0,1.0
2008-01-23,32.79,36.11,32.02,35.83,7647100.0,0.0,1.0
2008-01-24,36.0,37.62,35.77,37.3,7054000.0,0.0,1.0
2008-01-25,37.48,37.73,36.09,36.24,6493800.0,0.0,1.0
2008-01-28,35.87,35.99,34.74,35.65,8107100.0,0.0,1.0
2008-01-29,35.8,36.24,35.4,35.82,5226300.0,0.0,1.0
2008-01-30,35.6,36.0,34.75,34.8,6843200.0,0.0,1.0
2008-01-31,33.8,34.68,32.35,34.16,13698800.0,0.0,1.0
2008-02-01,34.14,35.33,33.9,35.24,8179600.0,0.0,1.0
2008-02-04,35.59,36.15,35.35,35.81,7775400.0,0.0,1.0
2008-02-05,34.86,35.95,34.16,34.76,10869700.0,0.0,1.0
2008-02-06,34.93,35.27,34.03,34.18,6489200.0,0.0,1.0
2008-02-07,33.92,34.75,33.525,34.36,5740000.0,0.0,1.0
2008-02-08,34.22,34.65,33.89,34.15,3614700.0,0.0,1.0
2008-02-11,34.31,34.5,33.83,34.42,3541600.0,0.0,1.0
2008-02-12,34.7,35.5,34.47,34.87,3520700.0,0.0,1.0
2008-02-13,35.36,35.79,35.01,35.71,4229100.0,0.0,1.0
2008-02-14,35.75,35.79,34.68,34.85,2711100.0,0.0,1.0
2008-02-15,34.89,35.31,34.6,35.26,3130300.0,0.0,1.0
2008-02-19,35.64,35.8,34.73,35.03,3054400.0,0.0,1.0
2008-02-20,34.79,35.12,34.6,34.95,3970700.0,0.0,1.0
2008-02-21,35.02,35.27,34.33,34.56,3604300.0,0.0,1.0
2008-02-22,34.63,34.95,34.03,34.85,2814600.0,0.0,1.0
2008-02-25,35.58,36.43,35.03,36.33,4737700.0,0.0,1.0
2008-02-26,36.25,37.11,36.08,36.77,3989200.0,0.0,1.0
2008-02-27,36.6,37.13,36.07,36.22,3517900.0,0.0,1.0
2008-02-28,36.49,36.49,35.28,35.29,2697600.0,0.0,1.0
2008-02-29,35.0,35.12,34.35,34.45,4160500.0,0.0,1.0
2008-03-03,34.58,34.69,33.7,34.62,5397000.0,0.0,1.0
2008-03-04,34.37,35.13,34.2,35.02,6459100.0,0.0,1.0
2008-03-05,35.4,36.22,35.17,36.2,5798000.0,0.0,1.0
2008-03-06,35.95,36.11,35.41,35.85,4828700.0,0.0,1.0
2008-03-07,35.62,35.74,34.8,35.13,4570500.0,0.0,1.0
2008-03-10,35.49,36.01,35.02,35.18,3645400.0,0.0,1.0
2008-03-11,35.67,36.28,34.98,36.23,4880000.0,0.0,1.0
2008-03-12,36.33,37.15,36.23,36.25,4705200.0,0.0,1.0
2008-03-13,35.82,36.9,35.35,36.72,4676000.0,0.0,1.0
2008-03-14,37.0,37.0,35.31,36.03,3756100.0,0.0,1.0
2008-03-17,35.12,36.87,35.02,36.45,3709100.0,0.0,1.0
2008-03-18,36.9,37.71,36.53,37.69,4802600.0,0.0,1.0
2008-03-19,37.8,37.8,36.18,36.2,3260100.0,0.0,1.0
2008-03-20,36.34,37.62,36.2,37.4,7448400.0,0.0,1.0
2008-03-24,37.49,38.18,37.4609,37.91,2683100.0,0.0,1.0
2008-03-25,38.0,38.41,37.57,38.19,2728300.0,0.0,1.0
2008-03-26,38.0,38.15,37.55,37.91,2803500.0,0.0,1.0
2008-03-27,38.44,38.44,37.39,37.43,2899000.0,0.0,1.0
2008-03-28,37.81,37.81,36.69,36.85,2269100.0,0.0,1.0
2008-03-31,36.9,37.39,36.515,37.21,2381600.0,0.0,1.0
2008-04-01,37.58,38.69,37.22,38.66,2512300.0,0.0,1.0
2008-04-02,38.51,39.4,38.32,38.99,3477300.0,0.0,1.0
2008-04-03,38.75,38.94,38.09,38.57,3301800.0,0.0,1.0
2008-04-04,38.83,39.05,38.21,38.88,2137300.0,0.0,1.0
2008-04-07,39.07,39.07,38.29,38.74,2085900.0,0.0,1.0
2008-04-08,38.54,38.62,38.2,38.54,3024200.0,0.0,1.0
2008-04-09,38.54,38.75,37.41,37.58,2294600.0,0.15,1.0
2008-04-10,37.65,38.03,37.31,37.78,2428400.0,0.0,1.0
2008-04-11,37.41,37.87,37.28,37.47,2054400.0,0.0,1.0
2008-04-14,37.5,38.0,37.25,37.58,3006600.0,0.0,1.0
2008-04-15,37.89,38.18,37.34,38.06,2245800.0,0.0,1.0
2008-04-16,38.23,38.46,37.91,38.39,2751800.0,0.0,1.0
2008-04-17,38.35,38.74,37.9,38.68,2163500.0,0.0,1.0
2008-04-18,38.88,40.02,38.86,39.72,3019500.0,0.0,1.0
2008-04-21,39.58,39.58,38.81,39.07,2641400.0,0.0,1.0
2008-04-22,39.0,39.05,38.07,38.49,2980600.0,0.0,1.0
2008-04-23,39.25,40.92,38.54,40.3,6409500.0,0.0,1.0
2008-04-24,40.28,41.18,39.95,40.65,5240700.0,0.0,1.0
2008-04-25,40.77,41.109,40.36,41.05,3697000.0,0.0,1.0
2008-04-28,41.12,41.12,40.62,40.75,3693800.0,0.0,1.0
2008-04-29,40.94,41.09,40.66,40.88,3014800.0,0.0,1.0
2008-04-30,41.27,41.73,40.6,40.68,5033800.0,0.0,1.0
2008-05-01,40.01,41.17,39.8,40.79,3942300.0,0.0,1.0
2008-05-02,41.1,41.17,40.36,40.5,3044400.0,0.0,1.0
2008-05-05,40.78,40.78,40.04,40.44,2736800.0,0.0,1.0
2008-05-06,41.28,41.28,40.28,40.57,2645600.0,0.0,1.0
2008-05-07,40.64,40.73,39.71,39.79,3142100.0,0.0,1.0
2008-05-08,40.0,40.1,39.46,40.03,3219800.0,0.0,1.0
2008-05-09,39.93,40.42,39.59,39.74,1918500.0,0.0,1.0
2008-05-12,39.76,40.7,39.76,40.6,2683300.0,0.0,1.0
2008-05-13,40.62,41.06,40.53,40.94,3749500.0,0.0,1.0
2008-05-14,41.21,41.25,40.81,40.89,3561400.0,0.0,1.0
2008-05-15,40.76,41.45,40.7,41.34,3346000.0,0.0,1.0
2008-05-16,41.59,41.59,40.56,40.83,1881700.0,0.0,1.0
2008-05-19,40.93,41.32,40.66,40.79,2404200.0,0.0,1.0
2008-05-20,40.55,40.58,39.62,39.72,3586600.0,0.0,1.0
2008-05-21,39.86,39.9,38.47,38.5,4173100.0,0.0,1.0
2008-05-22,38.53,39.56,38.53,39.08,2318700.0,0.0,1.0
2008-05-23,38.97,38.97,38.09,38.49,2469000.0,0.0,1.0
2008-05-27,38.34,39.32,38.29,38.96,2179600.0,0.0,1.0
2008-05-28,39.17,39.74,39.15,39.44,2302700.0,0.0,1.0
2008-05-29,39.54,40.11,39.48,40.09,1974700.0,0.0,1.0
2008-05-30,40.15,40.15,39.39,39.7,3261700.0,0.0,1.0
2008-06-02,39.47,39.54,38.64,38.91,2223500.0,0.0,1.0
2008-06-03,39.09,39.6,38.73,39.25,3724800.0,0.0,1.0
2008-06-04,39.15,39.54,38.81,38.99,2307400.0,0.0,1.0
2008-06-05,39.1,39.66,39.03,39.48,2159700.0,0.0,1.0
2008-06-06,39.46,39.46,37.75,37.89,3989900.0,0.0,1.0
2008-06-09,38.21,39.08,37.69,38.03,3576100.0,0.0,1.0
2008-06-10,37.9,38.1,37.42,37.76,4432200.0,0.0,1.0
2008-06-11,37.62,37.62,36.75,36.88,4423200.0,0.0,1.0
2008-06-12,36.91,37.61,36.82,37.11,2812800.0,0.0,1.0
2008-06-13,37.3,38.0,37.12,37.87,2545700.0,0.0,1.0
2008-06-16,37.59,38.14,37.38,37.74,2450400.0,0.0,1.0
2008-06-17,38.01,38.06,37.37,37.39,2047100.0,0.0,1.0
2008-06-18,37.23,37.63,36.88,36.88,3010600.0,0.0,1.0
2008-06-19,36.83,37.6,36.53,37.33,3034900.0,0.0,1.0
2008-06-20,36.53,37.24,36.33,36.53,3212500.0,0.0,1.0
2008-06-23,36.62,36.97,36.13,36.19,5061800.0,0.0,1.0
2008-06-24,36.11,36.62,35.8,36.05,5930300.0,0.0,1.0
2008-06-25,36.17,36.84,36.02,36.29,5729900.0,0.0,1.0
2008-06-26,35.82,35.88,35.09,35.13,5387000.0,0.0,1.0
2008-06-27,35.22,35.48,34.47,35.01,6794100.0,0.0,1.0
2008-06-30,35.05,35.61,34.72,35.09,4526800.0,0.0,1.0
2008-07-01,34.76,35.48,34.5,35.44,6473600.0,0.0,1.0
2008-07-02,35.7,35.82,35.12,35.15,4759200.0,0.0,1.0
2008-07-03,35.37,35.7,35.12,35.41,1983600.0,0.0,1.0
2008-07-07,35.49,35.93,35.15,35.56,4109300.0,0.0,1.0
2008-07-08,35.35,36.24,35.35,36.18,3865400.0,0.0,1.0
2008-07-09,36.14,36.22,35.32,35.39,3127900.0,0.19,1.0
2008-07-10,35.46,35.71,34.82,34.88,5054500.0,0.0,1.0
2008-07-11,34.5,36.16,34.32,35.68,5473400.0,0.0,1.0
2008-07-14,36.04,36.24,35.34,35.72,4183600.0,0.0,1.0
2008-07-15,35.37,35.8785,34.64,35.46,5303600.0,0.0,1.0
2008-07-16,35.34,36.6,35.12,36.47,5547500.0,0.0,1.0
2008-07-17,34.89,35.05,33.0,34.05,13154500.0,0.0,1.0
2008-07-18,34.77,35.46,34.32,35.15,7288100.0,0.0,1.0
2008-07-21,35.29,35.75,34.28,35.02,5073100.0,0.0,1.0
2008-07-22,34.93,35.8599,34.64,35.75,5052200.0,0.0,1.0
2008-07-23,35.73,36.5,35.21,35.95,2880100.0,0.0,1.0
2008-07-24,35.9,35.92,34.2,34.37,5474900.0,0.0,1.0
2008-07-25,34.59,35.06,34.0,34.17,3655700.0,0.0,1.0
2008-07-28,34.17,34.33,33.49,33.78,4766400.0,0.0,1.0
2008-07-29,33.98,35.12,33.67,34.83,3095900.0,0.0,1.0
2008-07-30,35.09,35.92,35.09,35.75,2608700.0,0.0,1.0
2008-07-31,35.79,36.49,35.02,35.82,3919900.0,0.0,1.0
2008-08-01,36.07,36.24,35.21,35.35,2276500.0,0.0,1.0
2008-08-04,35.52,35.98,35.2,35.84,2102800.0,0.0,1.0
2008-08-05,36.0,38.09,35.99,38.07,4252500.0,0.0,1.0
2008-08-06,38.0,38.05,37.15,37.51,2859600.0,0.0,1.0
2008-08-07,37.28,37.28,36.03,36.14,4365800.0,0.0,1.0
2008-08-08,36.11,38.37,36.11,38.22,3747900.0,0.0,1.0
2008-08-11,38.22,39.15,37.81,38.68,2326900.0,0.0,1.0
2008-08-12,38.36,38.56,37.83,38.03,2386000.0,0.0,1.0
2008-08-13,37.91,37.99,36.57,36.88,3284900.0,0.0,1.0
2008-08-14,36.51,37.68,36.0,37.38,3264200.0,0.0,1.0
2008-08-15,36.55,38.0,36.55,37.4,1941400.0,0.0,1.0
2008-08-18,37.58,37.61,36.18,36.4,2288100.0,0.0,1.0
2008-08-19,36.26,36.399,35.66,35.82,1735700.0,0.0,1.0
2008-08-20,35.9,36.12,35.17,35.55,1886200.0,0.0,1.0
2008-08-21,35.08,35.71,35.01,35.57,2529400.0,0.0,1.0
2008-08-22,35.71,36.56,35.71,36.37,1845000.0,0.0,1.0
2008-08-25,36.01,36.17,35.5,35.59,1646700.0,0.0,1.0
2008-08-26,34.5,35.75,34.29,35.62,3735800.0,0.0,1.0
2008-08-27,35.74,35.74,35.0,35.27,1740600.0,0.0,1.0
2008-08-28,35.41,36.65,35.22,36.61,2457400.0,0.0,1.0
2008-08-29,36.26,36.64,35.66,35.68,2011300.0,0.0,1.0
2008-09-02,35.99,37.57,35.99,37.51,4820100.0,0.0,1.0
2008-09-03,37.52,37.8,37.19,37.56,5004300.0,0.0,1.0
2008-09-04,37.4,37.44,36.52,36.62,2828000.0,0.0,1.0
2008-09-05,36.41,37.07,36.02,36.96,3206100.0,0.0,1.0
2008-09-08,37.4,38.94,37.32,38.9,4735600.0,0.0,1.0
2008-09-09,38.93,39.22,38.0,38.01,3881800.0,0.0,1.0
2008-09-10,38.07,38.59,37.65,38.02,3095700.0,0.0,1.0
2008-09-11,37.66,39.14,37.24,39.1,3985500.0,0.0,1.0
2008-09-12,38.61,38.61,37.87,38.05,4649400.0,0.0,1.0
2008-09-15,37.14,38.97,36.9,37.91,3335200.0,0.0,1.0
2008-09-16,36.87,38.9,36.8,38.4,4702800.0,0.0,1.0
2008-09-17,37.92,38.5,37.11,37.16,4229500.0,0.0,1.0
2008-09-18,37.3,39.0,36.64,38.97,3979800.0,0.0,1.0
2008-09-19,39.3,40.25,37.51,39.23,4959000.0,0.0,1.0
2008-09-22,38.76,39.1,37.09,37.23,3256600.0,0.0,1.0
2008-09-23,37.25,37.42,36.0,36.1,4218700.0,0.0,1.0
2008-09-24,36.04,36.09,34.5,34.71,5491100.0,0.0,1.0
2008-09-25,34.96,35.19,33.66,33.83,7737100.0,0.0,1.0
2008-09-26,33.28,34.13,33.0,33.94,3803600.0,0.0,1.0
2008-09-29,33.48,33.87,31.84,32.13,5286300.0,0.0,1.0
2008-09-30,32.51,33.15,31.38,32.61,5674100.0,0.0,1.0
2008-10-01,32.52,33.22,32.03,32.74,3860600.0,0.0,1.0
2008-10-02,32.56,32.88,31.51,31.53,4172800.0,0.0,1.0
2008-10-03,31.87,32.03,30.62,30.79,4914600.0,0.0,1.0
2008-10-06,28.37,29.8,27.9,28.31,8025300.0,0.0,1.0
2008-10-07,28.51,29.8,26.9,27.5,7185200.0,0.0,1.0
2008-10-08,27.0,29.31,26.81,27.8,11938500.0,0.0,1.0
2008-10-09,28.44,28.94,26.61,26.68,6586700.0,0.0,1.0
2008-10-10,25.01,28.53,22.5,27.57,10251500.0,0.0,1.0
2008-10-13,28.58,29.96,28.0,29.18,6696100.0,0.0,1.0
2008-10-14,30.54,30.58,28.11,28.8,4197600.0,0.0,1.0
2008-10-15,28.01,28.375,26.21,26.26,4929000.0,0.19,1.0
2008-10-16,26.42,27.76,25.63,27.67,8136600.0,0.0,1.0
2008-10-17,26.87,28.65,26.3,27.8,4996800.0,0.0,1.0
2008-10-20,28.12,29.14,27.54,29.08,3411900.0,0.0,1.0
2008-10-21,28.68,29.05,27.68,27.83,2620400.0,0.0,1.0
2008-10-22,27.6,27.71,26.25,26.67,5185700.0,0.0,1.0
2008-10-23,26.74,27.34,25.44,26.81,6082400.0,0.0,1.0
2008-10-24,25.0,26.67,24.87,26.02,5052500.0,0.0,1.0
2008-10-27,25.53,27.08,25.16,26.24,6008000.0,0.0,1.0
2008-10-28,27.11,29.29,25.9,29.25,4954300.0,0.0,1.0
2008-10-29,29.25,29.69,28.24,28.48,5579700.0,0.0,1.0
2008-10-30,29.3,29.99,28.66,29.58,3908200.0,0.0,1.0
2008-10-31,29.5,29.6,28.61,29.01,4550800.0,0.0,1.0
2008-11-03,29.01,29.76,28.82,29.6,3028200.0,0.0,1.0
2008-11-04,30.15,30.74,29.78,30.6,3381000.0,0.0,1.0
2008-11-05,30.26,30.42,28.0,28.33,4884600.0,0.0,1.0
2008-11-06,28.03,28.7635,26.96,27.06,4781800.0,0.0,1.0
2008-11-07,27.29,27.45,26.84,27.33,5007300.0,0.0,1.0
2008-11-10,28.02,28.99,26.43,26.66,4761800.0,0.0,1.0
2008-11-11,26.34,26.52,25.66,25.87,4047700.0,0.0,1.0
2008-11-12,25.5,25.84,24.95,25.12,4457400.0,0.0,1.0
2008-11-13,25.24,26.07,23.55,26.06,8573100.0,0.0,1.0
2008-11-14,25.52,26.26,24.85,24.98,3900500.0,0.0,1.0
2008-11-17,25.02,26.49,24.97,25.5,5328500.0,0.0,1.0
2008-11-18,25.23,25.99,24.45,25.37,3971300.0,0.0,1.0
2008-11-19,25.34,25.98,24.42,24.46,4504200.0,0.0,1.0
2008-11-20,24.14,24.59,22.21,22.25,9131800.0,0.0,1.0
2008-11-21,22.65,24.34,21.5,24.22,9687300.0,0.0,1.0
2008-11-24,24.58,25.93,24.193,25.32,6302200.0,0.0,1.0
2008-11-25,25.81,26.58,24.85,25.59,5157700.0,0.0,1.0
2008-11-26,25.15,26.87,25.04,26.74,3021800.0,0.0,1.0
2008-11-28,26.57,26.95,26.57,26.94,1674500.0,0.0,1.0
2008-12-01,26.41,26.46,24.91,24.97,4103600.0,0.0,1.0
2008-12-02,25.21,25.45,24.31,25.23,4227100.0,0.0,1.0
2008-12-03,25.0,27.19,24.75,27.04,4704200.0,0.0,1.0
2008-12-04,26.71,28.22,26.59,27.71,5670000.0,0.0,1.0
2008-12-05,27.76,29.13,26.71,29.0,7259900.0,0.0,1.0
2008-12-08,29.52,29.81,28.73,28.91,4733300.0,0.0,1.0
2008-12-09,28.89,28.89,27.66,28.05,3868000.0,0.0,1.0
2008-12-10,28.04,29.98,27.89,29.91,5847900.0,0.0,1.0
2008-12-11,29.72,30.0,27.74,28.19,5064900.0,0.0,1.0
2008-12-12,27.5,28.19,27.0,27.86,4735400.0,0.0,1.0
2008-12-15,27.89,28.44,27.57,28.13,4955000.0,0.0,1.0
2008-12-16,28.38,30.0,28.09,29.96,4982400.0,0.0,1.0
2008-12-17,29.5,30.97,29.42,30.54,5016200.0,0.0,1.0
2008-12-18,30.62,31.07,29.56,30.04,3169800.0,0.0,1.0
2008-12-19,30.91,30.92,29.82,30.39,4940700.0,0.0,1.0
2008-12-22,30.27,30.7,29.6,30.22,2457600.0,0.0,1.0
2008-12-23,30.29,31.4,29.83,30.13,2848300.0,0.0,1.0
2008-12-24,30.26,30.59,30.06,30.39,878800.0,0.0,1.0
2008-12-26,30.39,30.71,29.95,30.28,937000.0,0.0,1.0
2008-12-29,30.36,30.83,29.52,29.91,2385400.0,0.0,1.0
2008-12-30,30.31,30.92,30.31,30.91,2764800.0,0.0,1.0
2008-12-31,30.98,31.7,30.81,31.5,2912100.0,0.0,1.0
2009-01-02,31.82,32.13,31.42,32.0,2596800.0,0.0,1.0
2009-01-05,32.02,33.0,31.81,32.87,4798400.0,0.0,1.0
2009-01-06,32.85,33.44,32.54,32.81,3568900.0,0.0,1.0
2009-01-07,32.28,32.62,31.41,31.64,3844100.0,0.0,1.0
2009-01-08,31.33,31.55,30.73,31.49,3664800.0,0.0,1.0
2009-01-09,31.48,31.5,30.55,30.62,3375500.0,0.0,1.0
2009-01-12,30.49,30.93,30.17,30.52,3635300.0,0.0,1.0
2009-01-13,30.52,30.9,29.65,29.89,3483000.0,0.0,1.0
2009-01-14,29.36,29.36,28.32,28.7,3802500.0,0.19,1.0
2009-01-15,28.62,30.0,28.28,29.55,4013800.0,0.0,1.0
2009-01-16,29.92,30.15,29.13,29.91,3158900.0,0.0,1.0
2009-01-20,29.76,30.0,28.59,28.66,4293200.0,0.0,1.0
2009-01-21,29.13,29.33,28.28,29.12,4110800.0,0.0,1.0
2009-01-22,29.07,30.32,28.7,29.68,3927900.0,0.0,1.0
2009-01-23,29.01,29.58,28.54,29.08,3510600.0,0.0,1.0
2009-01-26,29.15,29.25,27.62,28.62,7418700.0,0.0,1.0
2009-01-27,28.78,29.2925,28.52,29.12,2894000.0,0.0,1.0
2009-01-28,29.68,30.47,29.36,30.22,4367200.0,0.0,1.0
2009-01-29,29.93,30.3,29.45,29.55,3682700.0,0.0,1.0
2009-01-30,29.62,29.63,28.4,28.62,4505600.0,0.0,1.0
2009-02-02,28.22,28.25,27.45,27.57,6769600.0,0.0,1.0
2009-02-03,27.67,28.48,27.31,28.27,5720200.0,0.0,1.0
2009-02-04,27.61,29.2,27.61,28.1,5393500.0,0.0,1.0
2009-02-05,28.03,29.4,27.7,29.29,6214300.0,0.0,1.0
2009-02-06,29.28,30.29,29.17,30.08,4646200.0,0.0,1.0
2009-02-09,30.12,30.45,29.32,30.29,3384000.0,0.0,1.0
2009-02-10,29.94,30.29,28.72,28.9,4195100.0,0.0,1.0
2009-02-11,29.12,29.21,28.46,28.97,3149400.0,0.0,1.0
2009-02-12,28.1,29.61,28.1,29.48,5062900.0,0.0,1.0
2009-02-13,29.39,29.71,29.1,29.14,3278900.0,0.0,1.0
2009-02-17,28.07,29.0,27.56,28.63,5120600.0,0.0,1.0
2009-02-18,28.89,29.17,28.44,28.94,5111700.0,0.0,1.0
2009-02-19,29.06,29.642,28.49,28.63,4011000.0,0.0,1.0
2009-02-20,28.16,28.49,27.68,28.13,6082600.0,0.0,1.0
2009-02-23,28.595,28.595,27.35,27.45,5894400.0,0.0,1.0
2009-02-24,27.63,28.36,27.63,28.1,6871200.0,0.0,1.0
2009-02-25,27.9,28.36,27.6,27.73,6881300.0,0.0,1.0
2009-02-26,27.96,28.17,26.69,26.7,5206800.0,0.0,1.0
2009-02-27,26.14,26.76,26.02,26.28,6619600.0,0.0,1.0
2009-03-02,25.72,26.27,24.9,24.96,7053100.0,0.0,1.0
2009-03-03,25.33,25.5,24.35,24.61,7139800.0,0.0,1.0
2009-03-04,25.03,26.09,24.92,25.71,6048500.0,0.0,1.0
2009-03-05,25.19,25.65,24.56,24.65,6375200.0,0.0,1.0
2009-03-06,24.7,24.9,23.97,24.5,5718800.0,0.0,1.0
2009-03-09,24.03,24.41,23.37,23.47,6176500.0,0.0,1.0
2009-03-10,23.94,25.0,23.66,24.94,5817900.0,0.0,1.0
2009-03-11,25.06,25.64,24.48,25.4,5540000.0,0.0,1.0
2009-03-12,25.4,26.9,25.07,26.73,5567300.0,0.0,1.0
2009-03-13,26.99,27.07,26.4,26.98,3820300.0,0.0,1.0
2009-03-16,27.16,27.43,26.58,26.65,4239200.0,0.0,1.0
2009-03-17,26.62,27.4,26.49,27.38,4116500.0,0.0,1.0
2009-03-18,27.26,27.86,26.91,27.62,5958000.0,0.0,1.0
2009-03-19,27.97,27.97,26.63,27.12,5022500.0,0.0,1.0
2009-03-20,27.25,27.43,26.25,26.61,5113700.0,0.0,1.0
2009-03-23,27.11,28.61,26.77,28.59,5075700.0,0.0,1.0
2009-03-24,28.3,28.9801,28.07,28.12,4393600.0,0.0,1.0
2009-03-25,28.3,28.49,27.56,28.43,4275300.0,0.0,1.0
2009-03-26,28.73,29.88,28.39,29.86,5336400.0,0.0,1.0
2009-03-27,29.54,29.54,28.67,28.79,3893600.0,0.0,1.0
2009-03-30,28.26,28.31,27.44,27.66,5649600.0,0.0,1.0
2009-03-31,27.99,27.99,27.4,27.48,6371400.0,0.0,1.0
2009-04-01,27.17,28.38,27.08,28.3,5138700.0,0.0,1.0
2009-04-02,28.81,30.96,28.54,30.03,9325700.0,0.0,1.0
2009-04-03,29.92,30.33,29.7,30.33,3930200.0,0.0,1.0
2009-04-06,29.75,30.14,29.55,29.85,3196900.0,0.0,1.0
2009-04-07,29.43,29.43,28.66,28.78,3093800.0,0.19,1.0
2009-04-08,28.95,29.53,28.9,29.53,3498500.0,0.0,1.0
2009-04-09,30.14,30.46,29.97,30.28,5189200.0,0.0,1.0
2009-04-13,30.35,30.35,29.83,29.99,3863700.0,0.0,1.0
2009-04-14,29.81,30.0,29.48,29.5,6290500.0,0.0,1.0
2009-04-15,30.0,30.53,29.26,30.26,8067200.0,0.0,1.0
2009-04-16,30.51,32.1,30.28,31.82,5937100.0,0.0,1.0
2009-04-17,31.96,32.61,31.92,32.07,6505700.0,0.0,1.0
2009-04-20,31.9,31.9,31.22,31.33,5039900.0,0.0,1.0
2009-04-21,31.04,32.29,31.04,32.17,5192700.0,0.0,1.0
2009-04-22,32.78,32.96,31.54,32.09,7849000.0,0.0,1.0
2009-04-23,33.77,35.2,33.55,34.52,12164200.0,0.0,1.0
2009-04-24,34.64,35.24,34.11,34.87,6925700.0,0.0,1.0
2009-04-27,33.71,35.0,33.63,34.53,5587400.0,0.0,1.0
2009-04-28,33.54,34.36,33.54,33.81,5351900.0,0.0,1.0
2009-04-29,33.95,34.31,33.59,33.84,5233800.0,0.0,1.0
2009-04-30,34.22,34.56,33.16,33.35,5236000.0,0.0,1.0
2009-05-01,33.38,33.6872,32.87,33.1,4477500.0,0.0,1.0
2009-05-04,33.48,34.25,32.83,34.05,7375100.0,0.0,1.0
2009-05-05,33.79,35.36,33.79,35.21,6348800.0,0.0,1.0
2009-05-06,35.5,35.5,34.23,35.35,8178700.0,0.0,1.0
2009-05-07,35.51,35.67,33.63,33.94,5957400.0,0.0,1.0
2009-05-08,34.3,34.45,33.22,33.92,4564900.0,0.0,1.0
2009-05-11,33.54,34.09,33.3,33.7,4187500.0,0.0,1.0
2009-05-12,33.94,34.0,32.66,32.94,4562200.0,0.0,1.0
2009-05-13,32.5,32.55,31.54,31.61,4399400.0,0.0,1.0
2009-05-14,31.72,32.75,31.72,32.17,5342200.0,0.0,1.0
2009-05-15,32.16,33.68,32.16,33.16,7447300.0,0.0,1.0
2009-05-18,33.54,34.51,33.07,34.47,5199100.0,0.0,1.0
2009-05-19,34.5,34.71,33.92,34.37,5671200.0,0.0,1.0
2009-05-20,34.57,35.0,33.75,33.91,4621000.0,0.0,1.0
2009-05-21,33.46,33.72,32.935,33.21,4571000.0,0.0,1.0
2009-05-22,33.54,34.385,33.09,33.85,5676500.0,0.0,1.0
2009-05-26,34.0,35.32,33.86,34.95,6787900.0,0.0,1.0
2009-05-27,35.0,35.22,34.12,34.22,4587300.0,0.0,1.0
2009-05-28,34.12,34.75,33.39,34.08,3436200.0,0.0,1.0
2009-05-29,34.31,34.63,33.72,34.63,2899600.0,0.0,1.0
2009-06-01,34.99,35.96,34.86,35.89,5200000.0,0.0,1.0
2009-06-02,36.04,36.75,35.78,36.44,4381500.0,0.0,1.0
2009-06-03,36.09,36.67,35.83,36.64,3733400.0,0.0,1.0
2009-06-04,36.56,36.64,35.58,35.81,4741700.0,0.0,1.0
2009-06-05,36.22,36.22,35.42,35.76,3606500.0,0.0,1.0
2009-06-08,35.46,36.0,34.84,35.74,3280600.0,0.0,1.0
2009-06-09,35.79,36.17,35.37,35.61,2339100.0,0.0,1.0
2009-06-10,35.79,36.11,34.39,34.77,4286400.0,0.0,1.0
2009-06-11,34.76,35.12,34.17,34.2,3540300.0,0.0,1.0
2009-06-12,34.08,35.05,33.98,35.01,3777300.0,0.0,1.0
2009-06-15,34.72,34.72,34.07,34.54,3675100.0,0.0,1.0
2009-06-16,34.73,34.73,33.63,33.86,2885800.0,0.0,1.0
2009-06-17,33.86,34.42,33.6,34.01,3624700.0,0.0,1.0
2009-06-18,34.12,34.66,33.8,34.06,2459000.0,0.0,1.0
2009-06-19,34.38,34.85,34.19,34.48,4741600.0,0.0,1.0
2009-06-22,34.17,34.32,33.05,33.38,4654400.0,0.0,1.0
2009-06-23,33.47,33.5,32.59,32.69,3754400.0,0.0,1.0
2009-06-24,33.43,33.43,32.24,32.57,6373100.0,0.0,1.0
2009-06-25,32.46,33.9,32.46,33.64,4756300.0,0.0,1.0
2009-06-26,33.47,33.56,32.95,33.23,5769400.0,0.0,1.0
2009-06-29,33.37,33.57,32.82,33.32,3533000.0,0.0,1.0
2009-06-30,33.39,33.72,33.05,33.34,5044100.0,0.0,1.0
2009-07-01,34.74,35.43,34.32,35.02,6301200.0,0.0,1.0
2009-07-02,34.86,34.9,34.25,34.49,4746900.0,0.0,1.0
2009-07-06,34.09,35.13,34.05,34.85,4492400.0,0.0,1.0
2009-07-07,35.13,35.13,34.4,34.5,3702500.0,0.0,1.0
2009-07-08,34.62,35.32,34.61,35.21,6280900.0,0.0,1.0
2009-07-09,35.32,35.36,34.62,35.0,3542000.0,0.0,1.0
2009-07-10,34.85,35.4794,34.59,34.98,3516700.0,0.0,1.0
2009-07-13,35.28,35.75,34.62,35.67,4515400.0,0.0,1.0
2009-07-14,35.96,36.65,35.46,36.23,8348700.0,0.0,1.0
2009-07-15,34.4,34.79,33.62,34.05,24315500.0,0.19,1.0
2009-07-16,34.04,34.27,33.34,33.65,9835200.0,0.0,1.0
2009-07-17,33.64,33.99,33.36,33.61,5131000.0,0.0,1.0
2009-07-20,33.71,33.9,33.52,33.7,4007900.0,0.0,1.0
2009-07-21,33.73,34.0,33.25,33.38,4810700.0,0.0,1.0
2009-07-22,33.28,34.19,33.28,33.68,3789500.0,0.0,1.0
2009-07-23,33.42,34.09,33.19,33.71,5627100.0,0.0,1.0
2009-07-24,33.53,34.03,33.28,33.9,5789400.0,0.0,1.0
2009-07-27,33.73,34.06,33.44,34.05,5404400.0,0.0,1.0
2009-07-28,33.82,34.26,33.66,33.99,4798600.0,0.0,1.0
2009-07-29,33.86,34.39,33.7,33.95,5842600.0,0.0,1.0
2009-07-30,34.8,35.46,34.44,35.3,7246800.0,0.0,1.0
2009-07-31,35.35,35.82,35.35,35.46,4677500.0,0.0,1.0
2009-08-03,35.82,35.95,35.48,35.74,4933100.0,0.0,1.0
2009-08-04,35.61,36.4,35.53,36.24,4749900.0,0.0,1.0
2009-08-05,36.37,36.96,36.15,36.56,4478600.0,0.0,1.0
2009-08-06,36.43,36.49,35.795,36.05,5090700.0,0.0,1.0
2009-08-07,36.39,36.67,36.09,36.56,3169200.0,0.0,1.0
2009-08-10,36.37,36.56,36.2,36.53,2286500.0,0.0,1.0
2009-08-11,35.66,35.88,34.56,35.13,8073500.0,0.0,1.0
2009-08-12,35.04,35.75,35.03,35.2,3068900.0,0.0,1.0
2009-08-13,35.23,35.29,34.65,35.1,2847600.0,0.0,1.0
2009-08-14,35.14,35.31,34.44,34.94,3212500.0,0.0,1.0
2009-08-17,34.39,34.62,34.07,34.5,3892400.0,0.0,1.0
2009-08-18,34.68,34.9,34.46,34.86,3588700.0,0.0,1.0
2009-08-19,34.52,35.08,34.41,34.93,2532200.0,0.0,1.0
2009-08-20,34.95,35.31,34.89,35.28,2922700.0,0.0,1.0
2009-08-21,35.57,36.06,35.28,36.02,3196200.0,0.0,1.0
2009-08-24,36.02,36.16,35.1,35.15,3221300.0,0.0,1.0
2009-08-25,35.47,35.95,34.99,35.17,3830800.0,0.0,1.0
2009-08-26,35.21,35.36,34.76,35.03,2873900.0,0.0,1.0
2009-08-27,35.0,35.0,34.44,34.9,2644300.0,0.0,1.0
2009-08-28,34.99,35.19,34.77,34.92,4364000.0,0.0,1.0
2009-08-31,34.63,34.77,33.96,34.25,3810000.0,0.0,1.0
2009-09-01,34.24,34.39,33.65,33.72,4440800.0,0.0,1.0
2009-09-02,33.61,33.72,33.29,33.36,4604700.0,0.0,1.0
2009-09-03,33.54,33.84,33.06,33.57,4259600.0,0.0,1.0
2009-09-04,33.66,34.08,33.39,34.04,1936600.0,0.0,1.0
2009-09-08,34.32,34.45,33.97,34.19,1904100.0,0.0,1.0
2009-09-09,33.87,33.89,33.0,33.6,8415700.0,0.0,1.0
2009-09-10,33.6,33.71,33.17,33.53,6238400.0,0.0,1.0
2009-09-11,33.53,33.56,32.85,33.4,7302200.0,0.0,1.0
2009-09-14,33.12,33.6,33.12,33.46,5226700.0,0.0,1.0
2009-09-15,33.39,33.96,33.39,33.62,6396200.0,0.0,1.0
2009-09-16,33.7,34.12,33.59,34.01,5385500.0,0.0,1.0
2009-09-17,33.95,34.42,33.95,34.2,5736600.0,0.0,1.0
2009-09-18,34.44,34.93,34.25,34.74,4907900.0,0.0,1.0
2009-09-21,34.04,34.35,33.73,33.8,5867800.0,0.0,1.0
2009-09-22,33.89,33.98,33.49,33.53,3108300.0,0.0,1.0
2009-09-23,33.53,33.59,32.93,32.93,4162200.0,0.0,1.0
2009-09-24,33.08,33.27,32.66,33.13,5068800.0,0.0,1.0
2009-09-25,33.06,33.06,32.5,32.5,4965400.0,0.0,1.0
2009-09-28,32.58,33.0,32.53,32.81,3967000.0,0.0,1.0
2009-09-29,32.81,33.15,32.68,32.78,4058800.0,0.0,1.0
2009-09-30,32.63,34.21,32.52,33.76,12289100.0,0.0,1.0
2009-10-01,33.71,33.85,33.11,33.13,7948900.0,0.0,1.0
2009-10-02,32.8,33.38,32.69,33.15,5749000.0,0.0,1.0
2009-10-05,33.57,34.95,33.57,34.85,13081100.0,0.0,1.0
2009-10-06,34.78,35.28,34.73,34.86,10463500.0,0.0,1.0
2009-10-07,34.79,35.11,33.86,34.37,15637900.0,0.0,1.0
2009-10-08,34.52,34.81,34.48,34.52,6193500.0,0.0,1.0
2009-10-09,34.44,35.04,34.184,35.0,4951400.0,0.0,1.0
2009-10-12,35.15,35.52,35.04,35.34,3871400.0,0.0,1.0
2009-10-13,35.29,35.46,34.77,34.92,5881000.0,0.0,1.0
2009-10-14,35.06,35.14,34.35,34.81,6336300.0,0.21,1.0
2009-10-15,34.65,35.45,34.57,35.36,8925100.0,0.0,1.0
2009-10-16,34.74,35.5,34.74,35.25,6495100.0,0.0,1.0
2009-10-19,35.18,35.89,35.1,35.82,4109800.0,0.0,1.0
2009-10-20,35.81,35.98,35.06,35.12,5018300.0,0.0,1.0
2009-10-21,35.17,35.52,34.54,34.55,5687700.0,0.0,1.0
2009-10-22,34.77,35.15,34.55,35.0,4522200.0,0.0,1.0
2009-10-23,35.14,35.14,34.1,34.29,4495900.0,0.0,1.0
2009-10-26,34.38,34.39,33.86,34.0,4578000.0,0.0,1.0
2009-10-27,34.09,34.15,33.62,33.91,5138800.0,0.0,1.0
2009-10-28,33.85,34.25,33.44,33.5,4392300.0,0.0,1.0
2009-10-29,33.7,34.02,33.52,33.74,5628400.0,0.0,1.0
2009-10-30,33.78,34.0,32.95,32.95,8179000.0,0.0,1.0
2009-11-02,33.26,33.69,32.78,33.12,10198100.0,0.0,1.0
2009-11-03,32.9,33.5,32.84,33.06,5582200.0,0.0,1.0
2009-11-04,33.22,34.1,33.13,33.79,8416400.0,0.0,1.0
2009-11-05,34.06,34.83,34.0,34.8,5487500.0,0.0,1.0
2009-11-06,34.82,35.32,34.65,35.23,5569000.0,0.0,1.0
2009-11-09,35.37,35.8,35.13,35.8,3664900.0,0.0,1.0
2009-11-10,35.9,35.95,35.29,35.58,2977500.0,0.0,1.0
2009-11-11,35.79,35.912,35.46,35.74,2374600.0,0.0,1.0
2009-11-12,35.63,35.89,35.09,35.27,2944100.0,0.0,1.0
2009-11-13,34.96,35.59,34.83,35.29,2557500.0,0.0,1.0
2009-11-16,35.16,36.0,35.12,35.91,2795700.0,0.0,1.0
2009-11-17,35.8,36.09,35.61,36.06,2995900.0,0.0,1.0
2009-11-18,36.12,36.15,35.54,35.91,2709900.0,0.0,1.0
2009-11-19,35.72,35.75,35.2315,35.65,2645900.0,0.0,1.0
2009-11-20,35.51,35.765,35.35,35.73,3323300.0,0.0,1.0
2009-11-23,36.2,36.2,35.78,35.87,3110700.0,0.0,1.0
2009-11-24,35.83,35.87,35.41,35.57,2993300.0,0.0,1.0
2009-11-25,35.7,35.8,35.33,35.71,2064000.0,0.0,1.0
2009-11-27,35.06,35.53,34.89,35.4,1440900.0,0.0,1.0
2009-11-30,35.48,35.6,35.16,35.27,3173200.0,0.0,1.0
2009-12-01,35.57,35.57,35.16,35.29,3865500.0,0.0,1.0
2009-12-02,35.36,35.5,35.19,35.32,3291500.0,0.0,1.0
2009-12-03,35.45,35.55,35.09,35.13,6062700.0,0.0,1.0
2009-12-04,34.91,35.0,33.2,34.03,15261700.0,0.0,1.0
2009-12-07,33.84,34.28,33.84,34.1,5064200.0,0.0,1.0
2009-12-08,33.64,34.2,33.64,34.11,6984500.0,0.0,1.0
2009-12-09,34.05,34.62,33.89,34.56,7544800.0,0.0,1.0
2009-12-10,34.75,34.96,34.27,34.3,4575400.0,0.0,1.0
2009-12-11,34.49,34.72,34.35,34.46,2340900.0,0.0,1.0
2009-12-14,34.75,34.95,34.51,34.83,3505700.0,0.0,1.0
2009-12-15,34.73,34.829,34.49,34.59,2588500.0,0.0,1.0
2009-12-16,34.9,34.93,34.48,34.58,1896600.0,0.0,1.0
2009-12-17,34.38,34.6899,34.26,34.35,2473500.0,0.0,1.0
2009-12-18,34.43,34.58,34.26,34.51,3836900.0,0.0,1.0
2009-12-21,34.71,35.04,34.33,35.0,2853000.0,0.0,1.0
2009-12-22,35.01,35.39,34.82,35.06,2210000.0,0.0,1.0
2009-12-23,35.23,35.45,35.11,35.4,1893500.0,0.0,1.0
2009-12-24,35.45,35.57,35.32,35.38,1028500.0,0.0,1.0
2009-12-28,35.52,35.53,35.09,35.16,1795900.0,0.0,1.0
2009-12-29,35.25,35.44,35.22,35.22,2045100.0,0.0,1.0
2009-12-30,35.23,35.43,35.12,35.21,1356000.0,0.0,1.0
2009-12-31,35.2,35.45,34.96,34.97,1287000.0,0.0,1.0
2010-01-04,35.12,35.28,35.05,35.09,2129600.0,0.0,1.0
2010-01-05,35.12,35.16,34.81,34.97,2371500.0,0.0,1.0
2010-01-06,34.95,35.16,34.66,34.72,3004300.0,0.0,1.0
2010-01-07,34.57,34.81,34.5,34.71,1763100.0,0.0,1.0
2010-01-08,34.7,34.82,34.5,34.72,2712000.0,0.0,1.0
2010-01-11,34.88,35.56,34.7,35.32,4162600.0,0.0,1.0
2010-01-12,35.51,36.06,35.32,35.78,4769600.0,0.0,1.0
2010-01-13,35.83,36.1,35.53,35.89,4053200.0,0.21,1.0
2010-01-14,35.91,36.32,35.7,36.28,2982000.0,0.0,1.0
2010-01-15,36.27,36.32,35.51,35.67,4540600.0,0.0,1.0
2010-01-19,35.65,35.79,35.49,35.65,3559500.0,0.0,1.0
2010-01-20,35.39,35.59,34.99,35.15,3354900.0,0.0,1.0
2010-01-21,35.23,35.41,34.8,34.97,3889000.0,0.0,1.0
2010-01-22,34.69,35.0,34.26,34.29,3951300.0,0.0,1.0
2010-01-25,34.5,34.6,34.26,34.28,3681700.0,0.0,1.0
2010-01-26,34.1,34.5283,34.05,34.33,2501700.0,0.0,1.0
2010-01-27,34.34,34.9,34.2,34.81,3594600.0,0.0,1.0
2010-01-28,34.99,35.22,34.3,34.34,3770700.0,0.0,1.0
2010-01-29,34.53,34.825,34.19,34.21,2942000.0,0.0,1.0
2010-02-01,34.45,35.45,34.39,35.42,3913100.0,0.0,1.0
2010-02-02,35.42,35.93,35.19,35.82,3342600.0,0.0,1.0
2010-02-03,35.52,35.59,34.97,35.34,3676400.0,0.0,1.0
2010-02-04,34.88,35.19,33.33,33.4,9977800.0,0.0,1.0
2010-02-05,33.49,33.63,32.74,32.98,7488100.0,0.0,1.0
2010-02-08,33.14,33.22,32.65,32.72,4953500.0,0.0,1.0
2010-02-09,32.9,33.21,32.49,33.07,7718600.0,0.0,1.0
2010-02-10,32.99,33.32,32.94,33.16,4203200.0,0.0,1.0
2010-02-11,33.13,33.43,32.93,33.39,3731700.0,0.0,1.0
2010-02-12,33.03,33.52,32.87,33.36,5830200.0,0.0,1.0
2010-02-16,33.4,33.65,33.35,33.6,3795600.0,0.0,1.0
2010-02-17,33.72,33.87,33.55,33.66,2774300.0,0.0,1.0
2010-02-18,33.67,33.87,33.55,33.67,2933300.0,0.0,1.0
2010-02-19,33.52,33.82,33.46,33.79,2951800.0,0.0,1.0
2010-02-22,33.8,33.84,33.49,33.68,3180100.0,0.0,1.0
2010-02-23,33.66,33.77,33.4,33.58,3043000.0,0.0,1.0
2010-02-24,33.73,33.81,33.46,33.71,2870200.0,0.0,1.0
2010-02-25,33.38,33.74,33.26,33.7,5097500.0,0.0,1.0
2010-02-26,33.73,33.86,33.59,33.72,2519100.0,0.0,1.0
2010-03-01,33.77,34.0,33.61,33.88,2826700.0,0.0,1.0
2010-03-02,34.04,34.15,33.88,34.08,4869500.0,0.0,1.0
2010-03-03,34.16,34.27,33.86,33.97,2779900.0,0.0,1.0
2010-03-04,33.97,34.22,33.74,34.02,2961100.0,0.0,1.0
2010-03-05,34.13,34.91,33.975,34.87,5539400.0,0.0,1.0
2010-03-08,35.1,35.65,35.02,35.41,4934800.0,0.0,1.0
2010-03-09,36.19,36.99,36.05,36.6,10655500.0,0.0,1.0
2010-03-10,36.69,36.97,36.47,36.88,5119500.0,0.0,1.0
2010-03-11,36.78,37.38,36.71,37.3,3677400.0,0.0,1.0
2010-03-12,37.5,37.6,37.09,37.47,4919200.0,0.0,1.0
2010-03-15,37.35,37.68,37.26,37.68,3186000.0,0.0,1.0
2010-03-16,37.7,37.7301,37.3,37.63,2864300.0,0.0,1.0
2010-03-17,37.64,38.86,37.6,38.64,7070400.0,0.0,1.0
2010-03-18,38.54,38.63,38.095,38.15,4897600.0,0.0,1.0
2010-03-19,38.29,38.55,37.86,37.94,6181100.0,0.0,1.0
2010-03-22,37.79,38.245,37.79,38.15,3066700.0,0.0,1.0
2010-03-23,38.33,38.4,37.98,38.25,3376000.0,0.0,1.0
2010-03-24,38.28,38.28,37.89,37.92,3703700.0,0.0,1.0
2010-03-25,38.19,38.45,38.05,38.05,3482600.0,0.0,1.0
2010-03-26,38.17,38.39,38.1,38.27,2362600.0,0.0,1.0
2010-03-29,38.49,38.61,37.89,38.18,3621600.0,0.0,1.0
2010-03-30,38.17,38.49,38.1,38.38,3237000.0,0.0,1.0
2010-03-31,38.22,38.43,37.99,38.33,3273700.0,0.0,1.0
2010-04-01,38.48,39.24,38.48,39.2,5066100.0,0.0,1.0
2010-04-05,39.46,40.265,39.29,40.04,5697200.0,0.0,1.0
2010-04-06,39.99,40.07,39.75,39.8,5999800.0,0.0,1.0
2010-04-07,39.84,40.28,39.75,40.15,4739200.0,0.0,1.0
2010-04-08,40.11,40.21,39.78,40.07,4072300.0,0.0,1.0
2010-04-09,40.22,40.7,40.02,40.7,3933200.0,0.0,1.0
2010-04-12,40.91,41.11,40.7,40.78,4990900.0,0.0,1.0
2010-04-13,40.9,41.31,40.61,41.16,7127300.0,0.0,1.0
2010-04-14,41.14,41.84,41.09,41.68,9066500.0,0.21,1.0
2010-04-15,42.29,43.76,42.25,42.78,11340900.0,0.0,1.0
2010-04-16,42.5,42.75,42.04,42.7,9197700.0,0.0,1.0
2010-04-19,42.69,42.87,42.34,42.68,4433500.0,0.0,1.0
2010-04-20,42.91,43.12,42.53,43.1,3913400.0,0.0,1.0
2010-04-21,43.1,43.37,42.76,43.11,3024000.0,0.0,1.0
2010-04-22,42.98,43.27,42.75,43.18,3980200.0,0.0,1.0
2010-04-23,43.27,43.47,42.94,43.44,3214000.0,0.0,1.0
2010-04-26,43.53,44.0,43.48,43.94,4491500.0,0.0,1.0
2010-04-27,43.83,43.87,42.59,42.78,4519400.0,0.0,1.0
2010-04-28,42.9,42.96,41.98,42.35,4844200.0,0.0,1.0
2010-04-29,42.53,43.14,42.51,42.77,3616000.0,0.0,1.0
2010-04-30,42.85,42.94,42.25,42.42,3957400.0,0.0,1.0
2010-05-03,42.63,43.22,42.52,43.07,2755600.0,0.0,1.0
2010-05-04,42.81,42.81,41.55,41.68,4016100.0,0.0,1.0
2010-05-05,41.09,41.81,40.68,41.36,4175700.0,0.0,1.0
2010-05-06,41.05,41.5,37.54,40.07,5532800.0,0.0,1.0
2010-05-07,39.79,40.4,38.75,39.61,6960800.0,0.0,1.0
2010-05-10,40.99,42.2,40.93,42.08,8078000.0,0.0,1.0
2010-05-11,41.63,42.45,41.58,41.81,4348800.0,0.0,1.0
2010-05-12,42.19,42.5,41.77,42.41,4263600.0,0.0,1.0
2010-05-13,42.37,42.66,41.41,41.46,4546100.0,0.0,1.0
2010-05-14,41.13,41.33,40.235,40.57,4428300.0,0.0,1.0
2010-05-17,40.59,41.245,40.33,41.13,6519300.0,0.0,1.0
2010-05-18,41.75,42.1,41.02,41.1,3652000.0,0.0,1.0
2010-05-19,40.9,41.17,40.16,40.85,3751500.0,0.0,1.0
2010-05-20,39.98,40.41,39.58,39.64,6107300.0,0.0,1.0
2010-05-21,38.87,40.22,38.6,40.15,5906100.0,0.0,1.0
2010-05-24,40.04,40.31,39.69,39.76,3329700.0,0.0,1.0
2010-05-25,38.77,40.01,38.25,39.97,4940400.0,0.0,1.0
2010-05-26,40.32,40.71,39.94,39.99,5020600.0,0.0,1.0
2010-05-27,40.55,41.43,40.45,41.4,3731800.0,0.0,1.0
2010-05-28,41.25,41.65,40.77,40.95,2587000.0,0.0,1.0
2010-06-01,40.77,41.33,40.35,40.49,2935500.0,0.0,1.0
2010-06-02,40.58,41.41,40.25,41.41,3129000.0,0.0,1.0
2010-06-03,41.62,42.15,41.54,41.92,3924100.0,0.0,1.0
2010-06-04,41.36,41.6,40.7,40.86,4808700.0,0.0,1.0
2010-06-07,40.76,40.76,39.75,39.77,4714600.0,0.0,1.0
2010-06-08,39.82,40.95,39.46,40.89,6328000.0,0.0,1.0
2010-06-09,41.1,41.94,41.02,41.21,7873500.0,0.0,1.0
2010-06-10,41.78,42.31,41.66,42.05,3678600.0,0.0,1.0
2010-06-11,41.7,42.26,41.7,42.0,4021100.0,0.0,1.0
2010-06-14,42.21,42.74,42.07,42.18,3863000.0,0.0,1.0
2010-06-15,42.42,43.38,42.42,43.38,5845500.0,0.0,1.0
2010-06-16,43.01,43.03,42.5818,42.73,4706600.0,0.0,1.0
2010-06-17,42.78,43.01,42.26,42.58,4891300.0,0.0,1.0
2010-06-18,42.69,42.79,42.33,42.49,4032300.0,0.0,1.0
2010-06-21,43.47,43.5,42.59,42.79,7752700.0,0.0,1.0
2010-06-22,43.15,43.15,41.92,41.99,5846300.0,0.0,1.0
2010-06-23,42.11,42.17,41.31,41.41,5298400.0,0.0,1.0
2010-06-24,41.21,41.373,40.81,40.97,6027800.0,0.0,1.0
2010-06-25,41.07,41.31,40.74,40.96,5058300.0,0.0,1.0
2010-06-28,41.13,41.21,40.47,40.52,2745800.0,0.0,1.0
2010-06-29,40.08,40.17,39.17,39.37,5326300.0,0.0,1.0
2010-06-30,39.4,39.67,38.94,39.04,4807900.0,0.0,1.0
2010-07-01,38.95,39.25,38.25,39.09,5311500.0,0.0,1.0
2010-07-02,39.14,39.249,38.41,38.53,3544300.0,0.0,1.0
2010-07-06,38.98,39.58,38.433,38.7,5080400.0,0.0,1.0
2010-07-07,38.82,39.77,38.66,39.71,4227900.0,0.0,1.0
2010-07-08,39.86,40.2,39.7,39.98,4057100.0,0.0,1.0
2010-07-09,39.89,40.33,39.89,40.27,2614200.0,0.0,1.0
2010-07-12,40.31,41.06,40.02,40.87,5249600.0,0.0,1.0
2010-07-13,41.74,41.82,41.2101,41.71,6371100.0,0.0,1.0
2010-07-14,40.07,41.15,39.75,41.0,10737600.0,0.21,1.0
2010-07-15,41.0,41.27,40.31,41.2,5101700.0,0.0,1.0
2010-07-16,40.95,41.2,39.96,40.07,4388700.0,0.0,1.0
2010-07-19,40.07,40.33,39.57,40.0,3549800.0,0.0,1.0
2010-07-20,39.49,41.2,39.42,41.15,4036700.0,0.0,1.0
2010-07-21,41.29,41.29,39.67,39.86,5591800.0,0.0,1.0
2010-07-22,40.26,41.26,40.12,41.17,4664400.0,0.0,1.0
2010-07-23,41.0,41.7,40.85,41.62,4116000.0,0.0,1.0
2010-07-26,41.62,42.27,41.54,42.14,3435600.0,0.0,1.0
2010-07-27,42.36,42.56,41.87,41.94,3535600.0,0.0,1.0
2010-07-28,41.84,42.24,41.37,41.52,3252800.0,0.0,1.0
2010-07-29,41.84,42.14,41.09,41.33,3167600.0,0.0,1.0
2010-07-30,41.07,41.57,40.72,41.3,3076100.0,0.0,1.0
2010-08-02,41.79,42.16,41.72,42.04,2447700.0,0.0,1.0
2010-08-03,42.0,42.05,41.33,41.39,3191400.0,0.0,1.0
2010-08-04,41.59,41.89,41.41,41.75,2978300.0,0.0,1.0
2010-08-05,41.76,42.45,41.56,42.41,4055800.0,0.0,1.0
2010-08-06,42.0,42.4,41.73,42.36,3096000.0,0.0,1.0
2010-08-09,42.56,43.1,42.56,42.69,3011900.0,0.0,1.0
2010-08-10,42.43,42.72,42.0,42.39,3383500.0,0.0,1.0
2010-08-11,41.8,41.8,41.05,41.15,3474200.0,0.0,1.0
2010-08-12,40.7,41.17,40.54,41.0,2353300.0,0.0,1.0
2010-08-13,40.8,41.0399,40.62,40.85,2005600.0,0.0,1.0
2010-08-16,40.73,41.04,40.51,40.93,1723300.0,0.0,1.0
2010-08-17,41.21,42.25,41.02,42.02,2886100.0,0.0,1.0
2010-08-18,41.81,42.47,41.6,42.17,2413300.0,0.0,1.0
2010-08-19,42.03,42.27,41.45,41.91,2693300.0,0.0,1.0
2010-08-20,41.55,42.4,41.55,42.32,2534800.0,0.0,1.0
2010-08-23,42.42,42.64,41.88,41.91,3419500.0,0.0,1.0
2010-08-24,41.41,41.9593,41.0,41.59,3427600.0,0.0,1.0
2010-08-25,41.29,42.525,41.14,42.32,4708000.0,0.0,1.0
2010-08-26,42.49,42.66,42.26,42.36,5256000.0,0.0,1.0
2010-08-27,42.57,42.79,42.06,42.32,4829600.0,0.0,1.0
2010-08-30,42.29,42.38,41.7,41.7,2462100.0,0.0,1.0
2010-08-31,41.56,41.955,41.3501,41.7,4691000.0,0.0,1.0
2010-09-01,42.0,42.7,41.94,42.6,8778200.0,0.0,1.0
2010-09-02,42.81,43.94,42.81,43.85,5365800.0,0.0,1.0
2010-09-03,43.85,44.38,43.672,44.35,4472700.0,0.0,1.0
2010-09-07,44.25,44.69,44.0705,44.28,2875600.0,0.0,1.0
2010-09-08,44.18,44.89,44.045,44.51,3186300.0,0.0,1.0
2010-09-09,44.25,44.38,43.66,43.85,3329900.0,0.0,1.0
2010-09-10,44.03,44.55,43.84,44.52,3201700.0,0.0,1.0
2010-09-13,44.89,45.65,44.8,45.54,5800100.0,0.0,1.0
2010-09-14,45.5,46.25,45.29,45.52,4707600.0,0.0,1.0
2010-09-15,45.38,46.28,45.24,45.92,3920300.0,0.0,1.0
2010-09-16,45.99,46.13,45.52,45.82,2306200.0,0.0,1.0
2010-09-17,45.96,46.08,45.61,45.75,2970600.0,0.0,1.0
2010-09-20,45.8,46.66,45.7,46.58,2571200.0,0.0,1.0
2010-09-21,46.72,46.91,46.28,46.44,4916600.0,0.0,1.0
2010-09-22,46.41,46.63,46.11,46.47,3083000.0,0.0,1.0
2010-09-23,46.28,46.58,45.7105,45.82,2637400.0,0.0,1.0
2010-09-24,46.18,46.7475,46.09,46.5,3239900.0,0.0,1.0
2010-09-27,46.58,46.8,46.32,46.37,2600900.0,0.0,1.0
2010-09-28,46.42,46.63,45.9357,46.44,6932200.0,0.0,1.0
2010-09-29,46.45,46.6399,46.07,46.28,3198300.0,0.0,1.0
2010-09-30,46.555,46.85,45.96,46.06,4268800.0,0.0,1.0
2010-10-01,46.31,46.62,46.13,46.48,3935400.0,0.0,1.0
2010-10-04,46.37,46.65,46.09,46.42,3405600.0,0.0,1.0
2010-10-05,46.7,47.5,46.66,46.8,5868800.0,0.0,1.0
2010-10-06,46.92,47.45,46.72,47.36,6334400.0,0.0,1.0
2010-10-07,47.63,47.63,46.93,47.21,3616400.0,0.0,1.0
2010-10-08,47.34,48.01,47.03,47.65,4592800.0,0.0,1.0
2010-10-11,47.7,47.766,47.35,47.58,2204500.0,0.0,1.0
2010-10-12,47.35,47.93,47.16,47.9,2840500.0,0.0,1.0
2010-10-13,48.01,48.06,47.58,47.96,3165200.0,0.25,1.0
2010-10-14,48.1,48.44,47.72,48.42,4052200.0,0.0,1.0
2010-10-15,48.7,48.9,48.475,48.85,4277000.0,0.0,1.0
2010-10-18,48.79,48.83,48.48,48.62,2442500.0,0.0,1.0
2010-10-19,48.11,48.23,47.13,47.69,3603800.0,0.0,1.0
2010-10-20,48.05,48.72,47.83,48.44,3714300.0,0.0,1.0
2010-10-21,48.68,49.4,48.45,48.8,4087700.0,0.0,1.0
2010-10-22,48.97,49.63,48.78,49.57,2489400.0,0.0,1.0
2010-10-25,49.77,50.07,49.57,49.88,3653000.0,0.0,1.0
2010-10-26,49.77,49.9,49.51,49.81,2190100.0,0.0,1.0
2010-10-27,49.36,49.48,48.45,49.04,3549100.0,0.0,1.0
2010-10-28,49.36,49.39,48.79,49.26,2669500.0,0.0,1.0
2010-10-29,49.06,49.58,49.0,49.56,2294600.0,0.0,1.0
2010-11-01,49.9,50.18,49.47,49.8,2365800.0,0.0,1.0
2010-11-02,50.18,50.69,50.08,50.54,1708400.0,0.0,1.0
2010-11-03,50.66,51.1,50.36,50.84,2928800.0,0.0,1.0
2010-11-04,51.27,52.47,51.06,51.48,4209100.0,0.0,1.0
2010-11-05,51.64,51.66,51.1949,51.33,2194800.0,0.0,1.0
2010-11-08,51.31,51.91,51.17,51.69,2902600.0,0.0,1.0
2010-11-09,51.8,51.83,50.51,50.66,3444800.0,0.0,1.0
2010-11-10,50.71,51.72,50.525,51.39,3044700.0,0.0,1.0
2010-11-11,51.1,52.1,51.05,51.9,3035700.0,0.0,1.0
2010-11-12,51.67,51.93,50.59,50.79,2889100.0,0.0,1.0
2010-11-15,51.06,51.33,50.46,51.12,3428600.0,0.0,1.0
2010-11-16,50.75,50.87,49.07,49.28,5376300.0,0.0,1.0
2010-11-17,49.22,49.68,48.64,49.64,5369000.0,0.0,1.0
2010-11-18,50.32,51.06,50.09,50.55,4729300.0,0.0,1.0
2010-11-19,50.62,50.81,50.3,50.79,2954000.0,0.0,1.0
2010-11-22,50.56,50.89,49.96,50.64,3055100.0,0.0,1.0
2010-11-23,50.12,50.35,49.47,49.7,3082100.0,0.0,1.0
2010-11-24,50.11,50.56,49.91,50.56,2321100.0,0.0,1.0
2010-11-26,50.37,50.37,49.8,50.05,959700.0,0.0,1.0
2010-11-29,49.79,50.18,49.36,50.02,3365300.0,0.0,1.0
2010-11-30,49.63,50.48,49.5,50.08,2802700.0,0.0,1.0
2010-12-01,50.83,50.96,50.23,50.41,3662900.0,0.0,1.0
2010-12-02,50.43,51.3,50.42,50.94,2864100.0,0.0,1.0
2010-12-03,50.66,50.8,50.11,50.57,2846400.0,0.0,1.0
2010-12-06,50.39,50.47,49.74,49.91,2819800.0,0.0,1.0
2010-12-07,50.27,50.79,49.95,50.42,3063300.0,0.0,1.0
2010-12-08,50.07,50.32,49.24,50.27,3505400.0,0.0,1.0
2010-12-09,50.64,50.73,49.5,49.66,5546500.0,0.0,1.0
2010-12-10,49.69,50.43,49.69,50.26,2985100.0,0.0,1.0
2010-12-13,50.34,50.61,49.46,49.47,2901300.0,0.0,1.0
2010-12-14,49.52,49.7501,49.24,49.46,2620900.0,0.0,1.0
2010-12-15,49.4,49.6601,49.15,49.34,3308700.0,0.0,1.0
2010-12-16,49.34,50.06,49.12,50.02,3304600.0,0.0,1.0
2010-12-17,50.08,50.28,49.68,50.05,3723000.0,0.0,1.0
2010-12-20,50.16,50.17,49.45,49.62,2328600.0,0.0,1.0
2010-12-21,49.71,50.13,49.47,50.02,2072900.0,0.0,1.0
2010-12-22,50.07,50.3,49.69,50.09,1466000.0,0.0,1.0
2010-12-23,49.99,50.27,49.54,49.66,1631000.0,0.0,1.0
2010-12-27,49.68,49.68,49.2,49.52,1002900.0,0.0,1.0
2010-12-28,49.57,49.64,48.92,49.23,1479800.0,0.0,1.0
2010-12-29,49.38,49.86,49.35,49.6,1763400.0,0.0,1.0
2010-12-30,49.58,49.65,49.18,49.31,1205200.0,0.0,1.0
2010-12-31,49.18,49.41,49.02,49.05,1147200.0,0.0,1.0
2011-01-03,49.3,49.51,48.98,49.09,3403900.0,0.0,1.0
2011-01-04,49.08,49.1,47.77,48.34,4908500.0,0.0,1.0
2011-01-05,48.13,48.8,48.0,48.57,3698900.0,0.0,1.0
2011-01-06,48.95,49.06,48.53,48.91,4095300.0,0.0,1.0
2011-01-07,49.01,49.62,48.89,49.52,3379100.0,0.0,1.0
2011-01-10,49.4,49.83,49.1,49.59,2997500.0,0.0,1.0
2011-01-11,49.95,49.98,49.19,49.27,2228500.0,0.0,1.0
2011-01-12,49.41,49.59,49.09,49.15,2267400.0,0.25,1.0
2011-01-13,49.24,49.42,48.82,48.9,2323600.0,0.0,1.0
2011-01-14,48.61,48.67,47.8,47.84,4967900.0,0.0,1.0
2011-01-18,47.83,49.51,47.78,49.25,5576300.0,0.0,1.0
2011-01-19,49.31,49.41,48.95,49.29,3288200.0,0.0,1.0
2011-01-20,49.27,49.51,48.53,48.64,3912800.0,0.0,1.0
2011-01-21,48.76,48.79,48.06,48.27,4008100.0,0.0,1.0
2011-01-24,48.24,48.42,48.05,48.3,3001500.0,0.0,1.0
2011-01-25,48.27,48.41,47.8,48.0,3188900.0,0.0,1.0
2011-01-26,48.15,48.26,47.75,47.77,3322100.0,0.0,1.0
2011-01-27,47.77,48.26,47.55,47.59,3916800.0,0.0,1.0
2011-01-28,47.75,48.24,46.27,46.4,5504900.0,0.0,1.0
2011-01-31,46.49,46.965,46.34,46.76,3755200.0,0.0,1.0
2011-02-01,46.93,47.76,46.76,47.42,3224300.0,0.0,1.0
2011-02-02,47.67,47.91,47.27,47.73,3843800.0,0.0,1.0
2011-02-03,49.11,50.17,49.0,49.23,8248300.0,0.0,1.0
2011-02-04,49.35,49.64,48.78,49.3,3622000.0,0.0,1.0
2011-02-07,49.34,49.865,49.1,49.4,3817500.0,0.0,1.0
2011-02-08,49.53,49.98,49.4,49.59,2438700.0,0.0,1.0
2011-02-09,49.41,49.79,49.14,49.5,2217500.0,0.0,1.0
2011-02-10,49.35,49.77,49.0932,49.74,2830900.0,0.0,1.0
2011-02-11,49.22,49.82,49.08,49.77,2319800.0,0.0,1.0
2011-02-14,49.7,50.4,49.3,50.3,3073000.0,0.0,1.0
2011-02-15,50.08,50.86,49.9,50.73,3103900.0,0.0,1.0
2011-02-16,50.98,51.48,50.82,51.18,3120300.0,0.0,1.0
2011-02-17,51.13,51.44,50.83,51.38,2875100.0,0.0,1.0
2011-02-18,51.42,51.64,50.85,51.17,2372900.0,0.0,1.0
2011-02-22,50.96,51.0499,49.57,49.72,4624900.0,0.0,1.0
2011-02-23,49.69,50.08,48.56,49.27,3540600.0,0.0,1.0
2011-02-24,48.98,49.48,48.67,49.37,2939400.0,0.0,1.0
2011-02-25,49.47,50.145,49.47,50.01,2569200.0,0.0,1.0
2011-02-28,50.1,50.53,49.96,50.33,2479800.0,0.0,1.0
2011-03-01,50.58,50.58,49.68,49.85,3417400.0,0.0,1.0
2011-03-02,49.67,49.8,48.91,49.48,2652700.0,0.0,1.0
2011-03-03,49.84,50.66,49.81,50.66,2606700.0,0.0,1.0
2011-03-04,50.68,51.04,50.56,50.97,3114600.0,0.0,1.0
2011-03-07,51.33,51.46,50.4599,50.84,2781900.0,0.0,1.0
2011-03-08,51.04,52.19,51.03,52.15,4759000.0,0.0,1.0
2011-03-09,52.17,52.66,52.04,52.66,4196100.0,0.0,1.0
2011-03-10,52.05,53.19,51.86,52.85,4578000.0,0.0,1.0
2011-03-11,52.62,52.79,51.9,52.58,3157600.0,0.0,1.0
2011-03-14,52.19,52.43,51.52,51.9,2323100.0,0.0,1.0
2011-03-15,50.44,51.23,50.31,50.95,3093200.0,0.0,1.0
2011-03-16,50.92,51.38,50.5254,50.85,3728300.0,0.0,1.0
2011-03-17,51.23,51.485,50.72,50.99,3724200.0,0.0,1.0
2011-03-18,51.51,51.69,50.8,51.0,2488900.0,0.0,1.0
2011-03-21,51.54,51.72,51.08,51.25,2618400.0,0.0,1.0
2011-03-22,51.33,51.35,50.63,50.82,1859400.0,0.0,1.0
2011-03-23,50.68,51.34,50.35,51.09,2457200.0,0.0,1.0
2011-03-24,51.4,51.92,51.2232,51.9,1793800.0,0.0,1.0
2011-03-25,51.95,52.3,51.66,51.84,2232300.0,0.0,1.0
2011-03-28,51.98,52.23,51.44,51.47,2000300.0,0.0,1.0
2011-03-29,51.44,51.59,51.192,51.3,3493200.0,0.0,1.0
2011-03-30,51.5,51.82,51.41,51.73,4344400.0,0.0,1.0
2011-03-31,51.59,51.67,51.34,51.38,3562500.0,0.0,1.0
2011-04-01,51.48,51.88,51.28,51.4,2669000.0,0.0,1.0
2011-04-04,51.49,51.76,50.77,50.87,3090900.0,0.0,1.0
2011-04-05,50.7,50.77,49.9,49.96,5155100.0,0.0,1.0
2011-04-06,50.17,50.27,49.92,50.1,3896100.0,0.0,1.0
2011-04-07,49.96,50.35,49.3,49.42,4472100.0,0.0,1.0
2011-04-08,49.76,50.015,49.24,49.58,4127500.0,0.0,1.0
2011-04-11,49.58,50.06,49.57,49.97,3828300.0,0.0,1.0
2011-04-12,49.84,50.6,49.81,49.86,3886900.0,0.0,1.0
2011-04-13,49.89,50.1199,49.71,49.98,2891000.0,0.25,1.0
2011-04-14,49.75,50.83,49.59,50.68,4260300.0,0.0,1.0
2011-04-15,50.83,51.19,50.57,51.12,2792800.0,0.0,1.0
2011-04-18,50.58,50.59,49.9,50.38,4151600.0,0.0,1.0
2011-04-19,50.39,50.94,50.11,50.89,3412500.0,0.0,1.0
2011-04-20,51.35,51.85,51.12,51.55,3425200.0,0.0,1.0
2011-04-21,54.65,54.98,53.57,53.65,7423600.0,0.0,1.0
2011-04-25,53.56,53.6,52.52,53.2,3985900.0,0.0,1.0
2011-04-26,53.2,53.31,52.03,52.18,4500000.0,0.0,1.0
2011-04-27,52.18,52.35,51.67,52.3,2858500.0,0.0,1.0
2011-04-28,52.49,53.25,52.35,52.83,3174600.0,0.0,1.0
2011-04-29,52.89,53.86,52.81,53.64,4185200.0,0.0,1.0
2011-05-02,53.79,53.97,53.4,53.5,2796400.0,0.0,1.0
2011-05-03,53.58,54.03,53.28,53.97,3627100.0,0.0,1.0
2011-05-04,53.9,54.02,53.14,53.43,2775300.0,0.0,1.0
2011-05-05,53.22,53.94,53.02,53.25,2889800.0,0.0,1.0
2011-05-06,53.81,54.27,53.49,53.64,2677200.0,0.0,1.0
2011-05-09,53.7,54.39,53.66,54.34,2520600.0,0.0,1.0
2011-05-10,54.49,55.39,54.47,54.88,3610700.0,0.0,1.0
2011-05-11,54.79,54.95,54.16,54.59,3470000.0,0.0,1.0
2011-05-12,54.49,54.93,54.09,54.73,3163700.0,0.0,1.0
2011-05-13,54.88,55.17,54.53,54.86,2379500.0,0.0,1.0
2011-05-16,54.77,54.86,54.03,54.08,2490200.0,0.0,1.0
2011-05-17,53.79,54.68,53.48,54.66,3579400.0,0.0,1.0
2011-05-18,54.75,55.65,54.59,55.62,4862700.0,0.0,1.0
2011-05-19,55.98,56.78,55.78,56.69,3632300.0,0.0,1.0
2011-05-20,56.83,56.98,55.87,56.26,5709800.0,0.0,1.0
2011-05-23,55.78,56.16,55.7,55.81,3812600.0,0.0,1.0
2011-05-24,55.81,56.08,55.515,55.67,3341400.0,0.0,1.0
2011-05-25,55.57,56.05,55.465,55.86,2429500.0,0.0,1.0
2011-05-26,55.78,56.2,55.56,56.07,2146400.0,0.0,1.0
2011-05-27,56.32,56.41,55.3,55.45,3518800.0,0.0,1.0
2011-05-31,55.85,55.98,55.04,55.32,4951600.0,0.0,1.0
2011-06-01,55.3,55.39,54.46,54.46,3228800.0,0.0,1.0
2011-06-02,54.42,54.63,53.93,54.49,3069800.0,0.0,1.0
2011-06-03,53.91,54.7271,53.84,54.42,4306000.0,0.0,1.0
2011-06-06,54.28,54.98,53.88,53.88,3382400.0,0.0,1.0
2011-06-07,53.98,54.79,53.98,54.15,3502800.0,0.0,1.0
2011-06-08,53.96,54.49,53.48,53.56,3236500.0,0.0,1.0
2011-06-09,53.7,54.03,53.24,53.7,2287100.0,0.0,1.0
2011-06-10,53.46,53.68,52.73,52.8,2342400.0,0.0,1.0
2011-06-13,52.86,53.27,52.5,53.03,2489300.0,0.0,1.0
2011-06-14,53.99,54.2,53.6,53.98,2185000.0,0.0,1.0
2011-06-15,53.62,54.42,53.39,54.03,3915400.0,0.0,1.0
2011-06-16,53.97,54.75,53.88,54.43,3670400.0,0.0,1.0
2011-06-17,54.99,55.3,54.56,54.83,3140800.0,0.0,1.0
2011-06-20,54.82,55.05,54.325,54.57,3985400.0,0.0,1.0
2011-06-21,54.9,55.75,54.77,55.49,3909800.0,0.0,1.0
2011-06-22,55.26,55.63,54.72,54.74,3231900.0,0.0,1.0
2011-06-23,54.21,54.78,53.82,54.4,6055500.0,0.0,1.0
2011-06-24,54.41,54.68,53.78,53.84,3918800.0,0.0,1.0
2011-06-27,53.78,54.64,53.53,54.4,3036300.0,0.0,1.0
2011-06-28,54.5,55.4,54.44,55.37,2880500.0,0.0,1.0
2011-06-29,55.5,55.95,55.03,55.23,3151800.0,0.0,1.0
2011-06-30,55.41,55.54,54.97,55.24,2608500.0,0.0,1.0
2011-07-01,55.29,57.04,55.29,56.75,3358700.0,0.0,1.0
2011-07-05,56.97,56.97,56.38,56.6,2874700.0,0.0,1.0
2011-07-06,56.24,56.65,56.02,56.15,2853600.0,0.0,1.0
2011-07-07,54.88,56.0,54.75,55.59,6196300.0,0.0,1.0
2011-07-08,55.15,55.63,54.88,55.61,3342000.0,0.0,1.0
2011-07-11,55.19,56.07,55.08,55.51,3573100.0,0.0,1.0
2011-07-12,55.36,55.75,55.175,55.23,3519700.0,0.0,1.0
2011-07-13,55.41,56.55,55.4,55.58,6434900.0,0.25,1.0
2011-07-14,56.91,57.75,55.58,56.37,9930500.0,0.0,1.0
2011-07-15,56.66,56.73,55.29,55.51,4634100.0,0.0,1.0
2011-07-18,55.36,55.6496,54.6701,54.85,3100000.0,0.0,1.0
2011-07-19,55.16,55.2,54.66,55.16,3136000.0,0.0,1.0
2011-07-20,55.08,55.14,54.202,54.34,2817600.0,0.0,1.0
2011-07-21,54.6,54.8462,54.09,54.5,4725300.0,0.0,1.0
2011-07-22,54.93,55.0,54.53,54.57,2935600.0,0.0,1.0
2011-07-25,54.34,54.45,53.79,53.84,2756100.0,0.0,1.0
2011-07-26,53.81,54.19,53.4,53.73,2764900.0,0.0,1.0
2011-07-27,53.41,53.56,52.2,52.4,4623000.0,0.0,1.0
2011-07-28,52.33,53.46,52.3,52.68,5522900.0,0.0,1.0
2011-07-29,51.95,53.23,51.89,52.82,4175700.0,0.0,1.0
2011-08-01,53.39,53.39,52.03,52.66,3150100.0,0.0,1.0
2011-08-02,52.37,52.565,50.95,50.98,4105300.0,0.0,1.0
2011-08-03,50.77,51.09,49.93,51.05,5942100.0,0.0,1.0
2011-08-04,50.53,51.02,50.13,50.39,6340800.0,0.0,1.0
2011-08-05,50.52,51.16,49.11,50.71,7107800.0,0.0,1.0
2011-08-08,49.77,50.39,47.77,47.82,8471900.0,0.0,1.0
2011-08-09,48.48,50.42,47.54,50.34,10879800.0,0.0,1.0
2011-08-10,49.92,49.93,48.12,48.27,10710800.0,0.0,1.0
2011-08-11,48.61,52.15,48.61,51.45,7656400.0,0.0,1.0
2011-08-12,52.23,52.31,50.92,51.34,6065600.0,0.0,1.0
2011-08-15,51.85,51.96,51.075,51.6,4191500.0,0.0,1.0
2011-08-16,51.33,51.57,50.71,51.03,4555600.0,0.0,1.0
2011-08-17,51.18,51.65,50.71,51.34,3099600.0,0.0,1.0
2011-08-18,50.17,50.39,48.43,48.93,5035600.0,0.0,1.0
2011-08-19,48.48,50.47,48.3,49.41,6470700.0,0.0,1.0
2011-08-22,50.18,51.13,49.84,49.95,5300400.0,0.0,1.0
2011-08-23,50.17,51.63,49.88,51.63,4919100.0,0.0,1.0
2011-08-24,51.58,53.08,51.38,53.05,5596500.0,0.0,1.0
2011-08-25,53.07,53.52,51.33,51.71,4920400.0,0.0,1.0
2011-08-26,51.47,53.03,50.9,52.77,4239200.0,0.0,1.0
2011-08-29,53.55,54.0,53.41,54.0,3058100.0,0.0,1.0
2011-08-30,53.85,54.38,53.5,54.02,3383200.0,0.0,1.0
2011-08-31,54.43,54.795,53.89,54.37,3384600.0,0.0,1.0
2011-09-01,54.33,54.38,53.4,53.85,3606200.0,0.0,1.0
2011-09-02,52.9,53.4,52.18,52.65,3931200.0,0.0,1.0
2011-09-06,51.33,52.61,50.99,52.52,3615100.0,0.0,1.0
2011-09-07,53.11,53.78,52.56,53.78,3256300.0,0.0,1.0
2011-09-08,53.53,54.0499,53.11,53.37,2640700.0,0.0,1.0
2011-09-09,52.71,52.71,51.0,51.53,4863000.0,0.0,1.0
2011-09-12,50.82,52.09,50.52,52.06,4120500.0,0.0,1.0
2011-09-13,52.12,52.52,51.8,52.23,3297700.0,0.0,1.0
2011-09-14,52.57,54.05,51.965,53.3,3108000.0,0.0,1.0
2011-09-15,53.83,54.03,53.34,53.65,2825500.0,0.0,1.0
2011-09-16,54.29,54.29,53.26,53.85,4532900.0,0.0,1.0
2011-09-19,53.15,54.99,52.82,54.77,4197300.0,0.0,1.0
2011-09-20,54.91,55.7,54.08,54.54,3426900.0,0.0,1.0
2011-09-21,54.77,54.89,52.49,52.55,5007200.0,0.0,1.0
2011-09-22,51.05,51.77,50.31,50.97,6403800.0,0.0,1.0
2011-09-23,50.98,52.1,50.33,51.66,4062900.0,0.0,1.0
2011-09-26,52.03,52.75,50.87,52.6,4292200.0,0.0,1.0
2011-09-27,53.62,54.73,53.08,53.36,4093800.0,0.0,1.0
2011-09-28,53.46,54.54,52.46,52.57,4058800.0,0.0,1.0
2011-09-29,53.43,53.5,48.38,49.54,11955400.0,0.0,1.0
2011-09-30,48.6,51.22,48.5,49.39,9134300.0,0.0,1.0
2011-10-03,49.27,50.05,48.41,48.45,6407800.0,0.0,1.0
2011-10-04,47.6,49.56,47.15,49.44,7400500.0,0.0,1.0
2011-10-05,49.75,50.2,47.81,48.12,14168000.0,0.0,1.0
2011-10-06,48.19,49.51,48.14,49.33,7187900.0,0.0,1.0
2011-10-07,49.31,49.82,49.01,49.24,5192500.0,0.0,1.0
2011-10-10,49.8,51.17,49.72,50.9,3883000.0,0.0,1.0
2011-10-11,50.77,51.95,50.73,51.88,3866600.0,0.0,1.0
2011-10-12,51.96,52.82,50.975,51.03,5624400.0,0.285,1.0
2011-10-13,50.77,52.98,50.7,52.61,6641500.0,0.0,1.0
2011-10-14,52.72,52.85,51.58,52.14,4820700.0,0.0,1.0
2011-10-17,51.78,51.99,51.0,51.13,3864200.0,0.0,1.0
2011-10-18,51.21,52.83,50.6,52.28,3585800.0,0.0,1.0
2011-10-19,52.3,52.5,51.31,51.62,3289600.0,0.0,1.0
2011-10-20,51.73,52.46,51.24,52.16,3815900.0,0.0,1.0
2011-10-21,53.06,53.91,52.85,53.74,4332600.0,0.0,1.0
2011-10-24,53.73,53.82,53.171,53.47,3119600.0,0.0,1.0
2011-10-25,53.16,53.92,52.65,52.84,2399400.0,0.0,1.0
2011-10-26,53.44,53.87,51.93,53.05,3463100.0,0.0,1.0
2011-10-27,54.32,54.89,53.73,54.39,3538600.0,0.0,1.0
2011-10-28,54.33,54.74,53.33,54.14,3277500.0,0.0,1.0
2011-10-31,53.76,54.51,53.57,53.57,2536000.0,0.0,1.0
2011-11-01,52.51,53.26,52.16,52.62,4129000.0,0.0,1.0
2011-11-02,53.09,53.35,52.56,53.15,3317700.0,0.0,1.0
2011-11-03,53.63,54.12,53.01,54.04,3105600.0,0.0,1.0
2011-11-04,54.03,54.57,53.35,53.98,3955600.0,0.0,1.0
2011-11-07,54.15,54.75,53.76,54.63,3518900.0,0.0,1.0
2011-11-08,54.85,55.78,54.42,55.63,4002600.0,0.0,1.0
2011-11-09,54.43,55.61,54.31,54.81,6320600.0,0.0,1.0
2011-11-10,55.26,55.26,54.29,54.74,3298300.0,0.0,1.0
2011-11-11,55.21,55.95,54.93,55.81,2439500.0,0.0,1.0
2011-11-14,55.55,55.8,55.21,55.29,1911300.0,0.0,1.0
2011-11-15,55.28,55.64,54.81,55.41,1847800.0,0.0,1.0
2011-11-16,55.0,55.42,54.41,54.49,2586600.0,0.0,1.0
2011-11-17,54.25,54.69,53.12,53.77,2728900.0,0.0,1.0
2011-11-18,53.94,54.07,53.42,53.84,3143100.0,0.0,1.0
2011-11-21,53.16,53.74,52.67,53.49,2420700.0,0.0,1.0
2011-11-22,53.63,55.32,53.36,54.51,4469300.0,0.0,1.0
2011-11-23,54.09,54.23,53.13,53.18,2704400.0,0.0,1.0
2011-11-25,53.22,53.34,52.54,52.72,2194300.0,0.0,1.0
2011-11-28,53.84,54.75,53.65,54.54,3199600.0,0.0,1.0
2011-11-29,54.59,55.02,54.55,54.89,2429800.0,0.0,1.0
2011-11-30,56.07,56.5,55.621,56.04,3832300.0,0.0,1.0
2011-12-01,56.1,56.53,55.88,56.29,3397300.0,0.0,1.0
2011-12-02,56.63,56.88,56.09,56.25,2951400.0,0.0,1.0
2011-12-05,56.85,57.24,56.6,57.09,3278300.0,0.0,1.0
2011-12-06,57.04,57.49,56.41,57.33,3058000.0,0.0,1.0
2011-12-07,57.47,58.11,57.04,58.01,4692000.0,0.0,1.0
2011-12-08,57.84,58.95,57.39,57.49,4624400.0,0.0,1.0
2011-12-09,58.11,58.56,57.74,57.96,4152200.0,0.0,1.0
2011-12-12,57.59,59.05,57.23,58.96,5189900.0,0.0,1.0
2011-12-13,59.0,59.17,58.15,58.28,4163200.0,0.0,1.0
2011-12-14,58.2,58.66,57.09,57.37,4690000.0,0.0,1.0
2011-12-15,57.83,58.06,57.16,57.5,3061300.0,0.0,1.0
2011-12-16,57.98,58.15,57.4803,57.7,4359000.0,0.0,1.0
2011-12-19,57.72,58.15,57.45,57.6,2489900.0,0.0,1.0
2011-12-20,58.11,58.61,57.91,58.33,3983900.0,0.0,1.0
2011-12-21,58.49,58.7,58.0,58.44,4235500.0,0.0,1.0
2011-12-22,58.44,58.53,58.16,58.39,2490100.0,0.0,1.0
2011-12-23,58.55,59.03,58.5,59.03,1920600.0,0.0,1.0
2011-12-27,59.02,59.48,58.78,59.3,2164000.0,0.0,1.0
2011-12-28,59.33,59.4,58.7,58.98,1805700.0,0.0,1.0
2011-12-29,59.12,59.79,59.11,59.58,1734200.0,0.0,1.0
2011-12-30,59.5,59.59,59.01,59.01,1246200.0,0.0,1.0
2012-01-03,59.61,59.9,58.49,58.57,3404500.0,0.0,1.0
2012-01-04,58.47,59.5,58.47,58.97,3604000.0,0.0,1.0
2012-01-05,58.88,59.5,58.4,59.42,3637400.0,0.0,1.0
2012-01-06,59.33,59.98,59.2,59.85,2704000.0,0.0,1.0
2012-01-09,59.81,59.894,59.32,59.62,2648900.0,0.0,1.0
2012-01-10,60.09,60.45,59.58,59.99,3469400.0,0.0,1.0
2012-01-11,59.77,61.64,59.77,60.92,6130400.0,0.285,1.0
2012-01-12,61.07,61.55,60.68,60.86,3445500.0,0.0,1.0
2012-01-13,60.68,61.32,60.61,61.23,3648200.0,0.0,1.0
2012-01-17,61.86,62.5,61.6,61.89,3012800.0,0.0,1.0
2012-01-18,61.83,63.0,61.8,62.66,3772000.0,0.0,1.0
2012-01-19,62.7,62.98,62.17,62.47,3601500.0,0.0,1.0
2012-01-20,62.85,63.44,62.39,62.48,4074200.0,0.0,1.0
2012-01-23,62.51,62.6,61.7,62.27,2765900.0,0.0,1.0
2012-01-24,61.98,62.36,61.25,62.27,3303400.0,0.0,1.0
2012-01-25,62.15,62.84,62.07,62.65,2497700.0,0.0,1.0
2012-01-26,62.89,63.0,62.18,62.48,2028100.0,0.0,1.0
2012-01-27,62.4,63.01,62.3,62.85,3864200.0,0.0,1.0
2012-01-30,62.48,63.83,62.03,63.68,3323900.0,0.0,1.0
2012-01-31,63.79,64.2,63.04,63.33,3469200.0,0.0,1.0
2012-02-01,63.75,64.41,63.43,64.18,2931900.0,0.0,1.0
2012-02-02,63.98,64.24,63.48,63.78,3470500.0,0.0,1.0
2012-02-03,64.51,64.7465,63.8,63.84,3938600.0,0.0,1.0
2012-02-06,63.65,64.07,63.06,63.19,5622300.0,0.0,1.0
2012-02-07,64.89,65.79,64.49,64.85,12812600.0,0.0,1.0
2012-02-08,65.49,65.7,64.17,64.44,6285600.0,0.0,1.0
2012-02-09,64.54,65.07,64.45,64.91,6423800.0,0.0,1.0
2012-02-10,64.51,65.23,64.3,64.74,3776900.0,0.0,1.0
2012-02-13,65.02,65.06,64.46,64.58,3248800.0,0.0,1.0
2012-02-14,64.44,64.45,63.28,63.98,5727900.0,0.0,1.0
2012-02-15,64.21,64.45,63.37,63.72,4097900.0,0.0,1.0
2012-02-16,63.67,64.8675,63.625,64.73,3005000.0,0.0,1.0
2012-02-17,64.93,65.48,64.73,65.25,5514800.0,0.0,1.0
2012-02-21,65.46,65.9,65.29,65.5,3292700.0,0.0,1.0
2012-02-22,65.33,65.99,65.1,65.9,4243400.0,0.0,1.0
2012-02-23,65.84,65.93,65.22,65.83,2995900.0,0.0,1.0
2012-02-24,65.795,65.85,65.31,65.54,2403600.0,0.0,1.0
2012-02-27,65.225,65.85,65.01,65.56,1752300.0,0.0,1.0
2012-02-28,65.55,65.99,65.45,65.96,2147600.0,0.0,1.0
2012-02-29,65.99,66.55,65.61,66.24,3001700.0,0.0,1.0
2012-03-01,66.23,66.6499,65.991,66.22,2551300.0,0.0,1.0
2012-03-02,66.13,66.41,65.95,66.24,2078900.0,0.0,1.0
2012-03-05,66.25,66.62,66.01,66.36,1663400.0,0.0,1.0
2012-03-06,65.7,66.13,65.08,65.48,3204900.0,0.0,1.0
2012-03-07,65.5,66.63,65.35,66.51,2960800.0,0.0,1.0
2012-03-08,65.97,67.25,65.82,66.99,3565800.0,0.0,1.0
2012-03-09,67.56,67.58,67.08,67.41,2089200.0,0.0,1.0
2012-03-12,67.58,67.84,66.82,66.93,1911100.0,0.0,1.0
2012-03-13,67.43,68.71,67.31,68.63,2884800.0,0.0,1.0
2012-03-14,68.8,69.345,68.2,68.64,3419000.0,0.0,1.0
2012-03-15,69.03,69.03,68.0401,68.62,2003700.0,0.0,1.0
2012-03-16,68.67,68.94,68.11,68.4,2604000.0,0.0,1.0
2012-03-19,68.53,69.08,68.0,69.06,2039500.0,0.0,1.0
2012-03-20,68.78,70.41,68.77,70.21,3767200.0,0.0,1.0
2012-03-21,70.07,70.21,69.63,69.92,2190000.0,0.0,1.0
2012-03-22,69.78,71.12,69.78,70.72,3522700.0,0.0,1.0
2012-03-23,70.81,70.82,69.62,70.64,2735900.0,0.0,1.0
2012-03-26,70.78,71.47,70.69,71.44,2359900.0,0.0,1.0
2012-03-27,71.6,71.79,70.57,70.62,3682200.0,0.0,1.0
2012-03-28,70.63,71.03,70.04,70.4,3103400.0,0.0,1.0
2012-03-29,70.0,70.41,69.71,70.29,1986300.0,0.0,1.0
2012-03-30,70.8,71.42,70.38,71.18,3516000.0,0.0,1.0
2012-04-02,71.1,71.12,69.89,70.0,4211400.0,0.0,1.0
2012-04-03,70.03,71.02,69.93,70.71,4099300.0,0.0,1.0
2012-04-04,70.18,70.58,69.81,70.06,2293600.0,0.0,1.0
2012-04-05,69.99,70.72,69.77,70.68,2296900.0,0.0,1.0
2012-04-09,69.67,70.215,69.67,70.0,1832900.0,0.0,1.0
2012-04-10,69.75,70.15,68.42,68.48,3202200.0,0.0,1.0
2012-04-11,68.79,70.49,68.65,70.11,3612100.0,0.285,1.0
2012-04-12,70.25,70.98,69.87,70.87,2302700.0,0.0,1.0
2012-04-13,70.78,73.7,70.72,72.86,6142400.0,0.0,1.0
2012-04-16,73.1,73.27,71.68,72.25,5591300.0,0.0,1.0
2012-04-17,73.43,73.65,72.39,73.19,4426200.0,0.0,1.0
2012-04-18,72.71,73.27,72.61,72.94,5244500.0,0.0,1.0
2012-04-19,71.44,72.74,70.98,71.41,7939400.0,0.0,1.0
2012-04-20,72.23,74.44,71.8,73.93,8059100.0,0.0,1.0
2012-04-23,73.53,73.84,72.8,73.78,4121900.0,0.0,1.0
2012-04-24,73.48,73.85,72.08,72.24,4393400.0,0.0,1.0
2012-04-25,72.69,73.048,72.16,72.75,4211600.0,0.0,1.0
2012-04-26,72.79,73.29,72.36,72.89,2805000.0,0.0,1.0
2012-04-27,72.95,73.5275,72.38,73.32,2410800.0,0.0,1.0
2012-04-30,73.12,73.27,72.43,72.73,2053300.0,0.0,1.0
2012-05-01,73.02,74.33,72.88,73.55,2319800.0,0.0,1.0
2012-05-02,73.31,74.07,73.13,73.69,2478600.0,0.0,1.0
2012-05-03,74.0,74.1,71.48,72.0,5728500.0,0.0,1.0
2012-05-04,71.71,71.94,70.79,71.15,2962800.0,0.0,1.0
2012-05-07,71.11,72.69,70.84,72.38,3356900.0,0.0,1.0
2012-05-08,71.93,72.05,70.81,71.81,4087600.0,0.0,1.0
2012-05-09,70.99,71.1,70.25,70.44,3833100.0,0.0,1.0
2012-05-10,70.96,71.85,70.77,71.36,2770200.0,0.0,1.0
2012-05-11,71.1,72.37,71.07,71.7,2545300.0,0.0,1.0
2012-05-14,71.1,71.38,69.7,69.81,3404500.0,0.0,1.0
2012-05-15,69.8,71.08,69.66,69.76,3341000.0,0.0,1.0
2012-05-16,69.86,70.63,69.82,70.14,2692600.0,0.0,1.0
2012-05-17,70.05,70.19,67.91,68.02,4318700.0,0.0,1.0
2012-05-18,68.09,68.36,67.23,67.43,4696800.0,0.0,1.0
2012-05-21,67.67,69.17,67.25,69.11,2893800.0,0.0,1.0
2012-05-22,69.56,71.4,69.27,70.48,4426100.0,0.0,1.0
2012-05-23,69.87,70.8527,69.46,70.69,2662200.0,0.0,1.0
2012-05-24,71.03,71.36,69.52,70.49,4340400.0,0.0,1.0
2012-05-25,70.02,70.908,70.02,70.4,1914100.0,0.0,1.0
2012-05-29,70.76,71.88,70.7401,71.49,2516400.0,0.0,1.0
2012-05-30,70.89,70.92,70.16,70.34,2779900.0,0.0,1.0
2012-05-31,70.33,70.955,69.56,70.36,3197700.0,0.0,1.0
2012-06-01,67.74,68.43,64.36,64.7,13368800.0,0.0,1.0
2012-06-04,63.72,64.36,62.77,64.23,6437400.0,0.0,1.0
2012-06-05,63.83,64.7,63.73,64.4,3149000.0,0.0,1.0
2012-06-06,65.16,67.71,65.07,66.74,5821300.0,0.0,1.0
2012-06-07,67.79,68.54,66.58,66.77,3385000.0,0.0,1.0
2012-06-08,64.89,64.9,62.37,64.59,11461500.0,0.0,1.0
2012-06-11,65.26,65.34,63.4,63.45,5571800.0,0.0,1.0
2012-06-12,63.43,64.13,63.07,63.5,4416100.0,0.0,1.0
2012-06-13,63.53,64.38,62.5,62.86,3352500.0,0.0,1.0
2012-06-14,63.08,64.75,63.02,64.42,3925700.0,0.0,1.0
2012-06-15,64.94,65.09,64.34,64.99,3446800.0,0.0,1.0
2012-06-18,64.63,65.935,64.54,65.8,3156900.0,0.0,1.0
2012-06-19,66.21,67.48,65.87,67.25,4950900.0,0.0,1.0
2012-06-20,67.31,67.59,65.36,66.23,4745000.0,0.0,1.0
2012-06-21,66.48,66.56,64.94,65.01,2998500.0,0.0,1.0
2012-06-22,66.1,66.74,65.66,66.11,3556000.0,0.0,1.0
2012-06-25,65.28,65.61,64.66,65.3,2928300.0,0.0,1.0
2012-06-26,65.53,65.83,64.985,65.46,2423200.0,0.0,1.0
2012-06-27,65.31,65.63,64.15,64.63,2635400.0,0.0,1.0
2012-06-28,64.05,64.35,62.83,63.89,4208100.0,0.0,1.0
2012-06-29,63.33,64.49,61.55,64.42,8757900.0,0.0,1.0
2012-07-02,64.27,64.71,63.33,63.95,3201000.0,0.0,1.0
2012-07-03,63.52,63.68,62.07,63.19,3561800.0,0.0,1.0
2012-07-05,63.0,65.17,63.0,64.75,4653200.0,0.0,1.0
2012-07-06,64.5,65.47,64.13,64.92,3969500.0,0.0,1.0
2012-07-09,65.0,65.0,63.2,63.47,4950700.0,0.0,1.0
2012-07-10,63.96,64.33,62.81,63.05,4438000.0,0.0,1.0
2012-07-11,62.97,63.13,61.76,61.95,5806400.0,0.285,1.0
2012-07-12,61.47,63.41,61.05,63.14,7856800.0,0.0,1.0
2012-07-13,63.11,64.84,62.8,64.72,4605100.0,0.0,1.0
2012-07-16,64.39,64.84,63.84,64.04,3788800.0,0.0,1.0
2012-07-17,64.28,65.7,63.83,64.41,5467800.0,0.0,1.0
2012-07-18,64.45,65.81,64.08,65.55,6777900.0,0.0,1.0
2012-07-19,63.43,67.5,63.42,65.86,12531200.0,0.0,1.0
2012-07-20,65.46,65.55,63.7,64.95,9149200.0,0.0,1.0
2012-07-23,63.75,64.16,63.06,63.12,4952000.0,0.0,1.0
2012-07-24,63.36,63.36,62.27,62.76,3193300.0,0.0,1.0
2012-07-25,62.85,63.98,62.85,63.51,3336200.0,0.0,1.0
2012-07-26,64.34,65.47,64.34,65.11,3783400.0,0.0,1.0
2012-07-27,65.15,66.985,65.04,66.73,4154000.0,0.0,1.0
2012-07-30,66.77,66.99,66.04,66.4,3237800.0,0.0,1.0
2012-07-31,66.24,66.24,64.75,64.84,5563300.0,0.0,1.0
2012-08-01,65.18,65.4,64.47,64.56,3786900.0,0.0,1.0
2012-08-02,64.34,65.72,64.16,65.66,4110100.0,0.0,1.0
2012-08-03,66.89,68.66,66.52,67.53,4717700.0,0.0,1.0
2012-08-06,67.55,68.0,67.26,67.32,2391300.0,0.0,1.0
2012-08-07,67.67,68.17,67.1,67.11,2785900.0,0.0,1.0
2012-08-08,66.39,66.8362,66.0,66.58,3203700.0,0.0,1.0
2012-08-09,66.62,66.92,66.45,66.61,2494300.0,0.0,1.0
2012-08-10,66.42,66.84,66.26,66.83,1603800.0,0.0,1.0
2012-08-13,66.79,67.08,66.62,66.97,1943500.0,0.0,1.0
2012-08-14,67.11,67.22,65.45,66.25,5327600.0,0.0,1.0
2012-08-15,66.28,66.38,65.57,65.9,4156400.0,0.0,1.0
2012-08-16,66.25,66.73,65.8,66.13,2884400.0,0.0,1.0
2012-08-17,66.4,66.77,65.97,66.1,3600200.0,0.0,1.0
2012-08-20,66.24,66.34,65.1,65.18,2865400.0,0.0,1.0
2012-08-21,65.07,65.81,65.07,65.6,4052000.0,0.0,1.0
2012-08-22,65.4,65.8,65.2,65.29,2500900.0,0.0,1.0
2012-08-23,65.24,65.38,64.3,64.67,2874800.0,0.0,1.0
2012-08-24,64.23,64.24,62.9,64.03,4125600.0,0.0,1.0
2012-08-27,64.22,64.54,63.45,63.92,3292000.0,0.0,1.0
2012-08-28,63.85,64.23,63.43,63.78,2235300.0,0.0,1.0
2012-08-29,63.76,64.36,63.745,63.9,1786800.0,0.0,1.0
2012-08-30,63.7,63.98,63.31,63.36,1945400.0,0.0,1.0
2012-08-31,63.88,64.0,63.26,63.72,2429800.0,0.0,1.0
2012-09-04,63.48,63.69,62.75,62.98,2557800.0,0.0,1.0
2012-09-05,62.93,63.63,62.8,63.34,2510200.0,0.0,1.0
2012-09-06,63.78,65.05,63.64,64.08,3896000.0,0.0,1.0
2012-09-07,64.33,65.75,64.155,65.75,3885300.0,0.0,1.0
2012-09-10,65.77,66.65,65.68,66.13,3874900.0,0.0,1.0
2012-09-11,66.68,67.97,66.44,66.85,4736500.0,0.0,1.0
2012-09-12,66.93,67.23,65.76,66.79,3940400.0,0.0,1.0
2012-09-13,66.85,67.46,66.06,67.21,2276900.0,0.0,1.0
2012-09-14,67.42,67.69,66.32,66.56,4534500.0,0.0,1.0
2012-09-17,66.6,66.8,66.25,66.54,4690400.0,0.0,1.0
2012-09-18,66.54,66.87,66.33,66.81,2861900.0,0.0,1.0
2012-09-19,66.64,68.03,66.64,67.83,3082200.0,0.0,1.0
2012-09-20,67.805,68.19,67.4,68.19,2853500.0,0.0,1.0
2012-09-21,68.92,69.21,68.49,68.52,3711600.0,0.0,1.0
2012-09-24,67.95,68.41,67.75,68.24,1789300.0,0.0,1.0
2012-09-25,68.67,68.88,66.72,66.72,3206700.0,0.0,1.0
2012-09-26,66.8,67.05,65.98,66.54,2532200.0,0.0,1.0
2012-09-27,67.01,68.13,66.75,67.63,3444700.0,0.0,1.0
2012-09-28,65.68,66.83,64.53,66.34,4604600.0,0.0,1.0
2012-10-01,66.8,67.85,66.74,67.42,3558700.0,0.0,1.0
2012-10-02,67.49,68.0,65.81,66.45,3791000.0,0.0,1.0
2012-10-03,66.7,66.98,66.01,66.42,1992400.0,0.0,1.0
2012-10-04,66.76,66.9,66.13,66.47,2190500.0,0.0,1.0
2012-10-05,66.89,67.15,65.62,66.0,3724700.0,0.0,1.0
2012-10-08,66.11,67.1,65.92,66.94,3334700.0,0.0,1.0
2012-10-09,66.8,68.29,65.99,66.04,5717900.0,0.0,1.0
2012-10-10,70.18,72.0,69.15,70.99,18930600.0,0.335,1.0
2012-10-11,71.26,71.55,69.23,69.93,7015800.0,0.0,1.0
2012-10-12,69.72,69.91,69.09,69.45,2929900.0,0.0,1.0
2012-10-15,69.73,71.17,69.63,70.82,4067200.0,0.0,1.0
2012-10-16,71.07,71.5591,70.02,70.95,3397400.0,0.0,1.0
2012-10-17,71.3,72.0,70.95,71.35,2698300.0,0.0,1.0
2012-10-18,71.35,72.15,71.29,72.09,3493200.0,0.0,1.0
2012-10-19,71.44,71.68,69.79,70.09,4486900.0,0.0,1.0
2012-10-22,70.19,70.74,69.68,70.19,2073700.0,0.0,1.0
2012-10-23,69.68,70.22,69.0,70.01,3091700.0,0.0,1.0
2012-10-24,70.41,70.71,69.6811,69.93,2758000.0,0.0,1.0
2012-10-25,70.27,70.86,69.835,70.19,2521900.0,0.0,1.0
2012-10-26,69.93,70.06,69.43,69.9,2145400.0,0.0,1.0
2012-10-31,70.64,70.6795,69.58,70.11,2130000.0,0.0,1.0
2012-11-01,70.08,73.3,69.99,72.82,4778100.0,0.0,1.0
2012-11-02,73.27,73.86,72.08,72.12,3051300.0,0.0,1.0
2012-11-05,71.88,72.49,71.63,72.29,2196200.0,0.0,1.0
2012-11-06,72.57,73.305,72.52,73.15,2521100.0,0.0,1.0
2012-11-07,72.42,73.0,71.56,71.88,2592500.0,0.0,1.0
2012-11-08,71.41,71.75,70.7,71.14,3044700.0,0.0,1.0
2012-11-09,71.07,72.75,70.4196,71.97,3147500.0,0.0,1.0
2012-11-12,72.16,72.94,71.54,72.76,2965400.0,0.0,1.0
2012-11-13,72.44,73.66,72.03,72.7,2603400.0,0.0,1.0
2012-11-14,72.93,73.26,71.04,71.31,3773200.0,0.0,1.0
2012-11-15,71.16,72.03,70.86,71.11,2309300.0,0.0,1.0
2012-11-16,71.14,72.15,70.56,71.89,3502700.0,0.0,1.0
2012-11-19,72.82,73.34,72.52,73.32,1946900.0,0.0,1.0
2012-11-20,72.89,72.89,71.51,72.39,3149200.0,0.0,1.0
2012-11-21,72.77,73.89,72.61,73.53,2734000.0,0.0,1.0
2012-11-23,74.0,74.35,73.62,74.0,1936400.0,0.0,1.0
2012-11-26,73.79,73.85,73.06,73.63,2587300.0,0.0,1.0
2012-11-27,73.73,74.44,73.56,73.8,1900300.0,0.0,1.0
2012-11-28,73.68,74.16,73.039,73.89,2556600.0,0.0,1.0
2012-11-29,73.99,74.75,73.37,74.47,3011100.0,0.0,1.0
2012-11-30,67.5,68.2,66.73,67.08,18706500.0,0.0,1.0
2012-12-03,67.12,67.75,66.64,66.79,6150300.0,0.0,1.0
2012-12-04,66.64,66.84,65.35,65.89,5880200.0,0.0,1.0
2012-12-05,66.23,66.47,65.43,65.9,3744600.0,0.0,1.0
2012-12-06,66.01,68.09,65.53,66.92,4877900.0,0.0,1.0
2012-12-07,67.2,67.61,66.05,66.3,3918400.0,0.0,1.0
2012-12-10,66.59,66.86,65.76,66.25,4087800.0,0.0,1.0
2012-12-11,66.46,67.87,66.28,67.52,4259200.0,0.0,1.0
2012-12-12,68.19,68.25,67.5,67.64,3600600.0,0.0,1.0
2012-12-13,68.84,68.9,67.62,67.8,4267700.0,0.0,1.0
2012-12-14,67.87,68.45,67.761,67.9,3784900.0,0.0,1.0
2012-12-17,68.11,69.09,67.802,69.07,3675800.0,0.0,1.0
2012-12-18,69.34,70.35,68.9,69.05,5258200.0,0.0,1.0
2012-12-19,68.84,68.87,67.15,67.16,7848100.0,0.0,1.0
2012-12-20,67.13,67.16,65.83,66.49,6049600.0,0.0,1.0
2012-12-21,65.55,65.6,63.07,63.88,11992700.0,0.0,1.0
2012-12-24,64.73,65.24,64.41,65.01,2695600.0,0.0,1.0
2012-12-26,65.01,65.35,64.605,65.04,2899500.0,0.0,1.0
2012-12-27,65.28,65.8,64.74,65.46,3356000.0,0.0,1.0
2012-12-28,65.06,65.29,64.7,64.72,2804200.0,0.0,1.0
2012-12-31,64.72,66.47,64.56,66.4,3338700.0,0.0,1.0
2013-01-02,67.5,67.5,66.32,67.16,4379100.0,0.0,1.0
2013-01-03,67.13,68.05,66.94,67.58,2627300.0,0.0,1.0
2013-01-04,67.44,68.45,66.85,68.32,2719400.0,0.0,1.0
2013-01-07,67.99,68.29,66.71,67.89,3802600.0,0.0,1.0
2013-01-08,64.4,65.43,64.4,65.04,12403800.0,0.0,1.0
2013-01-09,65.06,65.38,64.09,64.82,7451800.0,0.335,1.0
2013-01-10,65.3,66.52,65.26,66.25,4970500.0,0.0,1.0
2013-01-11,66.11,66.96,65.54,66.87,3981000.0,0.0,1.0
2013-01-14,66.95,67.18,66.05,66.15,3482500.0,0.0,1.0
2013-01-15,66.02,66.54,65.88,66.37,2680500.0,0.0,1.0
2013-01-16,65.93,66.25,65.86,65.95,3030100.0,0.0,1.0
2013-01-17,66.19,66.24,65.05,65.4,5682300.0,0.0,1.0
2013-01-18,65.4,65.48,64.905,65.15,4500300.0,0.0,1.0
2013-01-22,64.92,65.807,64.65,65.29,4131400.0,0.0,1.0
2013-01-23,65.4,66.13,65.3,66.1,4811300.0,0.0,1.0
2013-01-24,66.25,66.81,66.16,66.39,3853200.0,0.0,1.0
2013-01-25,65.7,65.73,64.0,64.63,8407800.0,0.0,1.0
2013-01-28,64.51,64.87,63.27,64.59,7591300.0,0.0,1.0
2013-01-29,64.25,65.03,64.0,64.24,4883100.0,0.0,1.0
2013-01-30,63.8799,64.57,63.18,64.24,11510900.0,0.0,1.0
2013-01-31,64.21,65.4,64.02,64.94,5129500.0,0.0,1.0
2013-02-01,65.22,66.02,64.8,65.93,4690700.0,0.0,1.0
2013-02-04,65.9,66.01,63.9,63.94,10501700.0,0.0,1.0
2013-02-05,59.74,62.62,59.68,62.08,29144200.0,0.0,1.0
2013-02-06,61.31,63.21,61.11,62.93,9060200.0,0.0,1.0
2013-02-07,63.04,63.95,63.0,63.57,6844100.0,0.0,1.0
2013-02-08,63.7,65.49,63.66,65.3,7190100.0,0.0,1.0
2013-02-11,65.16,65.19,64.48,64.55,5352600.0,0.0,1.0
2013-02-12,64.58,65.06,64.06,64.75,4934400.0,0.0,1.0
2013-02-13,64.77,64.91,63.95,64.41,4000000.0,0.0,1.0
2013-02-14,64.27,64.536,63.77,63.89,3949600.0,0.0,1.0
2013-02-15,63.82,64.5,63.445,63.99,4334200.0,0.0,1.0
2013-02-19,64.2,65.185,63.93,65.15,4286800.0,0.0,1.0
2013-02-20,65.17,65.46,64.52,64.56,4302900.0,0.0,1.0
2013-02-21,64.27,65.4,64.25,65.05,4487400.0,0.0,1.0
2013-02-22,65.21,65.596,64.72,65.45,2579100.0,0.0,1.0
2013-02-25,65.62,66.39,64.73,64.73,4388000.0,0.0,1.0
2013-02-26,65.15,65.48,64.305,64.87,3758300.0,0.0,1.0
2013-02-27,64.85,65.65,64.76,65.38,1984600.0,0.0,1.0
2013-02-28,65.63,66.48,65.43,65.48,3367400.0,0.0,1.0
2013-03-01,64.89,65.62,64.35,65.21,3079700.0,0.0,1.0
2013-03-04,65.11,65.48,64.951,65.47,2148600.0,0.0,1.0
2013-03-05,65.59,66.83,65.55,66.3,3145800.0,0.0,1.0
2013-03-06,66.36,68.0,66.3,66.91,4263600.0,0.0,1.0
2013-03-07,66.82,67.31,66.626,67.25,3538700.0,0.0,1.0
2013-03-08,67.71,68.37,67.67,67.72,4600400.0,0.0,1.0
2013-03-11,67.78,67.97,67.325,67.84,4667000.0,0.0,1.0
2013-03-12,71.39,71.5,68.55,68.73,9455700.0,0.0,1.0
2013-03-13,68.61,69.63,68.55,69.35,5971900.0,0.0,1.0
2013-03-14,69.46,69.91,69.25,69.85,2672200.0,0.0,1.0
2013-03-15,69.53,70.2,69.24,70.2,3497500.0,0.0,1.0
2013-03-18,69.31,69.63,68.75,69.11,3187000.0,0.0,1.0
2013-03-19,69.27,69.54,68.46,68.84,2390700.0,0.0,1.0
2013-03-20,69.18,69.71,68.95,69.45,1649100.0,0.0,1.0
2013-03-21,69.06,69.9,69.06,69.46,1829500.0,0.0,1.0
2013-03-22,69.36,69.9,69.3,69.69,1791900.0,0.0,1.0
2013-03-25,70.54,70.98,70.295,70.7,3624500.0,0.0,1.0
2013-03-26,70.81,71.28,70.6,71.11,2958000.0,0.0,1.0
2013-03-27,70.62,71.39,70.6107,71.32,1932300.0,0.0,1.0
2013-03-28,71.32,72.21,70.9,71.94,3275200.0,0.0,1.0
2013-04-01,71.93,72.32,71.02,71.17,1587000.0,0.0,1.0
2013-04-02,70.82,70.92,69.43,70.15,5632400.0,0.0,1.0
2013-04-03,69.93,69.97,67.1,67.54,8693800.0,0.0,1.0
2013-04-04,67.61,68.28,67.32,67.73,3360500.0,0.0,1.0
2013-04-05,66.5,67.06,65.28,66.97,7611300.0,0.0,1.0
2013-04-08,66.16,67.37,66.1,67.33,3934700.0,0.0,1.0
2013-04-09,67.32,67.55,66.67,66.79,5919900.0,0.0,1.0
2013-04-10,66.78,67.7,66.735,66.76,5515900.0,0.335,1.0
2013-04-11,65.92,67.6,65.92,67.23,6904600.0,0.0,1.0
2013-04-12,67.1,67.87,66.95,67.8,3891400.0,0.0,1.0
2013-04-15,67.04,67.25,65.94,66.06,4417000.0,0.0,1.0
2013-04-16,66.3,66.87,66.02,66.65,4399000.0,0.0,1.0
2013-04-17,66.27,66.72,65.825,66.23,3680500.0,0.0,1.0
2013-04-18,66.34,66.42,64.87,65.0,4566100.0,0.0,1.0
2013-04-19,65.28,65.33,64.74,65.04,4851700.0,0.0,1.0
2013-04-22,65.04,65.43,64.57,65.26,3133000.0,0.0,1.0
2013-04-23,64.39,64.64,63.16,64.15,8453600.0,0.0,1.0
2013-04-24,68.4,69.78,67.76,68.65,10298000.0,0.0,1.0
2013-04-25,69.14,69.14,67.04,67.2,4743300.0,0.0,1.0
2013-04-26,66.99,67.2,66.62,66.86,2852400.0,0.0,1.0
2013-04-29,67.15,67.69,66.72,67.6,2762900.0,0.0,1.0
2013-04-30,67.5,68.22,66.98,68.12,3297200.0,0.0,1.0
2013-05-01,67.79,68.21,67.51,67.6,2089100.0,0.0,1.0
2013-05-02,67.63,68.38,67.25,68.08,2867800.0,0.0,1.0
2013-05-03,68.5,69.05,68.49,68.91,2760000.0,0.0,1.0
2013-05-06,68.0,68.74,67.95,68.38,2356000.0,0.0,1.0
2013-05-07,68.63,68.774,68.16,68.62,1830700.0,0.0,1.0
2013-05-08,68.7,69.675,68.45,69.58,3144700.0,0.0,1.0
2013-05-09,69.33,69.49,68.83,69.07,2208000.0,0.0,1.0
2013-05-10,69.31,70.36,69.27,70.36,3286300.0,0.0,1.0
2013-05-13,69.28,70.07,68.43,68.92,4759000.0,0.0,1.0
2013-05-14,69.18,70.22,69.0,70.15,2739100.0,0.0,1.0
2013-05-15,69.9,70.6,69.81,69.92,3340500.0,0.0,1.0
2013-05-16,69.92,70.125,69.3329,69.63,2783800.0,0.0,1.0
2013-05-17,69.72,70.29,69.23,70.16,2825000.0,0.0,1.0
2013-05-20,70.1,70.575,69.68,70.46,2660100.0,0.0,1.0
2013-05-21,70.26,70.64,70.0,70.18,2608000.0,0.0,1.0
2013-05-22,70.05,70.9299,69.51,69.83,2181300.0,0.0,1.0
2013-05-23,68.94,69.3738,68.66,69.3,2394400.0,0.0,1.0
2013-05-24,69.13,69.25,68.55,69.21,1809800.0,0.0,1.0
2013-05-28,69.86,70.41,69.6,70.03,1886400.0,0.0,1.0
2013-05-29,69.73,70.09,69.29,69.54,2141400.0,0.0,1.0
2013-05-30,69.5,69.52,68.56,68.6,2015000.0,0.0,1.0
2013-05-31,68.5,69.08,67.75,67.75,2453300.0,0.0,1.0
2013-06-03,67.79,69.01,67.79,69.01,2925900.0,0.0,1.0
2013-06-04,69.04,70.105,68.51,68.86,2600400.0,0.0,1.0
2013-06-05,68.61,69.12,67.8,68.03,2023000.0,0.0,1.0
2013-06-06,68.3,71.25,68.29,71.12,7427800.0,0.0,1.0
2013-06-07,72.24,73.64,72.12,73.52,5620600.0,0.0,1.0
2013-06-10,73.4,73.89,72.2,72.47,3975100.0,0.0,1.0
2013-06-11,71.86,73.06,71.69,71.76,3453600.0,0.0,1.0
2013-06-12,71.84,72.67,71.42,71.7,3452000.0,0.0,1.0
2013-06-13,71.53,71.845,71.05,71.61,2892600.0,0.0,1.0
2013-06-14,71.6,71.74,70.96,71.11,1788700.0,0.0,1.0
2013-06-17,71.54,72.24,70.96,71.6,1900900.0,0.0,1.0
2013-06-18,71.77,72.62,71.77,72.22,1741000.0,0.0,1.0
2013-06-19,72.2,72.64,71.33,71.51,1830900.0,0.0,1.0
2013-06-20,70.81,71.0,69.23,69.39,3125400.0,0.0,1.0
2013-06-21,69.72,70.0,68.82,68.98,4734200.0,0.0,1.0
2013-06-24,68.06,68.56,67.06,68.1,3287000.0,0.0,1.0
2013-06-25,68.87,69.11,68.32,68.34,2254600.0,0.0,1.0
2013-06-26,68.96,69.42,68.51,69.22,2141600.0,0.0,1.0
2013-06-27,69.81,69.99,69.16,69.6,1827800.0,0.0,1.0
2013-06-28,69.62,69.89,68.9,69.34,3062700.0,0.0,1.0
2013-07-01,69.6001,70.485,69.26,70.22,2166100.0,0.0,1.0
2013-07-02,70.18,70.87,69.878,70.1,2313900.0,0.0,1.0
2013-07-03,69.93,71.255,69.64,71.12,1840700.0,0.0,1.0
2013-07-05,71.6,71.73,70.74,71.66,1529300.0,0.0,1.0
2013-07-08,72.48,73.06,72.2,72.49,2500300.0,0.0,1.0
2013-07-09,73.31,73.46,72.66,73.0,2591600.0,0.0,1.0
2013-07-10,72.65,72.73,71.86,72.36,2645000.0,0.335,1.0
2013-07-11,70.92,72.74,70.38,71.53,6580800.0,0.0,1.0
2013-07-12,71.49,72.02,70.45,70.64,5886200.0,0.0,1.0
2013-07-15,70.85,72.11,70.79,71.76,3330700.0,0.0,1.0
2013-07-16,72.05,72.31,70.91,71.57,2962900.0,0.0,1.0
2013-07-17,72.0,72.0,71.09,71.4,1694700.0,0.0,1.0
2013-07-18,71.37,72.3801,71.275,72.2,2740800.0,0.0,1.0
2013-07-19,72.3,72.33,71.54,72.08,2021400.0,0.0,1.0
2013-07-22,71.52,71.99,71.3,71.47,1719000.0,0.0,1.0
2013-07-23,71.43,71.57,70.03,70.43,3170900.0,0.0,1.0
2013-07-24,70.64,71.5,70.41,71.45,3209700.0,0.0,1.0
2013-07-25,71.64,72.11,71.37,72.1,2048900.0,0.0,1.0
2013-07-26,72.0,74.02,71.77,74.0,3918800.0,0.0,1.0
2013-07-29,73.61,73.77,73.02,73.52,1780800.0,0.0,1.0
2013-07-30,73.8,73.98,72.8,73.05,1656000.0,0.0,1.0
2013-07-31,73.33,73.55,72.77,72.92,1551300.0,0.0,1.0
2013-08-01,73.5,74.13,73.35,73.9,1646400.0,0.0,1.0
2013-08-02,73.9,74.42,73.45,74.39,2137400.0,0.0,1.0
2013-08-05,74.5,74.84,73.72,74.82,2586000.0,0.0,1.0
2013-08-06,74.73,74.8,73.93,74.0,1879700.0,0.0,1.0
2013-08-07,74.33,74.66,73.845,73.88,1710200.0,0.0,1.0
2013-08-08,74.1,74.5,73.91,74.1,1310000.0,0.0,1.0
2013-08-09,73.92,74.95,73.8,74.4,1820600.0,0.0,1.0
2013-08-12,74.26,75.13,74.17,74.47,3153700.0,0.0,1.0
2013-08-13,72.41,73.1,71.73,72.97,5847800.0,0.0,1.0
2013-08-14,72.38,73.3199,72.28,73.06,2626400.0,0.0,1.0
2013-08-15,72.67,72.87,72.25,72.47,2053400.0,0.0,1.0
2013-08-16,72.25,72.6,72.0,72.16,1967100.0,0.0,1.0
2013-08-19,72.29,73.0,72.06,72.08,1587100.0,0.0,1.0
2013-08-20,72.32,73.04,72.26,72.64,1515100.0,0.0,1.0
2013-08-21,72.57,72.91,72.08,72.21,2011300.0,0.0,1.0
2013-08-22,72.43,73.0,72.36,72.75,1107000.0,0.0,1.0
2013-08-23,72.84,72.915,71.92,72.57,1806600.0,0.0,1.0
2013-08-26,72.55,72.75,71.91,72.03,1503800.0,0.0,1.0
2013-08-27,71.46,71.92,71.26,71.37,1704800.0,0.0,1.0
2013-08-28,71.18,71.3,70.76,70.78,2964400.0,0.0,1.0
2013-08-29,70.69,71.32,70.4,70.55,2610000.0,0.0,1.0
2013-08-30,70.52,70.52,69.57,70.02,3090300.0,0.0,1.0
2013-09-03,70.74,70.94,69.65,70.0,2473900.0,0.0,1.0
2013-09-04,69.24,69.685,68.78,69.63,5766800.0,0.0,1.0
2013-09-05,69.89,70.82,69.7425,69.84,2633400.0,0.0,1.0
2013-09-06,70.06,70.38,69.43,69.61,3449800.0,0.0,1.0
2013-09-09,70.14,71.71,70.14,71.48,3323500.0,0.0,1.0
2013-09-10,71.71,71.825,71.03,71.53,2854700.0,0.0,1.0
2013-09-11,71.61,72.21,71.32,72.21,1566000.0,0.0,1.0
2013-09-12,72.34,72.84,72.13,72.39,1795200.0,0.0,1.0
2013-09-13,72.51,72.7,72.09,72.53,1787000.0,0.0,1.0
2013-09-16,73.0,73.2,72.49,72.65,2016800.0,0.0,1.0
2013-09-17,72.57,73.215,72.46,72.74,2330300.0,0.0,1.0
2013-09-18,72.58,73.76,72.29,73.62,2031100.0,0.0,1.0
2013-09-19,73.66,73.66,72.69,72.73,2164500.0,0.0,1.0
2013-09-20,72.71,72.79,72.0,72.09,2751200.0,0.0,1.0
2013-09-23,71.91,72.1582,71.39,71.81,1301800.0,0.0,1.0
2013-09-24,71.85,72.71,71.71,72.06,1423900.0,0.0,1.0
2013-09-25,72.0,72.04,71.45,71.6,1206600.0,0.0,1.0
2013-09-26,71.89,72.55,71.7,72.37,1501900.0,0.0,1.0
2013-09-27,72.13,72.56,71.91,72.13,1151000.0,0.0,1.0
2013-09-30,71.52,71.86,71.02,71.39,2262200.0,0.0,1.0
2013-10-01,71.58,71.74,71.07,71.58,1670300.0,0.0,1.0
2013-10-02,70.91,71.38,70.0,70.7,3401100.0,0.0,1.0
2013-10-03,70.5,71.25,70.275,70.44,2507400.0,0.0,1.0
2013-10-04,70.6,71.68,70.57,71.53,2236400.0,0.0,1.0
2013-10-07,70.97,71.7899,70.89,71.43,3246100.0,0.0,1.0
2013-10-08,71.25,72.0815,70.94,71.67,6557100.0,0.0,1.0
2013-10-09,65.75,66.95,64.92,66.48,20648300.0,0.37,1.0
2013-10-10,66.85,67.15,65.67,65.94,6865300.0,0.0,1.0
2013-10-11,65.97,67.128,65.81,67.0,5610500.0,0.0,1.0
2013-10-14,66.84,67.29,66.55,66.94,3283200.0,0.0,1.0
2013-10-15,66.89,66.91,65.76,65.8,4994300.0,0.0,1.0
2013-10-16,66.17,66.6,66.12,66.46,3811500.0,0.0,1.0
2013-10-17,66.4,67.48,66.32,67.39,4084700.0,0.0,1.0
2013-10-18,67.71,67.79,66.62,66.68,4839200.0,0.0,1.0
2013-10-21,66.75,67.08,66.46,66.85,3373400.0,0.0,1.0
2013-10-22,67.04,67.28,66.78,67.07,4241800.0,0.0,1.0
2013-10-23,67.0,67.0,64.08,65.17,10134800.0,0.0,1.0
2013-10-24,65.42,66.02,65.21,66.0,2725100.0,0.0,1.0
2013-10-25,66.26,66.995,66.06,66.57,2766700.0,0.0,1.0
2013-10-28,66.57,66.95,66.57,66.76,2163100.0,0.0,1.0
2013-10-29,66.9,67.15,66.77,67.06,2037500.0,0.0,1.0
2013-10-30,67.47,68.5,67.47,68.16,3850400.0,0.0,1.0
2013-10-31,67.9,68.0,67.12,67.62,2585500.0,0.0,1.0
2013-11-01,67.61,68.61,67.512,68.48,3277600.0,0.0,1.0
2013-11-04,68.91,70.0,68.79,69.91,4211700.0,0.0,1.0
2013-11-05,69.49,70.3182,69.22,70.23,2909000.0,0.0,1.0
2013-11-06,70.32,70.7,69.8101,70.33,2945100.0,0.0,1.0
2013-11-07,70.43,70.7,69.63,69.8,2660000.0,0.0,1.0
2013-11-08,69.63,70.625,69.29,70.57,3025200.0,0.0,1.0
2013-11-11,70.92,72.69,70.6114,71.74,5110500.0,0.0,1.0
2013-11-12,71.56,71.74,70.715,71.49,4830800.0,0.0,1.0
2013-11-13,71.35,73.25,71.2,73.19,4691100.0,0.0,1.0
2013-11-14,73.2,73.49,72.9328,73.34,2474500.0,0.0,1.0
2013-11-15,73.48,73.99,73.18,73.98,2986900.0,0.0,1.0
2013-11-18,73.85,74.245,73.29,73.41,2651300.0,0.0,1.0
2013-11-19,73.5,73.99,73.26,73.78,1994900.0,0.0,1.0
2013-11-20,74.0,74.0,72.1,72.32,3713900.0,0.0,1.0
2013-11-21,72.44,75.15,72.34,74.92,5690300.0,0.0,1.0
2013-11-22,75.82,78.68,75.79,78.3,8320300.0,0.0,1.0
2013-11-25,77.88,78.37,77.45,78.01,2916800.0,0.0,1.0
2013-11-26,77.4,78.28,77.39,77.65,3254000.0,0.0,1.0
2013-11-27,77.48,77.69,76.88,77.59,2419100.0,0.0,1.0
2013-11-29,77.59,78.24,77.36,77.68,1361300.0,0.0,1.0
2013-12-02,77.56,78.57,77.38,77.71,2500800.0,0.0,1.0
2013-12-03,75.4,76.41,74.83,75.61,6714800.0,0.0,1.0
2013-12-04,75.66,76.16,75.4,75.66,2471500.0,0.0,1.0
2013-12-05,75.1,75.29,74.0,74.39,3789600.0,0.0,1.0
2013-12-06,75.25,75.34,74.08,74.37,2890800.0,0.0,1.0
2013-12-09,74.37,74.72,74.17,74.3,2788100.0,0.0,1.0
2013-12-10,74.3,74.3,73.24,73.41,2476900.0,0.0,1.0
2013-12-11,73.59,74.02,72.76,72.9,1908000.0,0.0,1.0
2013-12-12,72.63,72.89,71.5,71.6,2957300.0,0.0,1.0
2013-12-13,71.74,72.65,71.63,71.81,2225500.0,0.0,1.0
2013-12-16,73.07,73.89,72.7,73.23,2950700.0,0.0,1.0
2013-12-17,73.07,73.188,71.75,71.87,2467100.0,0.0,1.0
2013-12-18,71.87,72.74,71.25,72.73,2599500.0,0.0,1.0
2013-12-19,72.48,72.93,71.78,72.75,2697700.0,0.0,1.0
2013-12-20,72.85,73.79,72.77,73.39,3100300.0,0.0,1.0
2013-12-23,73.5,74.0,72.81,73.97,1820200.0,0.0,1.0
2013-12-24,73.96,74.19,73.63,74.1,708100.0,0.0,1.0
2013-12-26,74.12,74.4,73.92,74.11,812600.0,0.0,1.0
2013-12-27,74.41,74.41,73.56,73.87,872300.0,0.0,1.0
2013-12-30,73.85,74.97,73.84,74.92,1953300.0,0.0,1.0
2013-12-31,75.0,76.41,75.0,75.61,2132900.0,0.0,1.0
2014-01-02,75.38,75.61,74.83,75.09,1956300.0,0.0,1.0
2014-01-03,75.46,76.1,75.0,75.56,1457100.0,0.0,1.0
2014-01-06,75.52,76.14,75.29,75.5,2935800.0,0.0,1.0
2014-01-07,76.89,77.21,76.43,76.56,3619700.0,0.0,1.0
2014-01-08,76.68,77.33,76.21,76.53,4448600.0,0.0,1.0
2014-01-09,74.91,76.53,74.75,75.05,3773100.0,0.0,1.0
2014-01-10,75.4,75.91,74.76,75.02,2582200.0,0.0,1.0
2014-01-13,75.01,75.12,73.32,73.41,3475800.0,0.0,1.0
2014-01-14,73.52,74.13,73.15,73.23,4471300.0,0.0,1.0
2014-01-15,73.24,73.8,72.98,73.17,3164800.0,0.37,1.0
2014-01-16,73.25,73.83,72.25,72.3,3788300.0,0.0,1.0
2014-01-17,72.43,72.66,71.87,72.1,3712500.0,0.0,1.0
2014-01-21,72.71,72.865,70.99,71.15,3653100.0,0.0,1.0
2014-01-22,71.62,71.92,71.11,71.34,3162000.0,0.0,1.0
2014-01-23,70.54,70.679,69.32,69.8,4642700.0,0.0,1.0
2014-01-24,69.32,69.78,68.82,68.82,4187500.0,0.0,1.0
2014-01-27,68.79,68.91,67.06,67.84,4665400.0,0.0,1.0
2014-01-28,68.09,68.6,67.85,68.2,3121300.0,0.0,1.0
2014-01-29,67.75,67.92,65.87,66.51,6878700.0,0.0,1.0
2014-01-30,66.85,66.98,66.17,66.6,4370800.0,0.0,1.0
2014-01-31,66.13,67.59,65.83,67.15,5387300.0,0.0,1.0
2014-02-03,67.36,68.06,65.84,66.16,6752200.0,0.0,1.0
2014-02-04,71.59,72.58,70.55,72.06,14147200.0,0.0,1.0
2014-02-05,71.75,71.75,69.84,70.54,5688000.0,0.0,1.0
2014-02-06,70.69,71.86,70.55,71.17,3405400.0,0.0,1.0
2014-02-07,71.59,72.44,71.45,71.73,2850500.0,0.0,1.0
2014-02-10,72.0,72.8,71.6701,72.76,3632300.0,0.0,1.0
2014-02-11,72.95,73.625,72.7,73.21,3586400.0,0.0,1.0
2014-02-12,73.34,73.76,73.23,73.51,3034100.0,0.0,1.0
2014-02-13,73.05,73.89,72.86,73.82,2212800.0,0.0,1.0
2014-02-14,73.5,73.9,73.1,73.42,2894100.0,0.0,1.0
2014-02-18,73.4,73.74,72.97,73.24,2810500.0,0.0,1.0
2014-02-19,73.54,74.06,72.77,72.82,2245400.0,0.0,1.0
2014-02-20,72.9,73.32,72.45,72.98,1986200.0,0.0,1.0
2014-02-21,72.94,73.22,72.37,72.85,2099800.0,0.0,1.0
2014-02-24,72.87,73.4,72.7401,72.97,1799600.0,0.0,1.0
2014-02-25,73.0,73.8,72.52,73.28,2259000.0,0.0,1.0
2014-02-26,73.35,73.74,73.04,73.39,2520700.0,0.0,1.0
2014-02-27,73.39,74.17,73.38,73.79,2142400.0,0.0,1.0
2014-02-28,73.83,74.34,73.4,74.08,2375500.0,0.0,1.0
2014-03-03,73.34,73.76,72.7,73.61,2419000.0,0.0,1.0
2014-03-04,74.49,74.89,74.36,74.64,2666200.0,0.0,1.0
2014-03-05,74.93,74.96,74.33,74.81,1943100.0,0.0,1.0
2014-03-06,75.76,77.75,75.75,77.29,5267600.0,0.0,1.0
2014-03-07,77.38,77.69,76.51,77.16,2955800.0,0.0,1.0
2014-03-10,76.89,77.435,76.53,77.4,2419700.0,0.0,1.0
2014-03-11,77.35,77.95,77.0,77.33,2336400.0,0.0,1.0
2014-03-12,77.02,77.34,76.832,77.12,1988200.0,0.0,1.0
2014-03-13,77.24,77.5,75.6,75.83,2356500.0,0.0,1.0
2014-03-14,75.4,76.2,75.03,75.08,3323400.0,0.0,1.0
2014-03-17,75.42,75.79,74.93,75.12,3192300.0,0.0,1.0
2014-03-18,75.18,75.71,74.93,75.06,1942900.0,0.0,1.0
2014-03-19,75.28,75.54,73.669,74.2,1994400.0,0.0,1.0
2014-03-20,74.48,75.56,74.17,75.25,2898400.0,0.0,1.0
2014-03-21,76.0,76.7,75.23,75.27,2980700.0,0.0,1.0
2014-03-24,75.22,75.28,74.18,74.53,2097100.0,0.0,1.0
2014-03-25,74.93,74.97,73.57,73.78,2863700.0,0.0,1.0
2014-03-26,74.03,74.65,73.89,74.17,3356900.0,0.0,1.0
2014-03-27,73.95,74.13,72.23,73.2,3924900.0,0.0,1.0
2014-03-28,73.49,74.44,73.41,74.2,2276900.0,0.0,1.0
2014-03-31,74.93,75.56,74.51,75.39,3301600.0,0.0,1.0
2014-04-01,75.51,76.25,75.51,76.06,2731500.0,0.0,1.0
2014-04-02,77.91,77.91,76.3301,77.11,3842400.0,0.0,1.0
2014-04-03,77.48,77.595,76.125,76.44,2755000.0,0.0,1.0
2014-04-04,76.81,76.874,75.1101,75.44,2608100.0,0.0,1.0
2014-04-07,75.25,75.69,74.63,75.23,3282400.0,0.0,1.0
2014-04-08,74.93,76.64,74.7103,76.31,4548400.0,0.0,1.0
2014-04-09,76.11,77.07,76.01,76.81,3458000.0,0.37,1.0
2014-04-10,76.74,76.91,74.74,75.19,3345800.0,0.0,1.0
2014-04-11,74.9,75.17,74.27,74.37,2522900.0,0.0,1.0
2014-04-14,74.83,75.56,74.77,75.43,2577000.0,0.0,1.0
2014-04-15,75.65,76.26,74.76,75.47,2499900.0,0.0,1.0
2014-04-16,76.27,76.875,75.825,76.86,2598200.0,0.0,1.0
2014-04-17,76.65,77.11,76.18,76.34,2596200.0,0.0,1.0
2014-04-21,75.45,76.1,75.14,76.01,2674300.0,0.0,1.0
2014-04-22,76.23,77.64,76.1,77.48,5054100.0,0.0,1.0
2014-04-23,79.65,79.7,75.2796,76.81,7573400.0,0.0,1.0
2014-04-24,77.48,77.5,75.77,76.79,2355000.0,0.0,1.0
2014-04-25,76.61,77.87,76.47,77.67,3893400.0,0.0,1.0
2014-04-28,78.08,78.09,77.0,77.69,3828900.0,0.0,1.0
2014-04-29,77.81,77.9,76.86,76.98,2977500.0,0.0,1.0
2014-04-30,76.88,77.02,76.24,76.99,1890700.0,0.0,1.0
2014-05-01,76.92,76.9799,75.87,76.25,3025400.0,0.0,1.0
2014-05-02,76.45,76.9562,76.14,76.2,2327200.0,0.0,1.0
2014-05-05,76.01,76.41,75.51,76.3,1591500.0,0.0,1.0
2014-05-06,76.28,76.95,75.83,75.85,1978100.0,0.0,1.0
2014-05-07,76.13,76.2,75.45,75.77,2090400.0,0.0,1.0
2014-05-08,75.77,76.46,75.72,75.94,2611300.0,0.0,1.0
2014-05-09,76.28,76.345,75.49,76.33,1558000.0,0.0,1.0
2014-05-12,76.43,76.62,75.87,76.13,2430400.0,0.0,1.0
2014-05-13,76.65,76.85,76.26,76.47,1817400.0,0.0,1.0
2014-05-14,76.63,76.83,75.65,75.86,1342200.0,0.0,1.0
2014-05-15,75.92,76.03,74.07,74.87,3177400.0,0.0,1.0
2014-05-16,74.72,75.0,74.39,74.81,2135900.0,0.0,1.0
2014-05-19,74.56,74.73,74.16,74.6,1885300.0,0.0,1.0
2014-05-20,74.76,75.525,74.31,74.66,2767500.0,0.0,1.0
2014-05-21,74.94,74.94,74.38,74.67,1701000.0,0.0,1.0
2014-05-22,74.63,75.14,74.35,74.87,1761900.0,0.0,1.0
2014-05-23,74.87,74.99,74.48,74.77,1755600.0,0.0,1.0
2014-05-27,75.22,76.3601,75.04,76.17,2208600.0,0.0,1.0
2014-05-28,76.01,77.2,75.67,76.94,2963400.0,0.0,1.0
2014-05-29,76.92,77.2,76.3501,76.72,2238600.0,0.0,1.0
2014-05-30,76.84,77.4,76.65,77.31,2882000.0,0.0,1.0
2014-06-02,76.96,78.145,76.96,78.12,1630100.0,0.0,1.0
2014-06-03,77.98,78.76,77.7,78.65,2748400.0,0.0,1.0
2014-06-04,78.64,78.74,78.1,78.7,2102800.0,0.0,1.0
2014-06-05,78.87,79.34,78.55,79.11,1713800.0,0.0,1.0
2014-06-06,79.3,79.99,79.04,79.99,2259800.0,0.0,1.0
2014-06-09,79.93,80.2,79.56,79.82,3123800.0,0.0,1.0
2014-06-10,79.57,79.8,79.03,79.4,1302400.0,0.0,1.0
2014-06-11,79.06,79.62,78.85,79.53,1479400.0,0.0,1.0
2014-06-12,79.58,79.88,78.63,78.77,1937600.0,0.0,1.0
2014-06-13,78.73,79.38,78.25,79.23,1727900.0,0.0,1.0
2014-06-16,78.88,79.14,78.67,79.1,1387300.0,0.0,1.0
2014-06-17,78.92,79.54,78.75,79.49,1383800.0,0.0,1.0
2014-06-18,79.54,79.77,78.88,79.68,968700.0,0.0,1.0
2014-06-19,79.95,80.65,79.83,80.37,2260700.0,0.0,1.0
2014-06-20,80.37,80.61,80.09,80.5,2352300.0,0.0,1.0
2014-06-23,80.59,80.74,80.11,80.61,1751200.0,0.0,1.0
2014-06-24,80.33,81.1675,80.23,80.6,1607800.0,0.0,1.0
2014-06-25,80.6,82.095,80.3676,81.98,2909800.0,0.0,1.0
2014-06-26,82.0,82.13,81.18,81.72,2131100.0,0.0,1.0
2014-06-27,81.69,82.04,81.23,81.91,1857000.0,0.0,1.0
2014-06-30,81.8,81.8,80.995,81.2,2026200.0,0.0,1.0
2014-07-01,81.62,81.95,81.32,81.54,2325700.0,0.0,1.0
2014-07-02,81.65,82.2251,81.56,81.92,1437900.0,0.0,1.0
2014-07-03,81.95,82.94,81.85,82.49,1236000.0,0.0,1.0
2014-07-07,82.42,82.49,81.42,82.29,1727900.0,0.0,1.0
2014-07-08,82.36,82.73,81.87,82.3,3015700.0,0.0,1.0
2014-07-09,81.8,83.43,81.75,83.23,3033900.0,0.37,1.0
2014-07-10,82.45,82.72,81.965,82.47,1690900.0,0.0,1.0
2014-07-11,82.46,82.75,81.92,82.35,1283400.0,0.0,1.0
2014-07-14,82.85,83.44,82.58,83.29,1974700.0,0.0,1.0
2014-07-15,83.32,83.58,82.7,83.18,2678300.0,0.0,1.0
2014-07-16,83.31,83.45,82.5609,82.71,3641600.0,0.0,1.0
2014-07-17,80.58,81.0,76.65,77.01,12870200.0,0.0,1.0
2014-07-18,77.13,78.475,77.05,77.42,5021200.0,0.0,1.0
2014-07-21,76.43,76.43,74.1,74.13,8476300.0,0.0,1.0
2014-07-22,74.6,75.15,74.3,74.84,4467600.0,0.0,1.0
2014-07-23,75.43,75.53,74.7,74.71,5770800.0,0.0,1.0
2014-07-24,75.0,75.0,73.73,73.84,5930500.0,0.0,1.0
2014-07-25,73.89,74.4,73.89,74.04,3187600.0,0.0,1.0
2014-07-28,74.19,74.4,73.79,74.16,3389000.0,0.0,1.0
2014-07-29,74.47,75.08,73.81,73.81,3717200.0,0.0,1.0
2014-07-30,73.93,74.06,72.8,73.0,5273700.0,0.0,1.0
2014-07-31,68.69,69.48,68.09,69.4,17778100.0,0.0,1.0
2014-08-01,69.47,70.595,69.47,70.46,1503257.0,0.0,1.0
2014-08-04,70.55,71.06,70.165,70.18,1069500.0,0.0,1.0
2014-08-05,70.56,70.56,69.56,69.59,6142500.0,0.0,1.0
2014-08-06,70.09,70.54,69.6,70.0,3057400.0,0.0,1.0
2014-08-07,70.44,70.57,69.56,69.72,3459200.0,0.0,1.0
2014-08-08,69.88,70.29,69.38,69.97,2332400.0,0.0,1.0
2014-08-11,70.06,70.3201,69.9,70.04,2438500.0,0.0,1.0
2014-08-12,70.17,70.28,69.937,70.03,1963900.0,0.0,1.0
2014-08-13,70.4,70.91,70.08,70.48,1946200.0,0.0,1.0
2014-08-14,71.34,71.34,70.405,71.05,3263600.0,0.0,1.0
2014-08-15,71.49,71.87,71.3,71.48,3698300.0,0.0,1.0
2014-08-18,71.88,72.68,71.63,72.14,3349800.0,0.0,1.0
2014-08-19,72.49,72.71,71.82,72.49,4557500.0,0.0,1.0
2014-08-20,72.49,73.47,72.48,72.95,4554300.0,0.0,1.0
2014-08-21,73.21,73.21,72.05,72.28,3821500.0,0.0,1.0
2014-08-22,72.36,72.53,72.01,72.41,2612600.0,0.0,1.0
2014-08-25,72.75,73.11,72.55,72.77,2223700.0,0.0,1.0
2014-08-26,73.06,73.19,72.5,73.01,3448500.0,0.0,1.0
2014-08-27,73.06,73.1523,72.05,72.32,1983600.0,0.0,1.0
2014-08-28,72.0,72.57,71.72,72.31,2185600.0,0.0,1.0
2014-08-29,72.5,72.64,72.08,72.43,2155500.0,0.0,1.0
2014-09-02,72.0,72.36,70.72,71.42,4309900.0,0.0,1.0
2014-09-03,71.6,72.1,71.22,71.48,2620900.0,0.0,1.0
2014-09-04,69.89,71.85,69.63,71.68,7697200.0,0.0,1.0
2014-09-05,71.62,72.37,71.32,72.36,3111600.0,0.0,1.0
2014-09-08,72.29,72.465,71.92,72.34,1748500.0,0.0,1.0
2014-09-09,72.47,72.48,71.9,72.07,2613300.0,0.0,1.0
2014-09-10,71.98,72.72,71.89,72.59,2061700.0,0.0,1.0
2014-09-11,72.62,73.34,72.25,72.59,2232800.0,0.0,1.0
2014-09-12,72.32,72.43,71.27,71.58,2532700.0,0.0,1.0
2014-09-15,71.39,71.97,71.39,71.74,1773100.0,0.0,1.0
2014-09-16,71.95,72.3,71.53,71.99,1930200.0,0.0,1.0
2014-09-17,72.2,72.87,71.86,72.42,2370100.0,0.0,1.0
2014-09-18,72.76,72.81,72.29,72.64,1320900.0,0.0,1.0
2014-09-19,72.95,73.35,72.65,72.98,3101000.0,0.0,1.0
2014-09-22,72.67,72.69,71.97,72.35,1428409.0,0.0,1.0
2014-09-23,72.33,72.5,71.69,71.75,1471210.0,0.0,1.0
2014-09-24,71.82,72.61,71.54,72.43,1715589.0,0.0,1.0
2014-09-25,72.53,72.71,71.405,71.54,2266771.0,0.0,1.0
2014-09-26,71.61,72.58,71.44,72.34,1417085.0,0.0,1.0
2014-09-29,71.86,72.94,71.55,72.66,2079796.0,0.0,1.0
2014-09-30,72.79,72.96,71.87,71.98,3136603.0,0.0,1.0
2014-10-01,71.93,72.34,71.1,71.51,3046842.0,0.0,1.0
2014-10-02,71.55,72.0,71.052,71.52,2275209.0,0.0,1.0
2014-10-03,72.11,72.83,71.6,71.63,3776010.0,0.0,1.0
2014-10-06,71.86,72.01,71.34,71.38,3033094.0,0.0,1.0
2014-10-07,70.86,70.89,69.72,69.73,6029483.0,0.0,1.0
2014-10-08,70.22,72.0,69.97,70.74,7914023.0,0.0,1.0
2014-10-09,70.71,70.72,68.96,69.0,3964449.0,0.0,1.0
2014-10-10,69.21,69.87,68.9,69.31,5004249.0,0.0,1.0
2014-10-13,69.22,69.75,67.5,67.62,3814775.0,0.0,1.0
2014-10-14,67.89,67.98,67.27,67.82,3533003.0,0.0,1.0
2014-10-15,66.47,67.52,65.81,67.23,4666446.0,0.41,1.0
2014-10-16,65.9,68.13,65.9,67.62,3172413.0,0.0,1.0
2014-10-17,68.4,68.85,67.965,68.37,2901659.0,0.0,1.0
2014-10-20,68.2,69.235,68.2,69.13,1577550.0,0.0,1.0
2014-10-21,69.15,70.15,69.03,69.8,2310778.0,0.0,1.0
2014-10-22,69.69,69.99,69.0,69.13,1979636.0,0.0,1.0
2014-10-23,69.62,69.66,69.045,69.25,1538336.0,0.0,1.0
2014-10-24,69.1,69.91,68.9,69.88,1859633.0,0.0,1.0
2014-10-27,69.7,69.75,69.29,69.64,1419401.0,0.0,1.0
2014-10-28,70.09,70.31,69.7,70.21,1772971.0,0.0,1.0
2014-10-29,70.33,70.37,69.31,69.61,2429217.0,0.0,1.0
2014-10-30,69.53,70.2,69.41,69.98,2097434.0,0.0,1.0
2014-10-31,70.56,72.15,70.32,71.83,6024007.0,0.0,1.0
2014-11-03,71.72,71.84,71.18,71.56,3074768.0,0.0,1.0
2014-11-04,71.5,72.16,71.36,72.06,2335348.0,0.0,1.0
2014-11-05,72.48,72.59,71.94,72.44,1977633.0,0.0,1.0
2014-11-06,73.09,73.35,72.45,73.1,2679866.0,0.0,1.0
2014-11-07,72.79,72.91,71.9,72.86,2421575.0,0.0,1.0
2014-11-10,73.17,73.74,73.01,73.27,2700545.0,0.0,1.0
2014-11-11,73.4,73.78,73.25,73.52,1533427.0,0.0,1.0
2014-11-12,73.38,74.62,73.34,74.56,2854271.0,0.0,1.0
2014-11-13,74.61,75.6,74.61,75.39,3895446.0,0.0,1.0
2014-11-14,75.22,75.3,74.55,74.78,2429159.0,0.0,1.0
2014-11-17,74.41,75.07,73.91,73.99,2213307.0,0.0,1.0
2014-11-18,73.99,74.58,73.67,74.19,2586790.0,0.0,1.0
2014-11-19,74.2,74.29,73.58,73.97,1612491.0,0.0,1.0
2014-11-20,74.5,75.755,74.49,75.51,4499027.0,0.0,1.0
2014-11-21,76.41,76.92,75.73,75.86,3654458.0,0.0,1.0
2014-11-24,76.31,76.66,75.66,76.39,2753912.0,0.0,1.0
2014-11-25,76.39,76.73,75.9,76.29,3223564.0,0.0,1.0
2014-11-26,76.44,76.83,76.1,76.75,2487289.0,0.0,1.0
2014-11-28,76.92,77.57,76.87,77.25,1505440.0,0.0,1.0
2014-12-01,75.61,77.775,75.6,77.38,3123478.0,0.0,1.0
2014-12-02,77.42,78.39,77.14,78.36,3634241.0,0.0,1.0
2014-12-03,78.53,78.57,76.98,77.64,3014968.0,0.0,1.0
2014-12-04,77.5,78.22,76.89,77.73,2228168.0,0.0,1.0
2014-12-05,78.08,78.52,77.71,78.3,1836426.0,0.0,1.0
2014-12-08,77.14,77.65,76.2,76.46,3400882.0,0.0,1.0
2014-12-09,75.61,75.96,75.0,75.22,4440338.0,0.0,1.0
2014-12-10,71.15,72.93,70.48,70.53,10302596.0,0.0,1.0
2014-12-11,71.01,72.96,70.55,72.02,7960980.0,0.0,1.0
2014-12-12,72.42,73.78,72.25,72.85,5649531.0,0.0,1.0
2014-12-15,73.03,73.15,70.59,70.63,5074164.0,0.0,1.0
2014-12-16,70.21,70.85,69.0,69.02,7050756.0,0.0,1.0
2014-12-17,69.31,70.67,69.2,70.6,5411318.0,0.0,1.0
2014-12-18,71.28,71.77,70.81,71.74,4513792.0,0.0,1.0
2014-12-19,71.38,72.26,70.85,71.17,5784930.0,0.0,1.0
2014-12-22,71.55,72.55,71.2425,72.46,2472579.0,0.0,1.0
2014-12-23,72.5,72.999,72.37,72.68,1605742.0,0.0,1.0
2014-12-24,73.04,73.09,72.62,72.79,799095.0,0.0,1.0
2014-12-26,72.87,73.38,72.66,73.14,1041493.0,0.0,1.0
2014-12-29,73.1,73.99,72.94,73.56,1892613.0,0.0,1.0
2014-12-30,73.52,73.775,73.12,73.28,1464524.0,0.0,1.0
2014-12-31,73.42,73.77,72.78,72.85,1539425.0,0.0,1.0
2015-01-02,73.44,73.51,72.0,72.35,1641547.0,0.0,1.0
2015-01-05,72.41,72.72,70.87,70.88,3176619.0,0.0,1.0
2015-01-06,71.36,71.4,69.38,70.01,3597727.0,0.0,1.0
2015-01-07,70.97,72.41,70.775,72.33,3273992.0,0.0,1.0
2015-01-08,72.9,73.78,72.84,73.59,3055647.0,0.0,1.0
2015-01-09,73.71,73.77,72.78,73.46,2635865.0,0.0,1.0
2015-01-12,73.15,73.47,72.67,72.91,2821283.0,0.0,1.0
2015-01-13,73.63,73.75,71.9,72.61,3326030.0,0.0,1.0
2015-01-14,71.31,73.04,71.18,72.31,3610525.0,0.41,1.0
2015-01-15,72.14,72.785,71.41,71.45,3877640.0,0.0,1.0
2015-01-16,71.33,72.51,70.92,72.43,2929310.0,0.0,1.0
2015-01-20,72.42,72.64,70.95,71.15,3699628.0,0.0,1.0
2015-01-21,70.79,71.6065,70.61,71.5,2804426.0,0.0,1.0
2015-01-22,72.0,74.13,71.69,73.79,3577143.0,0.0,1.0
2015-01-23,73.89,74.94,73.75,74.11,3260866.0,0.0,1.0
2015-01-26,73.79,74.51,73.76,74.24,2258595.0,0.0,1.0
2015-01-27,73.35,73.997,73.2252,73.43,3554321.0,0.0,1.0
2015-01-28,73.93,74.04,72.82,72.9,4790379.0,0.0,1.0
2015-01-29,72.65,74.3,72.39,74.27,2995565.0,0.0,1.0
2015-01-30,73.63,73.81,72.22,72.28,3127753.0,0.0,1.0
2015-02-02,72.44,72.86,70.5,72.73,3103454.0,0.0,1.0
2015-02-03,73.39,73.81,72.54,73.61,3323107.0,0.0,1.0
2015-02-04,73.29,74.2,73.28,73.65,3752740.0,0.0,1.0
2015-02-05,73.05,75.57,72.1103,75.2,9362883.0,0.0,1.0
2015-02-06,74.9,74.93,73.51,73.93,4699452.0,0.0,1.0
2015-02-09,73.46,74.21,72.98,73.11,2797639.0,0.0,1.0
2015-02-10,73.51,74.25,73.05,74.08,2340061.0,0.0,1.0
2015-02-11,74.23,74.41,73.5,73.99,2262756.0,0.0,1.0
2015-02-12,74.29,74.9,73.41,74.8,2300203.0,0.0,1.0
2015-02-13,74.63,74.9,74.23,74.69,2636358.0,0.0,1.0
2015-02-17,74.48,76.2,74.27,76.05,3916534.0,0.0,1.0
2015-02-18,75.95,76.775,75.51,76.5,3457093.0,0.0,1.0
2015-02-19,76.57,76.91,75.97,76.67,2348553.0,0.0,1.0
2015-02-20,76.69,77.64,76.215,77.53,3899164.0,0.0,1.0
2015-02-23,77.77,78.3,77.11,77.44,2297084.0,0.0,1.0
2015-02-24,77.42,78.06,77.08,77.86,2014287.0,0.0,1.0
2015-02-25,77.86,79.04,77.53,78.96,2743981.0,0.0,1.0
2015-02-26,78.87,79.5,78.215,79.39,3830458.0,0.0,1.0
2015-02-27,79.22,82.47,78.84,81.11,9799943.0,0.0,1.0
2015-03-02,81.0,82.8286,80.4801,81.8,3377534.0,0.0,1.0
2015-03-03,81.0,81.62,80.11,81.51,4648203.0,0.0,1.0
2015-03-04,80.48,81.16,79.77,80.08,7713593.0,0.0,1.0
2015-03-05,80.07,80.86,79.66,80.52,3352462.0,0.0,1.0
2015-03-06,79.84,80.29,78.78,79.16,4217629.0,0.0,1.0
2015-03-09,79.26,79.97,79.2,79.44,2374962.0,0.0,1.0
2015-03-10,78.97,79.19,77.85,77.88,3186292.0,0.0,1.0
2015-03-11,77.5,78.19,76.4,76.5,4676315.0,0.0,1.0
2015-03-12,77.06,77.93,76.74,77.84,2891923.0,0.0,1.0
2015-03-13,78.34,78.34,76.79,77.51,2624071.0,0.0,1.0
2015-03-16,78.06,78.47,77.72,78.19,3173792.0,0.0,1.0
2015-03-17,78.08,78.28,77.77,77.86,2845349.0,0.0,1.0
2015-03-18,77.97,79.3165,77.52,78.94,2671938.0,0.0,1.0
2015-03-19,78.8,79.1861,78.49,78.74,3082524.0,0.0,1.0
2015-03-20,79.21,80.0,78.87,79.21,6976084.0,0.0,1.0
2015-03-23,79.25,80.09,79.11,79.27,3454610.0,0.0,1.0
2015-03-24,79.5,80.36,79.5,80.17,4546349.0,0.0,1.0
2015-03-25,80.5,80.5,79.11,79.15,3450343.0,0.0,1.0
2015-03-26,78.53,79.18,78.22,78.55,2592727.0,0.0,1.0
2015-03-27,78.61,79.07,78.18,78.31,1947760.0,0.0,1.0
2015-03-30,78.36,79.58,78.36,79.41,2014523.0,0.0,1.0
2015-03-31,79.21,79.83,78.72,78.72,2395403.0,0.0,1.0
2015-04-01,78.65,78.8897,78.15,78.84,2708180.0,0.0,1.0
2015-04-02,79.02,79.92,78.48,79.79,3546970.0,0.0,1.0
2015-04-06,79.46,80.49,79.1532,79.73,2503131.0,0.0,1.0
2015-04-07,79.75,79.89,78.17,78.29,4351776.0,0.0,1.0
2015-04-08,78.64,78.91,77.915,78.3,3147115.0,0.41,1.0
2015-04-09,78.04,78.97,78.0101,78.92,3962908.0,0.0,1.0
2015-04-10,78.95,80.11,78.74,80.02,2441140.0,0.0,1.0
2015-04-13,79.75,81.2,79.35,80.72,4330872.0,0.0,1.0
2015-04-14,80.25,80.35,79.31,79.62,2829964.0,0.0,1.0
2015-04-15,79.97,80.44,79.58,79.6,2674615.0,0.0,1.0
2015-04-16,79.59,80.75,79.37,79.49,3001220.0,0.0,1.0
2015-04-17,78.96,80.02,78.74,79.75,4114607.0,0.0,1.0
2015-04-20,80.47,81.33,80.07,81.09,2938369.0,0.0,1.0
2015-04-21,80.99,81.14,80.29,80.85,4716563.0,0.0,1.0
2015-04-22,83.51,85.299,82.46,84.04,12845816.0,0.0,1.0
2015-04-23,83.84,84.44,83.35,84.07,4539012.0,0.0,1.0
2015-04-24,84.25,87.15,84.08,87.1,7618340.0,0.0,1.0
2015-04-27,87.1,87.42,86.39,86.61,3896333.0,0.0,1.0
2015-04-28,86.29,87.24,85.89,86.84,3022558.0,0.0,1.0
2015-04-29,86.28,86.77,86.05,86.25,2875603.0,0.0,1.0
2015-04-30,86.06,86.81,85.6101,85.96,2579694.0,0.0,1.0
2015-05-01,86.5,91.99,86.46,91.9,17140749.0,0.0,1.0
2015-05-04,91.95,94.13,90.98,91.01,10151255.0,0.0,1.0
2015-05-05,90.31,90.6,89.83,89.99,4903300.0,0.0,1.0
2015-05-06,90.25,90.42,88.87,89.21,2945213.0,0.0,1.0
2015-05-07,89.42,90.53,88.94,90.13,3362708.0,0.0,1.0
2015-05-08,91.0,91.76,89.87,89.88,4865334.0,0.0,1.0
2015-05-11,89.96,90.52,89.64,89.74,4358629.0,0.0,1.0
2015-05-12,89.22,90.88,89.08,90.39,2885205.0,0.0,1.0
2015-05-13,90.13,90.87,89.69,89.9,1686174.0,0.0,1.0
2015-05-14,90.37,90.74,89.76,90.02,2004044.0,0.0,1.0
2015-05-15,91.73,94.1,91.1,93.96,6213835.0,0.0,1.0
2015-05-18,93.8,94.88,92.95,93.59,3683237.0,0.0,1.0
2015-05-19,93.86,94.95,93.35,94.31,4775305.0,0.0,1.0
2015-05-20,94.95,95.9,94.15,94.88,3546172.0,0.0,1.0
2015-05-21,94.53,94.62,93.135,93.44,3386272.0,0.0,1.0
2015-05-22,93.37,93.42,91.23,91.54,5634948.0,0.0,1.0
2015-05-26,91.48,92.21,90.7,91.54,3002630.0,0.0,1.0
2015-05-27,92.53,92.855,91.64,91.98,3435597.0,0.0,1.0
2015-05-28,91.95,92.19,91.14,91.8,2830427.0,0.0,1.0
2015-05-29,91.57,91.79,89.79,90.11,3709189.0,0.0,1.0
2015-06-01,89.86,90.83,89.54,90.27,2478964.0,0.0,1.0
2015-06-02,90.22,90.77,89.77,89.87,2161282.0,0.0,1.0
2015-06-03,90.57,92.26,90.0,91.55,4970750.0,0.0,1.0
2015-06-04,90.75,91.1,90.2,90.52,2369411.0,0.0,1.0
2015-06-05,90.37,91.15,90.17,90.79,1605773.0,0.0,1.0
2015-06-08,90.55,91.41,90.44,90.5,2664406.0,0.0,1.0
2015-06-09,90.37,90.8,90.17,90.59,1713590.0,0.0,1.0
2015-06-10,90.48,91.76,90.48,91.6,1818107.0,0.0,1.0
2015-06-11,91.89,92.09,91.2,91.33,1187050.0,0.0,1.0
2015-06-12,91.06,91.44,90.86,91.11,2216314.0,0.0,1.0
2015-06-15,90.44,91.04,90.08,90.88,1214268.0,0.0,1.0
2015-06-16,90.77,91.86,90.77,91.82,2143781.0,0.0,1.0
2015-06-17,91.59,91.785,90.725,91.3,1868040.0,0.0,1.0
2015-06-18,91.44,93.33,91.32,92.68,2011778.0,0.0,1.0
2015-06-19,92.38,92.69,92.23,92.27,2045523.0,0.0,1.0
2015-06-22,92.62,93.28,92.13,92.42,2489938.0,0.0,1.0
2015-06-23,92.8,92.88,91.88,92.03,1675189.0,0.0,1.0
2015-06-24,92.06,92.1,91.4677,91.51,2498483.0,0.0,1.0
2015-06-25,91.84,91.99,91.2,91.38,2404454.0,0.0,1.0
2015-06-26,91.72,93.06,91.38,92.75,2159904.0,0.0,1.0
2015-06-29,91.8,92.17,89.44,89.61,3340408.0,0.0,1.0
2015-06-30,90.39,90.48,89.26,90.08,2865336.0,0.0,1.0
2015-07-01,91.11,92.4,91.02,91.69,3079221.0,0.0,1.0
2015-07-02,91.9,92.42,90.74,91.55,2018034.0,0.0,1.0
2015-07-06,90.61,91.1,90.24,90.67,2348325.0,0.0,1.0
2015-07-07,90.99,90.99,88.51,89.89,6463459.0,0.0,1.0
2015-07-08,88.0,88.44,85.175,87.12,7799936.0,0.0,1.0
2015-07-09,88.51,89.85,87.86,87.99,5237849.0,0.0,1.0
2015-07-10,89.18,91.04,88.69,90.86,5004146.0,0.0,1.0
2015-07-13,91.4,92.33,90.58,91.11,4241369.0,0.0,1.0
2015-07-14,90.93,92.16,90.57,91.99,5812565.0,0.0,1.0
2015-07-15,91.06,91.06,87.51,88.88,9871158.0,0.41,1.0
2015-07-16,89.5,89.84,87.79,88.25,3756279.0,0.0,1.0
2015-07-17,88.02,88.26,87.37,87.88,3749356.0,0.0,1.0
2015-07-20,88.0,88.6799,87.425,88.13,2241933.0,0.0,1.0
2015-07-21,88.23,88.8,87.85,88.62,2256573.0,0.0,1.0
2015-07-22,88.15,89.92,88.02,89.31,3214898.0,0.0,1.0
2015-07-23,89.04,89.234,87.59,87.82,3497510.0,0.0,1.0
2015-07-24,88.22,88.45,86.375,86.71,2658271.0,0.0,1.0
2015-07-27,85.93,86.37,85.33,85.98,3746263.0,0.0,1.0
2015-07-28,86.56,87.135,85.74,86.95,2002782.0,0.0,1.0
2015-07-29,87.15,88.26,86.87,87.77,2109107.0,0.0,1.0
2015-07-30,87.82,88.36,87.02,88.02,1397128.0,0.0,1.0
2015-07-31,88.52,88.68,87.67,87.76,1433606.0,0.0,1.0
2015-08-03,88.04,88.24,87.12,87.82,1493552.0,0.0,1.0
2015-08-04,88.0,88.7,87.78,88.19,1403772.0,0.0,1.0
2015-08-05,88.96,89.63,88.45,89.04,1379943.0,0.0,1.0
2015-08-06,89.27,89.67,87.49,87.77,2030310.0,0.0,1.0
2015-08-07,87.45,87.65,86.62,87.61,1442424.0,0.0,1.0
2015-08-10,88.27,88.85,87.71,87.82,1289210.0,0.0,1.0
2015-08-11,86.46,86.46,83.0,83.54,9654905.0,0.0,1.0
2015-08-12,81.98,82.0,78.72,80.68,11902956.0,0.0,1.0
2015-08-13,81.5,85.09,81.31,83.8,7852123.0,0.0,1.0
2015-08-14,83.55,84.15,83.01,83.59,3749450.0,0.0,1.0
2015-08-17,82.86,85.69,82.52,85.03,6031301.0,0.0,1.0
2015-08-18,84.7,85.1,83.9,84.2,4525931.0,0.0,1.0
2015-08-19,85.51,86.73,84.82,86.09,9958406.0,0.0,1.0
2015-08-20,85.2,85.58,81.71,81.82,7727940.0,0.0,1.0
2015-08-21,81.04,81.57,79.2,79.7,8754277.0,0.0,1.0
2015-08-24,73.89,78.99,71.39,77.19,10169959.0,0.0,1.0
2015-08-25,79.29,79.43,76.03,76.1,6327698.0,0.0,1.0
2015-08-26,77.96,79.87,76.57,79.68,4562251.0,0.0,1.0
2015-08-27,80.21,82.95,80.1,82.27,5252774.0,0.0,1.0
2015-08-28,82.13,82.75,81.27,81.82,2925342.0,0.0,1.0
2015-08-31,80.99,81.32,79.7,79.77,3223415.0,0.0,1.0
2015-09-01,77.68,79.55,77.5,79.1,4485778.0,0.0,1.0
2015-09-02,79.99,80.27,78.72,80.27,3338888.0,0.0,1.0
2015-09-03,80.66,80.95,79.76,80.22,1817721.0,0.0,1.0
2015-09-04,79.03,79.54,78.18,78.89,2121527.0,0.0,1.0
2015-09-08,80.82,81.95,80.4801,81.76,3133150.0,0.0,1.0
2015-09-09,82.8,83.49,80.851,81.02,3260295.0,0.0,1.0
2015-09-10,80.79,81.215,79.48,79.9,3161480.0,0.0,1.0
2015-09-11,80.0,81.47,79.62,81.43,2715747.0,0.0,1.0
2015-09-14,81.18,81.4,80.56,80.95,1830697.0,0.0,1.0
2015-09-15,81.31,82.7,80.45,82.42,2298032.0,0.0,1.0
2015-09-16,82.3,83.2,81.61,83.07,2660467.0,0.0,1.0
2015-09-17,82.93,83.9,82.41,82.97,3748042.0,0.0,1.0
2015-09-18,81.23,82.16,79.85,80.15,5465659.0,0.0,1.0
2015-09-21,80.5,80.72,79.29,80.43,3671336.0,0.0,1.0
2015-09-22,79.5,80.03,78.93,79.3,3661390.0,0.0,1.0
2015-09-23,79.32,79.625,78.43,78.92,2681320.0,0.0,1.0
2015-09-24,78.55,78.55,77.29,78.32,3047634.0,0.0,1.0
2015-09-25,79.25,79.7,78.22,78.6,3375384.0,0.0,1.0
2015-09-28,78.0,78.21,75.92,76.0,4063238.0,0.0,1.0
2015-09-29,76.18,76.41,75.24,76.15,4327006.0,0.0,1.0
2015-09-30,77.52,80.25,76.69,79.95,5294376.0,0.0,1.0
2015-10-01,80.01,80.53,79.0,79.87,3182399.0,0.0,1.0
2015-10-02,78.34,81.9,78.34,81.6,5549829.0,0.0,1.0
2015-10-05,82.61,83.2999,81.4,83.05,4123811.0,0.0,1.0
2015-10-06,82.82,83.535,82.03,83.42,11404975.0,0.0,1.0
2015-10-07,69.81,70.9,67.2005,67.71,36789757.0,0.0,1.0
2015-10-08,67.11,68.3,66.35,67.46,13095259.0,0.0,1.0
2015-10-09,67.5,70.42,67.4,70.25,9848523.0,0.0,1.0
2015-10-12,70.5,71.68,70.35,70.84,7035804.0,0.0,1.0
2015-10-13,70.47,71.465,69.83,69.98,5148426.0,0.0,1.0
2015-10-14,69.55,70.08,68.32,68.58,4329515.0,0.46,1.0
2015-10-15,68.98,69.45,67.99,69.27,4720303.0,0.0,1.0
2015-10-16,71.0,72.28,69.77,72.16,9715718.0,0.0,1.0
2015-10-19,71.72,71.89,71.12,71.71,3806566.0,0.0,1.0
2015-10-20,75.02,75.22,72.95,73.03,15429494.0,0.0,1.0
2015-10-21,73.2,74.42,72.59,73.56,6156733.0,0.0,1.0
2015-10-22,74.15,74.61,72.52,72.68,5440481.0,0.0,1.0
2015-10-23,73.45,73.45,72.23,72.89,4006618.0,0.0,1.0
2015-10-26,72.59,74.48,72.57,74.18,3559329.0,0.0,1.0
2015-10-27,73.96,74.1702,72.722,73.17,2639415.0,0.0,1.0
2015-10-28,73.2,73.89,71.895,72.97,3767307.0,0.0,1.0
2015-10-29,72.91,73.0,72.21,72.51,2322192.0,0.0,1.0
2015-10-30,72.7,72.7,70.5,70.91,4892909.0,0.0,1.0
2015-11-02,71.36,72.14,71.33,71.83,2916038.0,0.0,1.0
2015-11-03,71.47,72.46,71.4,72.21,2665015.0,0.0,1.0
2015-11-04,72.28,72.47,71.34,71.54,2353410.0,0.0,1.0
2015-11-05,71.66,71.93,70.78,71.17,2585895.0,0.0,1.0
2015-11-06,70.88,71.34,70.5,71.24,2502722.0,0.0,1.0
2015-11-09,70.67,70.67,68.402,69.0,4992500.0,0.0,1.0
2015-11-10,68.83,69.31,68.34,68.76,2953355.0,0.0,1.0
2015-11-11,69.13,69.32,68.27,68.44,2695446.0,0.0,1.0
2015-11-12,68.32,68.47,66.69,67.12,6485127.0,0.0,1.0
2015-11-13,69.37,69.87,67.88,69.47,7995020.0,0.0,1.0
2015-11-16,69.11,69.36,68.2,68.82,3440643.0,0.0,1.0
2015-11-17,68.79,70.05,68.57,69.94,5056894.0,0.0,1.0
2015-11-18,70.0,71.3,69.72,71.12,4782187.0,0.0,1.0
2015-11-19,71.0,71.99,70.76,71.68,3179306.0,0.0,1.0
2015-11-20,72.16,73.34,71.86,72.76,4262411.0,0.0,1.0
2015-11-23,72.81,73.28,72.53,72.69,2555023.0,0.0,1.0
2015-11-24,71.84,72.68,71.62,72.38,2189448.0,0.0,1.0
2015-11-25,72.67,72.89,72.47,72.59,2316872.0,0.0,1.0
2015-11-27,72.69,73.0,72.2,72.96,1839557.0,0.0,1.0
2015-11-30,72.79,73.07,72.42,72.51,3217643.0,0.0,1.0
2015-12-01,73.2,74.8,73.2,74.48,5073359.0,0.0,1.0
2015-12-02,74.5,75.5,74.47,74.95,3533007.0,0.0,1.0
2015-12-03,75.07,75.18,72.92,73.13,3963783.0,0.0,1.0
2015-12-04,73.68,76.415,73.5,76.14,3981110.0,0.0,1.0
2015-12-07,75.93,76.64,75.01,76.41,3624927.0,0.0,1.0
2015-12-08,75.31,76.35,74.13,75.59,3012734.0,0.0,1.0
2015-12-09,75.53,76.53,73.65,73.8,5161583.0,0.0,1.0
2015-12-10,74.0,74.1,71.17,73.19,6503237.0,0.0,1.0
2015-12-11,72.59,72.97,70.93,71.3,3902223.0,0.0,1.0
2015-12-14,71.16,71.68,70.48,71.65,4340182.0,0.0,1.0
2015-12-15,72.21,72.92,72.08,72.61,4901691.0,0.0,1.0
2015-12-16,73.1,73.75,72.09,73.54,3172149.0,0.0,1.0
2015-12-17,73.54,74.01,72.2,72.2,3230627.0,0.0,1.0
2015-12-18,71.84,72.17,71.0,71.84,5003234.0,0.0,1.0
2015-12-21,72.01,73.63,72.01,73.4,4826439.0,0.0,1.0
2015-12-22,73.59,73.65,72.065,73.0,4516426.0,0.0,1.0
2015-12-23,73.13,74.28,73.1,74.12,3450688.0,0.0,1.0
2015-12-24,73.84,74.66,73.675,74.0,1530159.0,0.0,1.0
2015-12-28,73.65,73.95,73.06,73.84,3460742.0,0.0,1.0
2015-12-29,74.18,74.75,73.77,74.24,2661647.0,0.0,1.0
2015-12-30,74.16,74.38,73.71,73.81,2211600.0,0.0,1.0
2015-12-31,73.64,73.9,73.02,73.05,1748090.0,0.0,1.0
2016-01-04,71.32,72.25,70.64,72.21,3466289.0,0.0,1.0
2016-01-05,72.83,73.2,71.31,72.03,3791087.0,0.0,1.0
2016-01-06,71.21,71.98,70.82,71.52,3630017.0,0.0,1.0
2016-01-07,69.81,70.42,68.675,69.08,7911764.0,0.0,1.0
2016-01-08,69.24,69.77,67.97,68.14,4310642.0,0.0,1.0
2016-01-11,68.51,68.94,67.26,68.02,4235724.0,0.0,1.0
2016-01-12,68.57,69.79,68.46,69.57,3267222.0,0.0,1.0
2016-01-13,70.51,70.51,68.77,69.03,4857182.0,0.46,1.0
2016-01-14,69.25,70.25,67.8601,70.01,3768639.0,0.0,1.0
2016-01-15,68.25,68.78,66.76,67.09,6832474.0,0.0,1.0
2016-01-19,67.43,69.29,67.35,68.77,6933743.0,0.0,1.0
2016-01-20,67.82,68.53,66.48,67.99,5313570.0,0.0,1.0
2016-01-21,68.32,69.88,67.685,68.96,4231294.0,0.0,1.0
2016-01-22,69.23,69.63,68.67,68.98,5373405.0,0.0,1.0
2016-01-25,68.77,69.31,67.35,67.39,4972551.0,0.0,1.0
2016-01-26,67.93,70.05,67.76,69.87,3113862.0,0.0,1.0
2016-01-27,69.48,70.42,69.04,69.4,2916541.0,0.0,1.0
2016-01-28,69.79,71.11,69.31,70.41,4090756.0,0.0,1.0
2016-01-29,70.71,72.41,70.48,72.37,4323548.0,0.0,1.0
2016-02-01,71.92,73.48,71.47,73.1,4892695.0,0.0,1.0
2016-02-02,72.57,73.87,71.54,72.32,10347641.0,0.0,1.0
2016-02-03,72.59,73.27,71.43,72.45,10535971.0,0.0,1.0
2016-02-04,71.97,72.99,70.085,72.31,12321043.0,0.0,1.0
2016-02-05,72.31,72.64,69.49,69.76,7805233.0,0.0,1.0
2016-02-08,68.71,68.79,66.9,67.43,5021220.0,0.0,1.0
2016-02-09,66.69,68.28,66.38,66.47,4509122.0,0.0,1.0
2016-02-10,66.92,67.99,66.69,66.76,2515249.0,0.0,1.0
2016-02-11,65.75,66.18,64.58,65.24,3196052.0,0.0,1.0
2016-02-12,65.94,67.49,65.7,67.34,2904017.0,0.0,1.0
2016-02-16,68.17,69.92,68.17,69.52,4869087.0,0.0,1.0
2016-02-17,70.05,71.66,70.0,71.2,4655353.0,0.0,1.0
2016-02-18,70.87,71.63,70.37,71.03,2946010.0,0.0,1.0
2016-02-19,70.83,70.98,69.75,70.52,3335959.0,0.0,1.0
2016-02-22,71.31,72.14,71.11,71.96,5488905.0,0.0,1.0
2016-02-23,71.46,72.19,71.0,71.51,3438179.0,0.0,1.0
2016-02-24,70.71,71.69,69.54,71.48,3387303.0,0.0,1.0
2016-02-25,71.81,71.94,69.51,70.96,4994207.0,0.0,1.0
2016-02-26,71.55,71.55,70.44,71.42,6005912.0,0.0,1.0
2016-02-29,71.31,73.37,71.22,72.47,5598882.0,0.0,1.0
2016-03-01,72.89,76.69,72.8,76.19,6937781.0,0.0,1.0
2016-03-02,75.82,76.13,74.86,75.41,2674017.0,0.0,1.0
2016-03-03,75.53,76.44,74.91,76.39,2118301.0,0.0,1.0
2016-03-04,76.39,78.4,75.91,78.05,4780842.0,0.0,1.0
2016-03-07,77.5,78.42,76.85,78.05,3387836.0,0.0,1.0
2016-03-08,77.4,77.77,76.63,76.68,3485292.0,0.0,1.0
2016-03-09,77.1,77.64,76.015,76.3,2582623.0,0.0,1.0
2016-03-10,76.79,77.47,75.49,76.76,2461823.0,0.0,1.0
2016-03-11,77.16,77.79,76.765,77.77,1806249.0,0.0,1.0
2016-03-14,77.68,77.75,76.92,77.55,2622247.0,0.0,1.0
2016-03-15,77.45,79.18,77.26,78.23,2925567.0,0.0,1.0
2016-03-16,77.85,79.0,77.85,78.65,2388461.0,0.0,1.0
2016-03-17,78.79,79.46,78.12,78.79,2220841.0,0.0,1.0
2016-03-18,79.0,79.05,78.2,78.31,4980691.0,0.0,1.0
2016-03-21,78.45,79.62,78.36,79.43,3779555.0,0.0,1.0
2016-03-22,78.76,79.49,78.6624,78.98,1996512.0,0.0,1.0
2016-03-23,79.1,81.5,78.12,80.55,6511573.0,0.0,1.0
2016-03-24,80.11,80.11,78.91,79.35,2996682.0,0.0,1.0
2016-03-28,79.87,80.07,79.38,79.8,1540461.0,0.0,1.0
2016-03-29,79.73,80.61,79.57,80.57,2101239.0,0.0,1.0
2016-03-30,81.18,82.32,80.78,82.25,3618822.0,0.0,1.0
2016-03-31,82.3,82.62,81.41,81.85,2796148.0,0.0,1.0
2016-04-01,80.88,82.8,80.72,82.27,2263369.0,0.0,1.0
2016-04-04,82.46,82.5,81.31,81.9,2050230.0,0.0,1.0
2016-04-05,81.9,82.41,81.02,81.57,1810996.0,0.0,1.0
2016-04-06,81.47,81.91,81.0,81.89,1590565.0,0.0,1.0
2016-04-07,81.64,82.26,80.78,81.27,2073069.0,0.0,1.0
2016-04-08,81.69,82.53,81.47,82.34,2996672.0,0.0,1.0
2016-04-11,82.47,82.7,81.65,81.8,2018443.0,0.0,1.0
2016-04-12,81.64,82.33,80.72,82.05,3804960.0,0.0,1.0
2016-04-13,80.79,82.15,80.74,82.15,2973971.0,0.46,1.0
2016-04-14,81.92,82.43,81.56,82.4,2411223.0,0.0,1.0
2016-04-15,82.26,82.37,81.44,81.84,2412852.0,0.0,1.0
2016-04-18,81.96,82.65,81.52,82.61,2495930.0,0.0,1.0
2016-04-19,81.48,82.77,80.3,82.13,4579897.0,0.0,1.0
2016-04-20,82.5,83.42,81.66,82.53,4704490.0,0.0,1.0
2016-04-21,84.87,85.79,80.76,81.7,13317797.0,0.0,1.0
2016-04-22,81.71,82.1525,80.58,81.19,3160138.0,0.0,1.0
2016-04-25,81.18,81.37,80.65,81.36,2975322.0,0.0,1.0
2016-04-26,81.5,82.07,81.35,82.04,3087157.0,0.0,1.0
2016-04-27,81.75,81.945,80.67,81.49,2317493.0,0.0,1.0
2016-04-28,80.99,81.38,80.27,80.44,1412966.0,0.0,1.0
2016-04-29,80.39,80.39,79.05,79.56,2257939.0,0.0,1.0
2016-05-02,80.18,81.12,80.04,80.97,1814591.0,0.0,1.0
2016-05-03,80.61,80.82,79.57,79.72,1502216.0,0.0,1.0
2016-05-04,79.25,80.81,79.2,80.65,2590990.0,0.0,1.0
2016-05-05,80.59,81.14,80.01,80.84,2676590.0,0.0,1.0
2016-05-06,80.56,81.06,79.62,80.96,3166273.0,0.0,1.0
2016-05-09,81.03,82.2499,80.81,81.88,1557906.0,0.0,1.0
2016-05-10,82.13,83.05,81.61,82.9,1805654.0,0.0,1.0
2016-05-11,82.42,82.43,80.6,80.69,2024852.0,0.0,1.0
2016-05-12,81.2,82.0,80.89,81.57,1722479.0,0.0,1.0
2016-05-13,81.28,81.44,80.23,80.3,1965373.0,0.0,1.0
2016-05-16,80.21,81.54,80.08,81.25,1706430.0,0.0,1.0
2016-05-17,81.26,81.92,80.64,80.98,2108278.0,0.0,1.0
2016-05-18,80.81,80.81,79.69,80.17,1908163.0,0.0,1.0
2016-05-19,79.99,80.23,79.22,80.07,1994770.0,0.0,1.0
2016-05-20,80.08,80.98,79.03,79.6,5409894.0,0.0,1.0
2016-05-23,79.74,80.18,78.33,79.98,3497506.0,0.0,1.0
2016-05-24,80.48,82.45,80.48,82.13,3619402.0,0.0,1.0
2016-05-25,82.18,82.96,81.7,82.6,4674955.0,0.0,1.0
2016-05-26,82.86,83.42,82.265,82.45,2575684.0,0.0,1.0
2016-05-27,82.53,83.02,82.23,82.59,1834779.0,0.0,1.0
2016-05-31,82.25,82.6,81.85,82.09,4378416.0,0.0,1.0
2016-06-01,81.6,82.9,81.46,82.43,2595252.0,0.0,1.0
2016-06-02,82.28,82.76,81.56,82.46,2033064.0,0.0,1.0
2016-06-03,82.23,82.86,81.84,82.61,1328642.0,0.0,1.0
2016-06-06,82.68,83.48,82.41,83.19,1782385.0,0.0,1.0
2016-06-07,83.0,84.245,83.0,83.64,2910640.0,0.0,1.0
2016-06-08,83.5,84.28,83.2,84.19,2229643.0,0.0,1.0
2016-06-09,83.78,84.33,83.71,83.73,2526941.0,0.0,1.0
2016-06-10,83.2,83.45,82.27,82.5,2370729.0,0.0,1.0
2016-06-13,82.33,83.5,82.08,82.57,3278067.0,0.0,1.0
2016-06-14,82.34,82.85,82.0,82.49,2816550.0,0.0,1.0
2016-06-15,82.86,83.63,82.76,82.82,2663201.0,0.0,1.0
2016-06-16,82.33,83.01,81.66,82.92,2686209.0,0.0,1.0
2016-06-17,82.72,83.65,82.49,83.55,3320895.0,0.0,1.0
2016-06-20,84.51,85.3428,84.03,84.05,2917564.0,0.0,1.0
2016-06-21,84.48,84.55,83.88,84.29,2147355.0,0.0,1.0
2016-06-22,84.24,84.4399,83.89,83.89,2011037.0,0.0,1.0
2016-06-23,84.59,85.92,84.55,85.9,2718231.0,0.0,1.0
2016-06-24,83.13,84.05,81.58,82.15,4894365.0,0.0,1.0
2016-06-27,80.86,81.32,79.14,79.33,4105978.0,0.0,1.0
2016-06-28,79.9,81.2,79.68,81.2,4815973.0,0.0,1.0
2016-06-29,82.01,82.8199,81.58,82.64,3026999.0,0.0,1.0
2016-06-30,82.64,82.94,81.8,82.92,3739364.0,0.0,1.0
2016-07-01,82.95,84.03,82.62,83.53,1831875.0,0.0,1.0
2016-07-05,83.3,83.91,82.9,83.04,2541104.0,0.0,1.0
2016-07-06,83.47,84.32,82.97,84.17,3107934.0,0.0,1.0
2016-07-07,84.3,84.77,83.97,84.31,3538096.0,0.0,1.0
2016-07-08,85.0,86.4,84.86,85.76,4040186.0,0.0,1.0
2016-07-11,85.9,86.6,85.54,86.44,3222232.0,0.0,1.0
2016-07-12,86.91,87.4,86.04,86.23,4890384.0,0.0,1.0
2016-07-13,85.65,86.26,85.06,85.74,6201330.0,0.46,1.0
2016-07-14,90.05,90.6,87.86,88.27,10544322.0,0.0,1.0
2016-07-15,88.5,88.78,87.46,87.49,4222395.0,0.0,1.0
2016-07-18,87.7,87.96,86.97,87.6,3518406.0,0.0,1.0
2016-07-19,87.2,88.02,87.2,87.56,2259845.0,0.0,1.0
2016-07-20,88.0,88.35,87.75,87.87,1454452.0,0.0,1.0
2016-07-21,87.53,88.13,87.26,87.9,2012345.0,0.0,1.0
2016-07-22,88.03,90.35,88.025,90.1,4078874.0,0.0,1.0
2016-07-25,89.93,90.38,89.76,90.34,2546503.0,0.0,1.0
2016-07-26,89.38,90.12,88.87,89.25,4058964.0,0.0,1.0
2016-07-27,89.31,89.9,89.081,89.72,3847581.0,0.0,1.0
2016-07-28,89.69,90.55,89.62,90.26,2329435.0,0.0,1.0
2016-07-29,90.09,90.36,89.3,89.42,2102793.0,0.0,1.0
2016-08-01,89.21,89.93,89.07,89.42,2396656.0,0.0,1.0
2016-08-02,89.3,89.36,87.68,88.31,2319918.0,0.0,1.0
2016-08-03,88.19,88.39,87.77,88.37,1848769.0,0.0,1.0
2016-08-04,88.27,88.849,87.95,88.42,1794276.0,0.0,1.0
2016-08-05,88.81,89.27,88.6,88.74,1738974.0,0.0,1.0
2016-08-08,88.98,89.18,88.56,89.09,3097271.0,0.0,1.0
2016-08-09,88.9,89.8525,88.9,89.04,2090660.0,0.0,1.0
2016-08-10,89.2,89.49,88.38,88.46,2579529.0,0.0,1.0
2016-08-11,88.86,90.36,88.86,89.98,2515789.0,0.0,1.0
2016-08-12,89.57,90.68,89.4114,89.96,2258544.0,0.0,1.0
2016-08-15,89.93,90.53,89.85,89.94,1392255.0,0.0,1.0
2016-08-16,89.61,90.318,89.53,89.8,1657744.0,0.0,1.0
2016-08-17,89.65,90.05,89.25,89.88,1773910.0,0.0,1.0
2016-08-18,89.88,90.88,89.78,90.76,2093465.0,0.0,1.0
2016-08-19,90.46,90.57,89.27,89.31,2519266.0,0.0,1.0
2016-08-22,89.31,89.94,89.1,89.8,1812336.0,0.0,1.0
2016-08-23,90.0,90.8,89.91,90.3,1715538.0,0.0,1.0
2016-08-24,90.21,90.63,89.61,89.75,2034507.0,0.0,1.0
2016-08-25,89.72,90.3,89.5101,89.94,2441665.0,0.0,1.0
2016-08-26,89.97,90.84,89.36,89.53,2428316.0,0.0,1.0
2016-08-29,89.9,90.93,89.69,90.76,1799640.0,0.0,1.0
2016-08-30,90.78,91.15,90.46,90.78,2197829.0,0.0,1.0
2016-08-31,90.45,90.99,90.32,90.71,2056774.0,0.0,1.0
2016-09-01,90.58,91.03,90.44,90.76,1774251.0,0.0,1.0
2016-09-02,91.36,91.99,91.04,91.26,3502078.0,0.0,1.0
2016-09-06,91.59,91.94,91.04,91.25,4830059.0,0.0,1.0
2016-09-07,91.05,91.1141,90.19,90.6,4157043.0,0.0,1.0
2016-09-08,90.03,90.19,88.84,88.89,3498427.0,0.0,1.0
2016-09-09,88.43,88.43,86.97,86.97,3725977.0,0.0,1.0
2016-09-12,86.78,88.83,86.68,88.66,3714974.0,0.0,1.0
2016-09-13,88.0,88.02,86.52,86.71,2980964.0,0.0,1.0
2016-09-14,86.71,87.535,86.54,86.93,2282238.0,0.0,1.0
2016-09-15,86.6,87.94,86.26,87.79,3051241.0,0.0,1.0
2016-09-16,87.35,88.07,87.08,88.04,8429952.0,0.0,1.0
2016-09-19,88.48,88.83,88.12,88.39,2048651.0,0.0,1.0
2016-09-20,88.6,89.105,88.36,88.81,1728877.0,0.0,1.0
2016-09-21,88.9,89.8,88.89,89.63,1690041.0,0.0,1.0
2016-09-22,90.27,90.82,90.09,90.47,1768429.0,0.0,1.0
2016-09-23,89.64,90.88,89.59,90.64,2180788.0,0.0,1.0
2016-09-26,90.22,90.45,89.48,89.52,3554731.0,0.0,1.0
2016-09-27,89.76,90.31,89.25,89.86,3336222.0,0.0,1.0
2016-09-28,89.89,90.3,89.5,90.22,2418438.0,0.0,1.0
2016-09-29,90.25,90.84,89.66,89.81,2221896.0,0.0,1.0
2016-09-30,89.88,91.5,89.84,90.81,3610802.0,0.0,1.0
2016-10-03,90.81,91.28,90.52,90.92,3188992.0,0.0,1.0
2016-10-04,91.18,91.9,90.23,90.28,4016055.0,0.0,1.0
2016-10-05,90.54,90.71,88.31,88.62,9055006.0,0.0,1.0
2016-10-06,86.95,87.78,86.5,87.44,8630831.0,0.0,1.0
2016-10-07,87.71,87.985,87.15,87.72,6254439.0,0.0,1.0
2016-10-10,88.05,88.52,87.33,87.39,4985620.0,0.0,1.0
2016-10-11,90.43,90.68,88.18,88.25,6487609.0,0.0,1.0
2016-10-12,88.49,89.61,87.88,88.94,4442601.0,0.0,1.0
2016-10-13,88.56,90.03,88.36,89.37,4181452.0,0.0,1.0
2016-10-14,89.84,90.05,89.18,89.18,4794054.0,0.0,1.0
2016-10-17,88.51,88.7,86.65,86.73,4622916.0,0.51,1.0
2016-10-18,87.44,87.46,86.16,86.16,3144075.0,0.0,1.0
2016-10-19,86.77,87.47,86.33,87.24,3663752.0,0.0,1.0
2016-10-20,86.73,86.94,86.13,86.2,2477915.0,0.0,1.0
2016-10-21,86.04,87.15,86.0,86.97,6590974.0,0.0,1.0
2016-10-24,87.03,88.0,86.93,87.8,3493528.0,0.0,1.0
2016-10-25,86.52,87.13,85.56,85.73,2963219.0,0.0,1.0
2016-10-26,85.44,85.89,85.23,85.73,2261868.0,0.0,1.0
2016-10-27,86.04,86.08,85.17,85.36,2251181.0,0.0,1.0
2016-10-28,85.3,85.915,85.08,85.72,2094227.0,0.0,1.0
2016-10-31,86.3272,86.34,85.58,86.28,3895866.0,0.0,1.0
2016-11-01,62.21,62.63,60.575,60.69,12111763.0,24.24,1.0
2016-11-02,60.67,60.68,59.62,59.7,10132800.0,0.0,1.0
2016-11-03,59.89,60.45,59.73,60.15,7187780.0,0.0,1.0
2016-11-04,60.18,60.25,59.57,59.81,4125211.0,0.0,1.0
2016-11-07,60.65,62.04,60.23,62.01,4963068.0,0.0,1.0
2016-11-08,62.08,62.2,61.65,62.0,4932465.0,0.0,1.0
2016-11-09,61.02,62.1,60.76,61.87,4187637.0,0.0,1.0
2016-11-10,61.72,62.1,61.27,61.34,6740331.0,0.0,1.0
2016-11-11,61.22,61.3,60.62,60.7,5618947.0,0.0,1.0
2016-11-14,61.1,61.45,60.64,60.7,3699294.0,0.0,1.0
2016-11-15,60.78,60.94,60.37,60.7,4151920.0,0.0,1.0
2016-11-16,60.49,60.75,60.34,60.4,4922506.0,0.0,1.0
2016-11-17,60.56,60.915,60.37,60.76,2884113.0,0.0,1.0
2016-11-18,61.83,62.45,61.38,62.36,4719453.0,0.0,1.0
2016-11-21,62.33,62.37,61.88,62.0,2934293.0,0.0,1.0
2016-11-22,62.02,62.835,62.0,62.73,2545436.0,0.0,1.0
2016-11-23,62.48,63.21,62.48,63.15,1990577.0,0.0,1.0
2016-11-25,63.13,63.45,62.97,63.34,871985.0,0.0,1.0
2016-11-28,63.08,63.67,62.77,63.11,3501755.0,0.0,1.0
2016-11-29,63.16,63.875,63.16,63.54,3167273.0,0.0,1.0
2016-11-30,63.54,63.69,63.2,63.39,4875238.0,0.0,1.0
2016-12-01,63.44,63.54,62.54,62.69,3354121.0,0.0,1.0
2016-12-02,62.51,62.74,62.321,62.42,2048499.0,0.0,1.0
2016-12-05,62.59,63.35,62.56,63.06,2280923.0,0.0,1.0
2016-12-06,63.06,63.51,62.94,63.46,2884012.0,0.0,1.0
2016-12-07,63.42,64.48,63.35,64.44,2654989.0,0.0,1.0
2016-12-08,64.49,64.81,64.24,64.36,2023276.0,0.0,1.0
2016-12-09,64.34,64.53,63.96,64.49,2395020.0,0.0,1.0
2016-12-12,64.34,64.99,64.09,64.74,2275353.0,0.0,1.0
2016-12-13,64.82,65.3156,64.6,64.62,2007306.0,0.0,1.0
2016-12-14,64.69,64.77,63.8,63.88,2689751.0,0.0,1.0
2016-12-15,63.58,64.12,63.39,63.81,2583333.0,0.0,1.0
2016-12-16,64.08,64.4667,63.67,64.25,3381108.0,0.0,1.0
2016-12-19,64.21,64.44,64.01,64.04,1540613.0,0.0,1.0
2016-12-20,64.11,64.49,64.0,64.22,1679482.0,0.0,1.0
2016-12-21,64.12,64.56,64.05,64.19,1095522.0,0.0,1.0
2016-12-22,64.03,64.25,63.75,64.05,1513171.0,0.0,1.0
2016-12-23,63.87,64.01,63.6,63.81,1300700.0,0.0,1.0
2016-12-27,64.01,64.49,63.87,64.03,1402924.0,0.0,1.0
2016-12-28,64.06,64.25,63.62,63.72,1820157.0,0.0,1.0
2016-12-29,63.56,63.94,63.53,63.63,1421616.0,0.0,1.0
2016-12-30,63.93,63.94,63.16,63.33,1887055.0,0.0,1.0
2017-01-03,63.56,63.7899,62.82,63.21,4793381.0,0.0,1.0
2017-01-04,63.15,63.795,63.07,63.44,2835207.0,0.0,1.0
2017-01-05,63.35,63.77,63.18,63.65,4040016.0,0.0,1.0
2017-01-06,63.65,64.83,63.38,64.42,2863835.0,0.0,1.0
2017-01-09,64.38,64.85,64.33,64.6,1944170.0,0.0,1.0
2017-01-10,64.76,65.175,64.66,64.98,2560696.0,0.0,1.0
2017-01-11,64.48,64.72,64.23,64.49,1267956.0,0.3,1.0
2017-01-12,64.26,64.81,64.16,64.66,1049863.0,0.0,1.0
2017-01-13,64.7,64.89,64.42,64.66,1557714.0,0.0,1.0
2017-01-17,64.26,64.69,63.965,64.17,1595993.0,0.0,1.0
2017-01-18,64.44,64.55,64.015,64.36,1632668.0,0.0,1.0
2017-01-19,64.61,64.64,63.829,64.03,1551286.0,0.0,1.0
2017-01-20,64.2,64.67,64.05,64.58,2140158.0,0.0,1.0
2017-01-23,64.33,64.49,62.36,64.41,3505918.0,0.0,1.0
2017-01-24,64.62,65.43,64.62,65.33,1931526.0,0.0,1.0
2017-01-25,65.57,66.205,65.5,65.6,2818929.0,0.0,1.0
2017-01-26,65.58,65.79,65.29,65.3,2150591.0,0.0,1.0
2017-01-27,65.16,65.95,64.9,65.9,1981947.0,0.0,1.0
2017-01-30,65.83,65.93,65.05,65.68,1841159.0,0.0,1.0
2017-01-31,65.67,65.93,65.105,65.53,3243659.0,0.0,1.0
2017-02-01,65.48,65.75,64.8,64.87,2028102.0,0.0,1.0
2017-02-02,64.92,65.85,64.69,65.67,1554850.0,0.0,1.0
2017-02-03,66.01,66.525,65.84,66.23,1858692.0,0.0,1.0
2017-02-06,66.04,66.47,66.0101,66.3,1235885.0,0.0,1.0
2017-02-07,66.48,66.88,66.39,66.49,1495870.0,0.0,1.0
2017-02-08,66.43,66.8,66.3,66.59,2477674.0,0.0,1.0
2017-02-09,66.29,67.99,66.02,67.39,2985512.0,0.0,1.0
2017-02-10,67.36,68.27,67.08,68.0,3190622.0,0.0,1.0
2017-02-13,68.14,68.98,67.79,68.11,4407184.0,0.0,1.0
2017-02-14,68.25,68.7,68.12,68.58,1946029.0,0.0,1.0
2017-02-15,68.34,68.94,68.23,68.65,1590335.0,0.0,1.0
2017-02-16,68.8,68.9,68.08,68.44,1968931.0,0.0,1.0
2017-02-17,68.35,68.62,67.98,68.4,2233203.0,0.0,1.0
2017-02-21,67.9,68.58,67.49,67.67,3599704.0,0.0,1.0
2017-02-22,65.9,66.33,65.81,66.1,5925785.0,0.0,1.0
2017-02-23,66.4,66.46,65.69,65.75,3952447.0,0.0,1.0
2017-02-24,65.58,66.01,65.54,65.95,2375153.0,0.0,1.0
2017-02-27,65.93,66.01,65.27,65.52,1815965.0,0.0,1.0
2017-02-28,65.47,65.49,65.12,65.32,2681411.0,0.0,1.0
2017-03-01,65.9,65.95,65.3738,65.57,2311463.0,0.0,1.0
2017-03-02,65.42,65.5,64.915,65.21,2176391.0,0.0,1.0
2017-03-03,65.16,65.3,64.4182,65.03,2177182.0,0.0,1.0
2017-03-06,64.67,64.72,64.34,64.5,1985426.0,0.0,1.0
2017-03-07,64.34,64.42,63.99,64.02,2070674.0,0.0,1.0
2017-03-08,64.07,64.211,63.8,64.08,1844204.0,0.0,1.0
2017-03-09,63.99,64.17,63.69,63.81,1674301.0,0.0,1.0
2017-03-10,64.69,64.75,64.05,64.31,2565559.0,0.0,1.0
2017-03-13,64.31,64.603,64.08,64.38,1656203.0,0.0,1.0
2017-03-14,64.31,64.49,63.78,63.95,2002505.0,0.0,1.0
2017-03-15,64.17,64.25,63.25,63.91,2901722.0,0.0,1.0
2017-03-16,64.12,64.17,63.76,63.82,2593816.0,0.0,1.0
2017-03-17,63.91,64.26,63.8,63.87,7460699.0,0.0,1.0
2017-03-20,64.03,64.15,63.84,64.07,2534480.0,0.0,1.0
2017-03-21,64.37,64.42,63.53,63.73,3258392.0,0.0,1.0
2017-03-22,63.77,64.0,63.055,63.32,3157707.0,0.0,1.0
2017-03-23,63.3,63.58,63.08,63.18,2786528.0,0.0,1.0
2017-03-24,63.32,63.73,63.01,63.58,3271334.0,0.0,1.0
2017-03-27,63.12,63.595,62.85,63.51,4936602.0,0.0,1.0
2017-03-28,63.98,64.73,63.51,64.47,3824071.0,0.0,1.0
2017-03-29,64.4,64.69,63.74,64.05,2714575.0,0.0,1.0
2017-03-30,63.89,64.27,63.78,64.02,3254381.0,0.0,1.0
2017-03-31,64.02,64.37,63.9,63.9,2410411.0,0.0,1.0
2017-04-03,63.74,63.99,63.18,63.55,3206008.0,0.0,1.0
2017-04-04,63.47,64.1,63.31,63.84,2961847.0,0.0,1.0
2017-04-05,64.08,64.9,63.85,63.87,4807457.0,0.0,1.0
2017-04-06,64.17,64.77,64.0,64.55,4245375.0,0.0,1.0
2017-04-07,64.43,64.79,64.245,64.28,2984234.0,0.0,1.0
2017-04-10,64.24,64.61,64.09,64.13,2363910.0,0.0,1.0
2017-04-11,63.87,64.22,63.54,64.15,2116033.0,0.3,1.0
2017-04-12,64.19,64.25,63.92,64.03,1484987.0,0.0,1.0
2017-04-13,64.03,64.11,63.75,63.79,1965871.0,0.0,1.0
2017-04-17,63.9,64.18,63.84,63.89,1617000.0,0.0,1.0
2017-04-18,63.79,64.11,63.73,63.96,1598366.0,0.0,1.0
2017-04-19,64.21,64.85,64.13,64.54,3016056.0,0.0,1.0
2017-04-20,64.7,65.23,64.66,65.04,2448139.0,0.0,1.0
2017-04-21,65.02,65.12,64.55,64.82,2595679.0,0.0,1.0
2017-04-24,65.22,65.995,65.1748,65.72,2525475.0,0.0,1.0
2017-04-25,65.8,66.49,65.72,65.98,3389989.0,0.0,1.0
2017-04-26,66.03,66.285,65.8,65.88,1679290.0,0.0,1.0
2017-04-27,66.2,66.69,65.94,66.01,2483550.0,0.0,1.0
2017-04-28,65.82,65.93,65.36,65.75,2309688.0,0.0,1.0
2017-05-01,65.72,66.01,65.59,65.75,2227009.0,0.0,1.0
2017-05-02,65.96,66.34,65.75,66.34,3214169.0,0.0,1.0
2017-05-03,67.17,68.81,66.92,68.25,4841203.0,0.0,1.0
2017-05-04,68.03,69.0,67.91,68.98,3752235.0,0.0,1.0
2017-05-05,69.0,69.4,68.69,69.3,2913102.0,0.0,1.0
2017-05-08,69.03,69.43,69.001,69.14,2930219.0,0.0,1.0
2017-05-09,69.18,69.34,68.73,68.76,1843222.0,0.0,1.0
2017-05-10,68.62,69.19,68.62,68.88,2018720.0,0.0,1.0
2017-05-11,69.37,69.42,68.47,69.13,2990910.0,0.0,1.0
2017-05-12,69.1,69.35,68.86,68.9,1470561.0,0.0,1.0
2017-05-15,68.9,69.33,68.74,69.22,1619899.0,0.0,1.0
2017-05-16,69.55,69.77,69.3,69.35,2431236.0,0.0,1.0
2017-05-17,69.08,69.375,68.79,69.16,1795685.0,0.0,1.0
2017-05-18,69.15,69.43,68.91,69.1,1789825.0,0.0,1.0
2017-05-19,69.38,70.45,69.15,70.07,4878715.0,0.0,1.0
2017-05-22,70.25,71.13,70.0003,71.01,2463618.0,0.0,1.0
2017-05-23,71.07,71.12,70.73,70.92,2038002.0,0.0,1.0
2017-05-24,70.96,72.15,70.8,71.95,1996815.0,0.0,1.0
2017-05-25,72.16,72.34,71.91,72.13,1348523.0,0.0,1.0
2017-05-26,72.13,72.52,71.97,72.09,1336045.0,0.0,1.0
2017-05-30,72.13,72.455,71.96,72.41,3450854.0,0.0,1.0
2017-05-31,72.46,72.75,72.385,72.64,1653792.0,0.0,1.0
2017-06-01,72.64,73.83,72.56,73.83,2254295.0,0.0,1.0
2017-06-02,73.77,74.28,73.62,73.99,1800997.0,0.0,1.0
2017-06-05,73.98,74.46,73.89,74.2,2556120.0,0.0,1.0
2017-06-06,74.13,74.46,73.85,74.32,2153034.0,0.0,1.0
2017-06-07,74.5,74.5,73.87,74.26,1723528.0,0.0,1.0
2017-06-08,74.28,74.41,73.63,73.97,3337839.0,0.0,1.0
2017-06-09,73.9,74.36,72.88,73.1,2034817.0,0.0,1.0
2017-06-12,72.98,73.17,70.9,71.91,3705678.0,0.0,1.0
2017-06-13,72.05,72.845,71.8,72.67,1995596.0,0.0,1.0
2017-06-14,73.06,73.15,72.58,73.04,1560063.0,0.0,1.0
2017-06-15,72.67,72.69,72.26,72.61,1249909.0,0.0,1.0
2017-06-16,72.66,73.01,72.44,72.78,2117641.0,0.0,1.0
2017-06-19,72.91,74.04,72.83,73.93,2194153.0,0.0,1.0
2017-06-20,73.89,74.25,73.58,73.91,2821427.0,0.0,1.0
2017-06-21,74.0,74.65,73.855,74.4,2552803.0,0.0,1.0
2017-06-22,74.44,74.82,74.06,74.54,1587201.0,0.0,1.0
2017-06-23,74.83,75.35,74.68,74.82,2425250.0,0.0,1.0
2017-06-26,75.02,75.4499,74.64,74.74,999508.0,0.0,1.0
2017-06-27,74.71,74.965,73.89,73.97,1399012.0,0.0,1.0
2017-06-28,74.4,74.47,74.08,74.15,1181347.0,0.0,1.0
2017-06-29,74.14,74.14,73.0,73.45,1266130.0,0.0,1.0
2017-06-30,73.54,74.15,73.54,73.76,1691535.0,0.0,1.0
2017-07-03,73.6,74.04,73.34,73.35,2692159.0,0.0,1.0
2017-07-05,73.33,73.41,72.48,73.08,3138422.0,0.0,1.0
2017-07-06,72.8,72.82,72.38,72.65,1973468.0,0.0,1.0
2017-07-07,72.77,73.75,72.71,73.49,2108170.0,0.0,1.0
2017-07-10,73.47,73.63,73.155,73.54,2446448.0,0.0,1.0
2017-07-11,73.57,74.41,73.481,73.97,3090563.0,0.0,1.0
2017-07-12,73.89,74.33,73.87,74.1,1480024.0,0.3,1.0
2017-07-13,74.12,74.12,72.92,73.42,1457445.0,0.0,1.0
2017-07-14,73.42,73.75,73.4,73.6,1360324.0,0.0,1.0
2017-07-17,73.49,73.81,73.25,73.57,1029392.0,0.0,1.0
2017-07-18,73.52,73.78,73.05,73.76,1296011.0,0.0,1.0
2017-07-19,73.9,74.25,73.79,74.15,1228235.0,0.0,1.0
2017-07-20,74.3,74.795,74.13,74.62,1859947.0,0.0,1.0
2017-07-21,74.3,75.18,74.3,74.74,1353479.0,0.0,1.0
2017-07-24,74.75,74.92,74.51,74.59,1229593.0,0.0,1.0
2017-07-25,75.0,75.44,74.51,74.8,1683059.0,0.0,1.0
2017-07-26,74.86,74.86,74.17,74.59,1474125.0,0.0,1.0
2017-07-27,74.46,75.63,74.34,75.61,2076591.0,0.0,1.0
2017-07-28,75.41,75.5,74.37,75.0,2035979.0,0.0,1.0
2017-07-31,75.3,75.68,75.02,75.48,2110797.0,0.0,1.0
2017-08-01,75.82,76.32,75.29,75.53,1807438.0,0.0,1.0
2017-08-02,75.43,76.62,75.39,76.62,2088318.0,0.0,1.0
2017-08-03,75.18,76.47,74.51,74.86,3217033.0,0.0,1.0
2017-08-04,75.03,75.07,74.19,75.03,2261973.0,0.0,1.0
2017-08-07,75.02,75.04,74.39,74.99,1719685.0,0.0,1.0
2017-08-08,74.71,74.87,74.15,74.2,1409522.0,0.0,1.0
2017-08-09,74.13,75.11,73.77,75.07,1835934.0,0.0,1.0
2017-08-10,74.8,75.75,74.58,75.36,2244999.0,0.0,1.0
2017-08-11,75.45,76.14,75.27,75.56,2183929.0,0.0,1.0
2017-08-14,76.1,76.475,75.82,76.28,2119399.0,0.0,1.0
2017-08-15,76.37,76.6,76.07,76.39,1471729.0,0.0,1.0
2017-08-16,76.46,77.125,76.25,76.42,1486962.0,0.0,1.0
2017-08-17,76.26,76.84,75.53,75.54,1672442.0,0.0,1.0
2017-08-18,75.44,75.73,75.0,75.41,2049124.0,0.0,1.0
2017-08-21,75.6,76.11,75.43,75.85,1140738.0,0.0,1.0
2017-08-22,76.01,76.705,75.9,76.55,1213712.0,0.0,1.0
2017-08-23,76.35,76.595,76.034,76.41,1290434.0,0.0,1.0
2017-08-24,76.54,76.58,76.03,76.26,1104737.0,0.0,1.0
2017-08-25,76.57,76.59,75.805,75.83,1180092.0,0.0,1.0
2017-08-28,76.13,76.26,75.69,76.21,1240584.0,0.0,1.0
2017-08-29,76.01,76.16,75.68,76.09,1203287.0,0.0,1.0
2017-08-30,76.05,76.5,75.83,76.02,1657692.0,0.0,1.0
2017-08-31,76.1,76.925,75.84,76.82,1930805.0,0.0,1.0
2017-09-01,76.99,77.48,76.54,76.63,1373869.0,0.0,1.0
2017-09-05,76.26,76.87,76.2,76.32,2208560.0,0.0,1.0
2017-09-06,76.39,76.51,75.81,76.21,1411854.0,0.0,1.0
2017-09-07,76.31,76.82,76.15,76.47,1216366.0,0.0,1.0
2017-09-08,76.42,77.09,76.35,76.48,1375575.0,0.0,1.0
2017-09-11,76.82,78.14,76.75,77.8,1646307.0,0.0,1.0
2017-09-12,77.71,77.91,76.81,77.17,1797770.0,0.0,1.0
2017-09-13,77.1,77.58,76.895,77.13,1340698.0,0.0,1.0
2017-09-14,77.21,77.58,76.99,77.16,1798025.0,0.0,1.0
2017-09-15,77.22,77.22,75.22,75.25,5527293.0,0.0,1.0
2017-09-18,75.36,75.97,75.35,75.71,2188984.0,0.0,1.0
2017-09-19,75.71,75.835,75.04,75.76,1391259.0,0.0,1.0
2017-09-20,75.91,76.64,75.89,76.37,1502661.0,0.0,1.0
2017-09-21,76.55,76.69,76.17,76.48,1270109.0,0.0,1.0
2017-09-22,76.48,76.48,75.79,75.97,1437898.0,0.0,1.0
2017-09-25,75.57,75.57,73.38,73.95,3798314.0,0.0,1.0
2017-09-26,73.97,74.13,73.31,73.4,2301044.0,0.0,1.0
2017-09-27,73.41,73.75,72.68,73.1,3072226.0,0.0,1.0
2017-09-28,72.66,73.7,72.61,73.5,2409319.0,0.0,1.0
2017-09-29,73.5,73.94,73.21,73.61,1934056.0,0.0,1.0
2017-10-02,73.37,74.02,73.37,73.75,2153014.0,0.0,1.0
2017-10-03,73.81,74.39,73.81,73.92,1980164.0,0.0,1.0
2017-10-04,74.03,74.32,73.92,74.1,1378150.0,0.0,1.0
2017-10-05,74.11,74.91,74.0,74.58,1629150.0,0.0,1.0
2017-10-06,74.73,76.17,74.57,75.93,2742439.0,0.0,1.0
2017-10-09,75.95,76.29,75.61,76.0,1439062.0,0.0,1.0
2017-10-10,76.08,76.74,75.74,76.18,1402735.0,0.0,1.0
2017-10-11,76.2,77.03,76.2,76.64,1706853.0,0.0,1.0
2017-10-12,76.5,76.85,76.28,76.41,1671851.0,0.0,1.0
2017-10-13,76.47,76.5,75.88,76.2,1536152.0,0.0,1.0
2017-10-16,76.51,76.78,75.94,76.21,1490288.0,0.0,1.0
2017-10-17,76.11,76.7899,76.035,76.19,1406855.0,0.0,1.0
2017-10-18,76.37,76.66,76.0,76.02,1292749.0,0.0,1.0
2017-10-19,75.94,76.16,75.2,75.82,1633203.0,0.0,1.0
2017-10-20,76.05,76.17,75.71,76.17,1265234.0,0.0,1.0
2017-10-23,76.27,76.375,75.53,75.55,1694639.0,0.0,1.0
2017-10-24,75.56,75.74,75.22,75.34,1392142.0,0.0,1.0
2017-10-25,75.0,75.31,74.18,74.68,1780253.0,0.0,1.0
2017-10-26,75.21,76.15,75.21,75.87,1817901.0,0.0,1.0
2017-10-27,75.99,76.05,75.13,75.24,1957888.0,0.0,1.0
2017-10-30,74.92,75.17,74.34,74.96,1955558.0,0.0,1.0
2017-10-31,74.82,75.15,74.39,74.45,1940409.0,0.0,1.0
2017-11-01,74.54,74.95,74.26,74.31,1885439.0,0.0,1.0
2017-11-02,79.26,80.66,76.21,79.15,4747090.0,0.0,1.0
2017-11-03,78.55,80.2199,78.54,78.91,2583914.0,0.0,1.0
2017-11-06,79.01,79.95,78.81,79.87,1726552.0,0.0,1.0
2017-11-07,80.0,81.25,79.94,81.01,2666407.0,0.0,1.0
2017-11-08,80.56,81.65,80.03,81.13,2389402.0,0.0,1.0
2017-11-09,80.86,81.15,78.8,79.53,2088554.0,0.0,1.0
2017-11-10,79.15,79.78,78.79,79.59,1604251.0,0.0,1.0
2017-11-13,79.58,79.96,79.55,79.74,1292603.0,0.0,1.0
2017-11-14,79.55,80.05,79.385,79.43,1250232.0,0.3,1.0
2017-11-15,79.0,79.52,78.71,78.8,1829826.0,0.0,1.0
2017-11-16,78.79,79.22,78.35,78.54,1705332.0,0.0,1.0
2017-11-17,78.32,78.78,78.05,78.6,1482056.0,0.0,1.0
2017-11-20,78.72,79.03,78.47,78.79,1314631.0,0.0,1.0
2017-11-21,79.21,79.76,79.05,79.53,1721628.0,0.0,1.0
2017-11-22,79.42,79.72,79.09,79.23,1065395.0,0.0,1.0
2017-11-24,79.25,79.71,79.14,79.18,682543.0,0.0,1.0
2017-11-27,79.22,79.7,79.13,79.58,1109793.0,0.0,1.0
2017-11-28,79.84,81.13,79.7,81.03,1706520.0,0.0,1.0
2017-11-29,81.29,82.12,81.2,81.81,1669284.0,0.0,1.0
2017-11-30,82.07,84.06,81.78,83.47,3051934.0,0.0,1.0
2017-12-01,83.46,83.75,81.65,83.4,2486439.0,0.0,1.0
2017-12-04,83.77,84.29,83.1,83.31,2245390.0,0.0,1.0
2017-12-05,83.57,84.1,83.03,83.1,1897258.0,0.0,1.0
2017-12-06,83.34,84.26,83.145,83.24,1562685.0,0.0,1.0
2017-12-07,83.06,83.43,82.78,83.05,1580666.0,0.0,1.0
2017-12-08,83.15,83.69,82.85,83.32,1868907.0,0.0,1.0
2017-12-11,83.32,83.32,82.28,82.45,1639689.0,0.0,1.0
2017-12-12,82.31,82.42,81.65,81.99,1621127.0,0.0,1.0
2017-12-13,82.18,82.74,82.06,82.19,1608976.0,0.0,1.0
2017-12-14,82.23,82.78,81.96,82.04,1370764.0,0.0,1.0
2017-12-15,82.37,82.81,82.06,82.3,3868320.0,0.0,1.0
2017-12-18,82.81,83.5,82.76,83.11,1778608.0,0.0,1.0
2017-12-19,83.41,83.52,82.85,82.86,1227841.0,0.0,1.0
2017-12-20,83.0,83.08,82.13,82.13,1143370.0,0.0,1.0
2017-12-21,82.05,82.88,82.01,82.5,1654287.0,0.0,1.0
2017-12-22,82.78,82.78,82.0,82.4,918883.0,0.0,1.0
2017-12-26,82.39,82.44,81.97,82.19,666587.0,0.0,1.0
2017-12-27,82.34,82.56,81.7,82.4,779421.0,0.0,1.0
2017-12-28,82.69,82.69,82.02,82.67,662889.0,0.0,1.0
2017-12-29,82.64,82.71,81.59,81.61,1343728.0,0.0,1.0
2018-01-02,82.15,82.46,81.48,81.6,1484011.0,0.0,1.0
2018-01-03,81.23,81.82,81.13,81.53,2554890.0,0.0,1.0
2018-01-04,81.75,82.59,81.53,82.36,1971198.0,0.0,1.0
2018-01-05,82.59,83.01,82.36,82.84,1927124.0,0.0,1.0
2018-01-08,82.72,83.06,82.12,82.98,1599410.0,0.0,1.0
2018-01-09,83.07,83.16,82.27,82.76,1700978.0,0.0,1.0
2018-01-10,82.85,82.85,82.21,82.55,887068.0,0.0,1.0
2018-01-11,82.58,83.01,81.94,82.49,1352659.0,0.0,1.0
2018-01-12,82.76,83.76,82.45,83.62,1377339.0,0.0,1.0
2018-01-16,84.07,84.34,82.64,82.93,1370157.0,0.0,1.0
2018-01-17,83.32,83.52,82.76,83.09,1673061.0,0.0,1.0
2018-01-18,83.18,83.43,82.93,83.1,974466.0,0.0,1.0
2018-01-19,83.43,83.91,83.34,83.81,1647202.0,0.0,1.0
2018-01-22,83.81,84.92,83.67,84.91,1421212.0,0.0,1.0
2018-01-23,84.72,86.34,84.66,85.84,1996228.0,0.0,1.0
2018-01-24,85.97,86.1,84.95,85.24,1175390.0,0.0,1.0
2018-01-25,85.32,85.82,84.62,85.66,929756.0,0.0,1.0
2018-01-26,85.68,86.24,85.21,86.2,1299481.0,0.0,1.0
2018-01-29,86.09,86.93,85.93,86.48,2252007.0,0.0,1.0
2018-01-30,85.0,85.48,84.37,84.59,1753887.0,0.0,1.0
2018-01-31,84.62,85.05,84.25,84.59,2111949.0,0.0,1.0
2018-02-01,84.24,84.47,83.45,83.98,1684197.0,0.0,1.0
2018-02-02,83.9,84.59,82.44,82.63,3156057.0,0.0,1.0
2018-02-05,82.07,82.95,79.49,79.8,2834095.0,0.0,1.0
2018-02-06,78.35,80.83,76.35,80.58,3037948.0,0.0,1.0
2018-02-07,80.07,81.94,80.0,80.13,3546687.0,0.0,1.0
2018-02-08,78.01,81.11,75.88,76.3,4598922.0,0.0,1.0
2018-02-09,77.29,80.09,76.43,79.31,5085274.0,0.0,1.0
2018-02-12,79.25,80.35,77.42,78.07,3014604.0,0.0,1.0
2018-02-13,77.44,77.97,77.13,77.77,1511722.0,0.36,1.0
2018-02-14,77.14,78.68,76.32,77.88,3106818.0,0.0,1.0
2018-02-15,78.24,79.29,77.89,78.97,2868956.0,0.0,1.0
2018-02-16,78.74,79.0,78.22,78.25,2688328.0,0.0,1.0
2018-02-20,78.07,78.74,77.37,78.08,2550985.0,0.0,1.0
2018-02-21,77.9,79.09,77.8,77.81,2142777.0,0.0,1.0
2018-02-22,77.9,78.83,77.9,78.32,1855521.0,0.0,1.0
2018-02-23,78.66,79.85,78.56,79.8,2314848.0,0.0,1.0
2018-02-26,80.02,80.78,79.91,80.57,1788979.0,0.0,1.0
2018-02-27,80.6,81.01,80.18,80.18,2312519.0,0.0,1.0
2018-02-28,80.7,82.69,80.62,81.38,3618709.0,0.0,1.0
2018-03-01,80.98,81.72,79.24,79.7,2673980.0,0.0,1.0
2018-03-02,78.63,80.73,78.1,80.29,2776701.0,0.0,1.0
2018-03-05,79.95,80.86,79.72,80.63,1896081.0,0.0,1.0
2018-03-06,81.09,81.64,80.65,81.38,1968747.0,0.0,1.0
2018-03-07,80.72,81.56,80.44,81.41,1855847.0,0.0,1.0
2018-03-08,81.71,82.54,81.63,82.42,2064005.0,0.0,1.0
2018-03-09,82.59,83.28,82.26,82.95,1893931.0,0.0,1.0
2018-03-12,83.29,83.93,82.31,82.41,2625985.0,0.0,1.0
2018-03-13,82.84,83.22,82.13,82.35,1776892.0,0.0,1.0
2018-03-14,82.49,82.77,82.09,82.27,1688962.0,0.0,1.0
2018-03-15,82.37,83.9,82.18,82.88,2211167.0,0.0,1.0
2018-03-16,82.92,83.8,82.82,83.5,2265664.0,0.0,1.0
2018-03-19,83.28,83.46,81.4,82.14,2157870.0,0.0,1.0
2018-03-20,82.5,83.47,82.19,83.09,1752146.0,0.0,1.0
2018-03-21,83.14,83.52,82.7,82.81,1277507.0,0.0,1.0
2018-03-22,82.09,83.38,82.08,82.18,1968179.0,0.0,1.0
2018-03-23,82.41,82.96,81.68,81.68,2700541.0,0.0,1.0
2018-03-26,82.58,84.22,82.56,84.03,2024837.0,0.0,1.0
2018-03-27,84.24,85.44,83.51,83.88,2703313.0,0.0,1.0
2018-03-28,83.96,85.14,83.96,84.25,2476357.0,0.0,1.0
2018-03-29,84.72,85.67,84.06,85.13,1718883.0,0.0,1.0
2018-04-02,85.22,85.82,82.89,83.74,2282926.0,0.0,1.0
2018-04-03,83.75,84.34,82.9,84.11,2463372.0,0.0,1.0
2018-04-04,83.45,85.56,83.32,85.42,2610391.0,0.0,1.0
2018-04-05,85.95,86.35,85.09,86.01,1978502.0,0.0,1.0
2018-04-06,85.44,85.99,83.93,84.46,1891611.0,0.0,1.0
2018-04-09,84.85,85.42,84.35,84.45,1490097.0,0.0,1.0
2018-04-10,85.61,85.88,85.0,85.58,2352061.0,0.0,1.0
2018-04-11,85.5,86.15,85.34,85.44,1586486.0,0.0,1.0
2018-04-12,85.87,86.67,85.65,85.75,1679015.0,0.0,1.0
2018-04-13,86.05,86.23,85.06,85.42,1634028.0,0.0,1.0
2018-04-16,86.11,86.8,85.95,86.26,1644968.0,0.0,1.0
2018-04-17,86.6,87.06,86.31,86.6,1620799.0,0.0,1.0
2018-04-18,86.66,87.45,86.66,86.99,1848425.0,0.0,1.0
2018-04-19,86.65,86.91,85.98,86.44,1568415.0,0.0,1.0
2018-04-20,86.29,86.81,86.06,86.29,1730523.0,0.0,1.0
2018-04-23,86.43,86.58,85.7,85.89,1835613.0,0.0,1.0
2018-04-24,86.24,86.74,84.73,85.18,1783332.0,0.0,1.0
2018-04-25,85.24,85.59,84.71,85.26,1648887.0,0.0,1.0
2018-04-26,86.05,87.18,86.05,86.76,2899318.0,0.0,1.0
2018-04-27,86.66,87.34,86.52,87.05,2224977.0,0.0,1.0
2018-04-30,87.58,88.07,87.1,87.1,3487781.0,0.0,1.0
2018-05-01,87.11,87.26,85.64,86.64,3391903.0,0.0,1.0
2018-05-02,84.2,85.27,80.03,80.2,6576928.0,0.0,1.0
2018-05-03,80.49,83.05,80.46,82.67,5644783.0,0.0,1.0
2018-05-04,82.4,82.89,81.75,82.43,2136510.0,0.0,1.0
2018-05-07,82.78,83.3,82.33,83.11,3366434.0,0.0,1.0
2018-05-08,83.5,83.84,82.96,83.51,1641008.0,0.0,1.0
2018-05-09,83.47,84.5,83.12,84.45,1780185.0,0.0,1.0
2018-05-10,84.58,85.02,84.24,84.68,2375823.0,0.0,1.0
2018-05-11,84.7,85.19,84.28,84.62,1419383.0,0.0,1.0
2018-05-14,84.61,84.69,83.57,83.6,1544618.0,0.0,1.0
2018-05-15,83.1,83.82,82.89,83.34,1600335.0,0.36,1.0
2018-05-16,83.63,83.9,83.25,83.57,1743212.0,0.0,1.0
2018-05-17,83.43,83.88,82.81,83.0,1982489.0,0.0,1.0
2018-05-18,83.04,83.42,81.97,82.34,2477854.0,0.0,1.0
2018-05-21,82.65,83.06,82.57,82.69,1599466.0,0.0,1.0
2018-05-22,83.03,83.22,82.25,82.38,2367005.0,0.0,1.0
2018-05-23,81.91,83.19,81.85,83.09,1691841.0,0.0,1.0
2018-05-24,83.09,83.71,82.94,83.47,1621916.0,0.0,1.0
2018-05-25,83.62,83.87,82.44,82.53,1814363.0,0.0,1.0
2018-05-29,82.17,82.36,81.51,81.91,2147304.0,0.0,1.0
2018-05-30,81.91,82.92,81.52,82.51,2628066.0,0.0,1.0
2018-05-31,81.99,82.42,81.04,81.33,5390352.0,0.0,1.0
2018-06-01,81.64,82.48,81.55,81.91,1978552.0,0.0,1.0
2018-06-04,82.19,82.38,81.86,82.29,1464662.0,0.0,1.0
2018-06-05,82.26,83.36,82.03,82.91,1940907.0,0.0,1.0
2018-06-06,83.04,83.66,82.73,83.61,2843308.0,0.0,1.0
2018-06-07,83.99,84.71,83.74,84.19,2243067.0,0.0,1.0
2018-06-08,84.05,84.2,83.0,83.18,2824757.0,0.0,1.0
2018-06-11,83.36,83.49,82.79,83.11,2950498.0,0.0,1.0
2018-06-12,83.32,83.55,83.05,83.23,2039079.0,0.0,1.0
2018-06-13,83.23,83.46,82.56,82.59,2177905.0,0.0,1.0
2018-06-14,82.99,83.54,82.74,83.38,2544148.0,0.0,1.0
2018-06-15,83.22,83.44,81.59,82.62,4893090.0,0.0,1.0
2018-06-18,82.38,82.96,82.01,82.81,3137982.0,0.0,1.0
2018-06-19,81.89,81.99,80.87,81.01,3039538.0,0.0,1.0
2018-06-20,81.47,81.8,80.76,80.86,2627829.0,0.0,1.0
2018-06-21,81.16,81.38,79.63,79.73,1960117.0,0.0,1.0
2018-06-22,80.14,80.8,80.01,80.36,4628204.0,0.0,1.0
2018-06-25,80.04,80.04,78.43,78.59,2040099.0,0.0,1.0
2018-06-26,78.7,80.14,78.5,80.01,2490083.0,0.0,1.0
2018-06-27,81.25,82.25,78.79,78.87,2873629.0,0.0,1.0
2018-06-28,78.6,79.04,77.43,77.89,2165299.0,0.0,1.0
2018-06-29,78.05,78.85,77.73,78.22,3249164.0,0.0,1.0
2018-07-02,77.52,78.15,77.09,78.11,1599141.0,0.0,1.0
2018-07-03,78.22,78.51,77.77,77.84,968289.0,0.0,1.0
2018-07-05,78.11,78.17,77.375,77.74,1430963.0,0.0,1.0
2018-07-06,77.93,78.48,77.78,78.27,1494568.0,0.0,1.0
2018-07-09,78.52,79.44,78.45,79.17,1598360.0,0.0,1.0
2018-07-10,79.24,79.78,78.89,79.31,1232549.0,0.0,1.0
2018-07-11,78.65,79.18,78.47,78.79,1278024.0,0.0,1.0
2018-07-12,79.39,79.49,78.87,79.12,1176824.0,0.0,1.0
2018-07-13,78.97,79.23,78.55,79.14,936779.0,0.0,1.0
2018-07-16,78.95,79.19,78.5,78.66,762553.0,0.0,1.0
2018-07-17,78.68,78.87,78.42,78.72,771082.0,0.0,1.0
2018-07-18,78.96,79.61,78.87,79.49,1650901.0,0.0,1.0
2018-07-19,79.2,79.7,79.03,79.33,1585520.0,0.0,1.0
2018-07-20,79.08,79.78,78.92,79.31,1427080.0,0.0,1.0
2018-07-23,79.3,79.45,78.84,78.95,1019269.0,0.0,1.0
2018-07-24,78.99,79.35,77.96,78.25,1492064.0,0.0,1.0
2018-07-25,77.68,78.72,77.68,78.67,1286141.0,0.0,1.0
2018-07-26,78.67,80.61,78.53,78.95,2195066.0,0.0,1.0
2018-07-27,79.46,79.56,78.35,78.91,1377116.0,0.0,1.0
2018-07-30,78.94,78.96,78.28,78.74,1441189.0,0.0,1.0
2018-07-31,78.85,79.93,78.74,79.29,2030026.0,0.0,1.0
2018-08-01,78.95,79.63,78.31,79.47,2766060.0,0.0,1.0
2018-08-02,79.0,81.14,78.22,80.63,2732490.0,0.0,1.0
2018-08-03,80.9,82.1,80.67,81.86,2194070.0,0.0,1.0
2018-08-06,81.88,82.82,81.43,81.59,1749019.0,0.0,1.0
2018-08-07,81.57,81.99,80.81,81.33,2181880.0,0.0,1.0
2018-08-08,81.35,82.16,81.23,81.92,1531717.0,0.0,1.0
2018-08-09,82.12,83.07,82.12,82.73,1366972.0,0.0,1.0
2018-08-10,82.29,83.3,82.07,82.94,1915548.0,0.0,1.0
2018-08-13,82.97,83.34,82.01,82.38,1343342.0,0.0,1.0
2018-08-14,82.66,83.44,82.31,83.09,1727645.0,0.0,1.0
2018-08-15,82.83,83.29,82.14,82.87,1529066.0,0.0,1.0
2018-08-16,83.12,84.41,83.06,84.2,1722722.0,0.0,1.0
2018-08-17,83.98,84.12,83.69,83.81,1664733.0,0.36,1.0
2018-08-20,83.85,84.36,83.7,84.11,1739676.0,0.0,1.0
2018-08-21,84.17,84.57,83.72,84.33,1339482.0,0.0,1.0
2018-08-22,84.38,84.43,83.78,83.81,1146363.0,0.0,1.0
2018-08-23,83.66,83.97,83.39,83.52,1186927.0,0.0,1.0
2018-08-24,83.65,84.37,83.42,84.14,1038697.0,0.0,1.0
2018-08-27,84.46,84.83,84.3,84.49,1290694.0,0.0,1.0
2018-08-28,84.57,85.56,84.43,85.37,1817411.0,0.0,1.0
2018-08-29,85.49,86.63,85.43,85.99,1564547.0,0.0,1.0
2018-08-30,85.88,86.03,85.38,85.7,1376486.0,0.0,1.0
2018-08-31,85.7,86.96,85.67,86.89,2537283.0,0.0,1.0
2018-09-04,86.74,87.44,86.53,87.02,1640769.0,0.0,1.0
2018-09-05,86.83,87.58,86.61,86.73,2577868.0,0.0,1.0
2018-09-06,86.68,88.15,86.67,87.92,2209747.0,0.0,1.0
2018-09-07,87.67,88.66,87.54,88.4,1394369.0,0.0,1.0
2018-09-10,88.8,88.98,88.2,88.46,1299370.0,0.0,1.0
2018-09-11,87.57,88.56,87.28,88.23,1834945.0,0.0,1.0
2018-09-12,88.03,88.55,87.81,88.33,1294813.0,0.0,1.0
2018-09-13,89.0,89.0,88.16,88.49,1168196.0,0.0,1.0
2018-09-14,88.59,88.59,87.77,88.14,1778778.0,0.0,1.0
2018-09-17,87.83,88.27,87.1,87.69,1257467.0,0.0,1.0
2018-09-18,87.5,88.53,87.5,88.29,1361876.0,0.0,1.0
2018-09-19,88.53,88.87,88.2,88.55,867219.0,0.0,1.0
2018-09-20,88.84,89.35,88.71,88.96,1098312.0,0.0,1.0
2018-09-21,89.43,89.85,89.1,89.53,3859504.0,0.0,1.0
2018-09-24,89.12,89.64,88.73,89.3,1410234.0,0.0,1.0
2018-09-25,89.38,90.24,89.3,89.88,1658516.0,0.0,1.0
2018-09-26,90.03,90.82,89.8,89.88,1303570.0,0.0,1.0
2018-09-27,89.73,90.64,89.5,90.32,927939.0,0.0,1.0
2018-09-28,90.28,91.26,90.07,90.91,2074426.0,0.0,1.0
2018-10-01,91.05,91.27,90.38,90.42,2007072.0,0.0,1.0
2018-10-02,90.54,90.78,89.86,89.98,1504515.0,0.0,1.0
2018-10-03,90.25,90.76,89.72,89.76,1123572.0,0.0,1.0
2018-10-04,89.5,89.74,88.83,89.57,1561435.0,0.0,1.0
2018-10-05,89.76,90.38,89.76,90.0,1370983.0,0.0,1.0
2018-10-08,90.0,90.9,89.9,90.64,1198658.0,0.0,1.0
2018-10-09,90.83,92.21,90.77,91.18,2162947.0,0.0,1.0
2018-10-10,91.42,91.42,89.12,89.2,1756102.0,0.0,1.0
2018-10-11,89.11,89.11,86.96,87.07,2250392.0,0.0,1.0
2018-10-12,87.24,88.29,86.78,88.05,1747777.0,0.0,1.0
2018-10-15,87.87,89.18,87.87,88.45,1180381.0,0.0,1.0
2018-10-16,88.83,90.5,88.77,90.43,1516227.0,0.0,1.0
2018-10-17,90.45,91.66,90.2,91.36,1335148.0,0.0,1.0
2018-10-18,90.54,90.72,89.51,89.82,1986620.0,0.0,1.0
2018-10-19,89.72,90.03,89.27,89.4,1460248.0,0.0,1.0
2018-10-22,89.77,90.15,89.05,89.35,2265320.0,0.0,1.0
2018-10-23,88.5,89.2,88.06,88.82,2724326.0,0.0,1.0
2018-10-24,87.96,88.33,86.93,87.06,1948288.0,0.0,1.0
2018-10-25,87.64,87.64,86.1,86.92,2166311.0,0.0,1.0
2018-10-26,86.28,86.63,85.28,85.78,2118737.0,0.0,1.0
2018-10-29,86.6,87.57,84.53,85.47,1957042.0,0.0,1.0
2018-10-30,85.83,86.65,85.42,86.43,3708890.0,0.0,1.0
2018-10-31,88.0,91.63,87.28,90.41,4798359.0,0.0,1.0
2018-11-01,90.48,90.99,87.64,87.99,3116504.0,0.0,1.0
2018-11-02,88.58,88.69,85.81,86.9,3007368.0,0.0,1.0
2018-11-05,87.07,87.81,86.72,87.47,2475401.0,0.0,1.0
2018-11-06,87.45,88.07,87.33,87.9,2998477.0,0.0,1.0
2018-11-07,88.0,89.52,88.0,89.38,2727478.0,0.0,1.0
2018-11-08,89.36,90.85,89.02,90.46,2465517.0,0.0,1.0
2018-11-09,90.46,91.03,90.08,90.72,1821934.0,0.0,1.0
2018-11-12,90.74,91.27,89.33,89.45,1331958.0,0.0,1.0
2018-11-13,89.35,89.9,88.82,89.03,1514282.0,0.0,1.0
2018-11-14,89.51,89.93,89.11,89.18,2552353.0,0.0,1.0
2018-11-15,88.74,89.6,87.84,88.79,2791111.0,0.0,1.0
2018-11-16,88.71,89.29,88.39,88.89,2420907.0,0.0,1.0
2018-11-19,89.0,89.55,87.66,88.13,2565297.0,0.0,1.0
2018-11-20,87.12,87.76,86.12,87.19,1871058.0,0.0,1.0
2018-11-21,87.21,87.79,86.87,87.03,1751865.0,0.0,1.0
2018-11-23,86.49,87.7,86.1,87.19,853442.0,0.36,1.0
2018-11-26,87.75,88.57,87.07,88.31,1743418.0,0.0,1.0
2018-11-27,88.33,89.74,88.29,89.47,1704878.0,0.0,1.0
2018-11-28,89.68,91.74,89.4,91.73,1910516.0,0.0,1.0
2018-11-29,91.72,92.45,91.26,91.86,2003842.0,0.0,1.0
2018-11-30,91.86,92.44,91.31,92.22,4725055.0,0.0,1.0
2018-12-03,93.24,93.24,91.57,92.07,3648322.0,0.0,1.0
2018-12-04,92.2,92.98,90.55,90.68,2854880.0,0.0,1.0
2018-12-06,89.81,92.0,89.59,91.5,3714906.0,0.0,1.0
2018-12-07,91.5,92.13,90.2,90.43,2995338.0,0.0,1.0
2018-12-10,90.28,90.62,88.83,90.26,2303011.0,0.0,1.0
2018-12-11,91.14,91.18,89.07,89.81,2148894.0,0.0,1.0
2018-12-12,89.88,91.3,89.64,90.46,2440995.0,0.0,1.0
2018-12-13,90.9,94.13,90.74,93.46,3329955.0,0.0,1.0
2018-12-14,92.66,92.66,91.07,91.7,2109856.0,0.0,1.0
2018-12-17,91.22,91.4,89.28,89.71,3099133.0,0.0,1.0
2018-12-18,90.33,90.62,89.42,90.1,1819621.0,0.0,1.0
2018-12-19,90.47,92.345,89.525,90.12,2563358.0,0.0,1.0
2018-12-20,89.6,89.86,86.4,87.12,4348518.0,0.0,1.0
2018-12-21,87.69,89.25,87.52,88.14,5364553.0,0.0,1.0
2018-12-24,87.81,88.16,86.42,87.02,1805978.0,0.0,1.0
2018-12-26,87.39,90.01,86.9,89.99,2030246.0,0.0,1.0
2018-12-27,89.14,90.99,88.71,90.96,2081589.0,0.0,1.0
2018-12-28,91.58,92.47,91.05,91.61,1699536.0,0.0,1.0
2018-12-31,91.79,92.06,91.29,91.92,1657022.0,0.0,1.0
2019-01-02,91.09,91.54,90.35,91.44,1743396.0,0.0,1.0
2019-01-03,91.0,91.0,88.79,89.14,2680314.0,0.0,1.0
2019-01-04,90.19,92.34,90.04,91.46,2142736.0,0.0,1.0
2019-01-07,91.4,92.22,91.12,91.36,2561128.0,0.0,1.0
2019-01-08,91.67,91.94,89.96,91.18,2604701.0,0.0,1.0
2019-01-09,91.61,91.77,90.61,91.14,2279691.0,0.0,1.0
2019-01-10,90.59,92.66,90.35,91.79,2726063.0,0.0,1.0
2019-01-11,89.24,90.95,89.01,90.94,2346603.0,0.0,1.0
2019-01-14,90.01,90.49,89.81,90.0,1409154.0,0.0,1.0
2019-01-15,90.19,90.54,89.66,90.39,1532634.0,0.0,1.0
2019-01-16,90.25,90.69,89.65,89.83,1457173.0,0.0,1.0
2019-01-17,89.31,91.05,89.31,90.7,2031712.0,0.0,1.0
2019-01-18,91.37,92.74,91.21,92.36,2041782.0,0.0,1.0
2019-01-22,92.19,93.25,91.51,92.05,1947230.0,0.0,1.0
2019-01-23,92.72,93.54,91.98,92.78,1551714.0,0.0,1.0
2019-01-24,92.9,93.23,92.44,92.91,1983198.0,0.0,1.0
2019-01-25,93.63,93.84,92.55,92.71,1501953.0,0.0,1.0
2019-01-28,92.72,92.85,91.66,92.59,1075342.0,0.0,1.0
2019-01-29,93.06,93.77,92.12,92.67,1292666.0,0.0,1.0
2019-01-30,93.06,93.97,92.69,93.45,1554228.0,0.0,1.0
2019-01-31,93.25,94.3,92.5,93.98,2682520.0,0.0,1.0
2019-02-01,94.49,95.45,93.82,94.13,1496627.0,0.0,1.0
2019-02-04,94.19,94.83,94.1,94.65,1671476.0,0.0,1.0
2019-02-05,94.59,95.16,94.16,94.44,1888244.0,0.0,1.0
2019-02-06,94.55,94.65,93.86,94.59,1743311.0,0.0,1.0
2019-02-07,89.5,94.76,88.52,94.61,2653868.0,0.0,1.0
2019-02-08,94.0,94.67,92.98,94.49,1961474.0,0.0,1.0
2019-02-11,94.43,95.05,93.13,93.26,2468909.0,0.0,1.0
2019-02-12,94.08,94.08,93.07,94.05,2086834.0,0.0,1.0
2019-02-13,94.03,94.23,92.81,93.33,1724198.0,0.42,1.0
2019-02-14,92.93,94.22,92.02,93.85,1527127.0,0.0,1.0
2019-02-15,94.75,95.0,93.85,94.12,2862177.0,0.0,1.0
2019-02-19,94.25,94.79,94.1,94.52,1999759.0,0.0,1.0
2019-02-20,94.67,95.2,94.36,94.72,2322274.0,0.0,1.0
2019-02-21,94.53,95.08,94.13,94.88,1364585.0,0.0,1.0
2019-02-22,95.0,95.4,94.4936,95.39,1932110.0,0.0,1.0
2019-02-25,95.7,95.7,93.18,93.5,2204491.0,0.0,1.0
2019-02-26,93.37,93.98,93.0,93.36,1660793.0,0.0,1.0
2019-02-27,93.16,93.45,92.5,93.11,1342353.0,0.0,1.0
2019-02-28,93.06,94.82,92.95,94.5,2359309.0,0.0,1.0
2019-03-01,95.0,95.54,94.95,95.37,1589722.0,0.0,1.0
2019-03-04,95.8,95.8,94.76,95.14,2291367.0,0.0,1.0
2019-03-05,95.31,95.95,94.83,95.93,1692842.0,0.0,1.0
2019-03-06,96.08,96.95,96.01,96.6,1937758.0,0.0,1.0
2019-03-07,96.45,96.56,95.89,96.54,1901563.0,0.0,1.0
2019-03-08,95.9,96.69,95.61,96.67,1791392.0,0.0,1.0
2019-03-11,96.84,97.82,96.75,97.79,1466547.0,0.0,1.0
2019-03-12,98.04,98.08,97.21,97.98,1873193.0,0.0,1.0
2019-03-13,98.32,98.96,98.17,98.64,2010608.0,0.0,1.0
2019-03-14,98.3,98.99,98.05,98.98,1319771.0,0.0,1.0
2019-03-15,99.09,100.93,98.73,100.9,3947897.0,0.0,1.0
2019-03-18,100.9,101.39,99.91,100.24,1615222.0,0.0,1.0
2019-03-19,99.54,100.01,98.64,99.24,2175515.0,0.0,1.0
2019-03-20,98.24,99.0,97.96,98.57,2928764.0,0.0,1.0
2019-03-21,98.32,99.28,98.19,99.19,1014095.0,0.0,1.0
2019-03-22,99.16,99.7,98.74,98.97,1033406.0,0.0,1.0
2019-03-25,99.22,99.51,98.77,98.97,1289728.0,0.0,1.0
2019-03-26,99.12,99.15,98.21,98.75,1361061.0,0.0,1.0
2019-03-27,98.56,99.41,98.56,98.98,1524632.0,0.0,1.0
2019-03-28,99.02,99.36,98.56,99.14,1587507.0,0.0,1.0
2019-03-29,99.7,100.1,99.18,99.81,2356619.0,0.0,1.0
2019-04-01,100.43,100.76,99.82,100.58,1195237.0,0.0,1.0
2019-04-02,100.7,100.7,99.49,100.18,959591.0,0.0,1.0
2019-04-03,100.49,100.69,99.86,100.54,1060192.0,0.0,1.0
2019-04-04,100.58,100.77,99.94,100.45,860725.0,0.0,1.0
2019-04-05,100.32,100.58,99.85,99.96,1600121.0,0.0,1.0
2019-04-08,99.76,99.9,99.0,99.59,1339992.0,0.0,1.0
2019-04-09,99.14,99.52,98.99,99.48,992959.0,0.0,1.0
2019-04-10,99.89,100.46,99.52,100.04,1187715.0,0.0,1.0
2019-04-11,99.81,100.81,99.73,100.77,1169840.0,0.0,1.0
2019-04-12,101.0,101.6,100.9,101.4,1193071.0,0.0,1.0
2019-04-15,101.38,102.16,101.22,101.64,1234016.0,0.0,1.0
2019-04-16,102.0,102.08,101.1301,101.63,863514.0,0.0,1.0
2019-04-17,101.88,102.12,101.33,101.5,920358.0,0.0,1.0
2019-04-18,101.7,103.43,101.61,103.32,1261587.0,0.0,1.0
2019-04-22,103.0,103.36,102.73,103.18,833155.0,0.0,1.0
2019-04-23,103.11,104.19,102.73,102.92,1474026.0,0.0,1.0
2019-04-24,103.26,104.04,103.1,103.34,1304564.0,0.0,1.0
2019-04-25,103.09,103.69,102.51,103.45,1059240.0,0.0,1.0
2019-04-26,103.88,104.44,103.47,104.09,1368334.0,0.0,1.0
2019-04-29,104.15,104.15,103.2,103.8,1473360.0,0.0,1.0
2019-04-30,103.89,104.47,103.45,104.39,2181348.0,0.0,1.0
2019-05-01,101.5,102.75,100.68,101.94,2178551.0,0.0,1.0
2019-05-02,101.57,102.6,101.23,101.74,1827418.0,0.0,1.0
2019-05-03,102.08,103.48,102.04,102.72,1719292.0,0.0,1.0
2019-05-06,101.56,102.61,101.55,102.41,1031786.0,0.0,1.0
2019-05-07,101.67,102.28,100.53,101.47,1668889.0,0.0,1.0
2019-05-08,101.17,101.35,100.48,100.49,2097432.0,0.0,1.0
2019-05-09,99.98,100.81,99.42,100.74,1296720.0,0.0,1.0
2019-05-10,100.48,101.84,100.23,101.43,1582325.0,0.0,1.0
2019-05-13,100.38,100.78,99.42,100.41,1286021.0,0.0,1.0
2019-05-14,100.43,101.36,100.41,100.68,1363271.0,0.0,1.0
2019-05-15,100.25,100.88,100.02,100.36,1076766.0,0.42,1.0
2019-05-16,101.02,101.65,100.52,100.87,1855378.0,0.0,1.0
2019-05-17,100.36,101.47,100.15,101.3,1374596.0,0.0,1.0
2019-05-20,101.12,101.36,100.61,100.69,1344320.0,0.0,1.0
2019-05-21,101.2,102.15,101.03,101.78,2142517.0,0.0,1.0
2019-05-22,101.74,101.93,101.28,101.46,1181435.0,0.0,1.0
2019-05-23,101.28,101.58,100.63,101.39,1134983.0,0.0,1.0
2019-05-24,101.81,102.12,100.92,100.99,1010773.0,0.0,1.0
2019-05-28,101.18,101.81,99.41,99.8,3708064.0,0.0,1.0
2019-05-29,99.59,99.74,98.95,99.65,998486.0,0.0,1.0
2019-05-30,99.88,101.65,99.88,101.55,1464291.0,0.0,1.0
2019-05-31,100.89,102.45,100.74,102.35,2614229.0,0.0,1.0
2019-06-03,102.24,104.36,101.83,104.11,2070118.0,0.0,1.0
2019-06-04,105.0,107.07,104.69,106.97,2501697.0,0.0,1.0
2019-06-05,107.22,107.6,106.39,107.29,1356243.0,0.0,1.0
2019-06-06,107.51,108.6,107.47,108.42,1598313.0,0.0,1.0
2019-06-07,108.79,109.63,108.56,109.07,1318211.0,0.0,1.0
2019-06-10,109.59,109.59,107.94,108.65,1159492.0,0.0,1.0
2019-06-11,109.11,109.29,107.25,107.57,1801616.0,0.0,1.0
2019-06-12,108.04,109.49,108.0,108.94,1646406.0,0.0,1.0
2019-06-13,109.05,109.45,108.56,108.98,1173475.0,0.0,1.0
2019-06-14,109.18,110.12,109.1,109.79,1088315.0,0.0,1.0
2019-06-17,109.93,110.24,109.04,109.16,825033.0,0.0,1.0
2019-06-18,109.87,109.92,108.54,108.71,1050857.0,0.0,1.0
2019-06-19,108.94,109.75,108.27,109.45,927584.0,0.0,1.0
2019-06-20,109.8,110.69,109.73,110.62,1122569.0,0.0,1.0
2019-06-21,110.69,111.06,110.08,110.27,2078356.0,0.0,1.0
2019-06-24,110.61,110.71,110.02,110.66,1023968.0,0.0,1.0
2019-06-25,110.66,111.29,109.9,110.31,1540812.0,0.0,1.0
2019-06-26,110.37,110.49,109.51,110.12,1513163.0,0.0,1.0
2019-06-27,110.24,110.68,109.84,110.56,1611137.0,0.0,1.0
2019-06-28,110.67,110.79,109.24,110.67,3871236.0,0.0,1.0
2019-07-01,110.46,110.6,108.72,109.49,1788271.0,0.0,1.0
2019-07-02,109.67,110.99,109.4,110.9,1584142.0,0.0,1.0
2019-07-03,111.0,111.32,110.47,110.98,1049202.0,0.0,1.0
2019-07-05,110.7,110.85,109.78,110.24,1281007.0,0.0,1.0
2019-07-08,110.29,110.47,109.69,110.05,1250953.0,0.0,1.0
2019-07-09,109.83,110.67,109.83,110.49,1116475.0,0.0,1.0
2019-07-10,110.68,111.02,110.1,110.98,1123381.0,0.0,1.0
2019-07-11,111.11,111.51,110.58,111.5,904394.0,0.0,1.0
2019-07-12,111.42,111.82,110.53,111.05,1457586.0,0.0,1.0
2019-07-15,111.29,112.13,111.21,111.93,1164284.0,0.0,1.0
2019-07-16,111.81,112.15,111.18,111.54,920717.0,0.0,1.0
2019-07-17,111.53,112.1,111.37,111.77,892846.0,0.0,1.0
2019-07-18,112.23,113.37,112.0,113.06,1183444.0,0.0,1.0
2019-07-19,113.46,113.59,112.48,112.53,1387697.0,0.0,1.0
2019-07-22,112.62,113.59,112.4,113.28,1560905.0,0.0,1.0
2019-07-23,113.45,113.52,112.1,112.92,1007118.0,0.0,1.0
2019-07-24,112.93,113.51,112.17,112.66,897520.0,0.0,1.0
2019-07-25,112.55,112.95,112.22,112.89,882512.0,0.0,1.0
2019-07-26,113.77,114.37,113.4,114.02,880233.0,0.0,1.0
2019-07-29,113.67,114.16,113.04,114.1,859404.0,0.0,1.0
2019-07-30,113.86,113.99,112.71,113.24,1141331.0,0.0,1.0
2019-07-31,113.29,113.5,111.87,112.52,1686588.0,0.0,1.0
2019-08-01,116.15,119.72,115.74,116.94,3406588.0,0.0,1.0
2019-08-02,116.71,117.66,115.84,117.35,1764385.0,0.0,1.0
2019-08-05,117.0,117.0,113.74,115.07,1897577.0,0.0,1.0
2019-08-06,115.37,116.53,113.64,116.05,1643683.0,0.0,1.0
2019-08-07,115.68,116.35,114.68,116.26,2002981.0,0.0,1.0
2019-08-08,116.67,118.68,116.67,117.32,2373118.0,0.0,1.0
2019-08-09,117.5,119.12,117.19,119.02,1656120.0,0.0,1.0
2019-08-12,118.59,118.77,115.6,116.54,1035700.0,0.0,1.0
2019-08-13,116.48,117.13,115.34,117.13,1592975.0,0.0,1.0
2019-08-14,116.69,116.93,115.51,115.55,1413200.0,0.0,1.0
2019-08-15,115.67,116.62,115.35,116.4,1369415.0,0.0,1.0
2019-08-16,116.45,116.67,115.11,115.62,1400890.0,0.42,1.0
2019-08-19,116.54,116.8,115.34,116.46,1061915.0,0.0,1.0
2019-08-20,116.56,117.71,116.09,116.57,1028373.0,0.0,1.0
2019-08-21,117.03,117.56,116.2,117.23,1065172.0,0.0,1.0
2019-08-22,117.55,117.99,116.6,117.31,832719.0,0.0,1.0
2019-08-23,116.98,117.37,114.91,115.31,1800448.0,0.0,1.0
2019-08-26,116.19,117.29,115.97,117.23,1130426.0,0.0,1.0
2019-08-27,117.56,118.17,116.67,116.97,1380411.0,0.0,1.0
2019-08-28,117.08,117.4,116.44,116.96,878754.0,0.0,1.0
2019-08-29,117.57,117.72,116.37,117.31,1081464.0,0.0,1.0
2019-08-30,117.9,117.9,116.34,116.78,1154248.0,0.0,1.0
2019-09-03,116.8,117.49,116.28,116.71,1362829.0,0.0,1.0
2019-09-04,117.63,117.89,116.09,117.89,1275086.0,0.0,1.0
2019-09-05,118.58,119.1,117.9,118.16,1375115.0,0.0,1.0
2019-09-06,117.99,119.43,117.75,119.21,1669908.0,0.0,1.0
2019-09-09,119.59,119.59,117.22,117.81,1757829.0,0.0,1.0
2019-09-10,117.11,117.17,113.88,115.27,1889124.0,0.0,1.0
2019-09-11,114.93,115.91,113.16,113.8,1978795.0,0.0,1.0
2019-09-12,114.94,115.95,113.13,113.27,1968458.0,0.0,1.0
2019-09-13,113.17,113.88,110.69,111.36,2477023.0,0.0,1.0
2019-09-16,110.48,111.74,110.18,110.54,1739909.0,0.0,1.0
2019-09-17,111.02,112.9,110.88,112.8,2116084.0,0.0,1.0
2019-09-18,113.37,114.61,113.14,114.58,2009181.0,0.0,1.0
2019-09-19,114.16,114.74,113.84,114.1,970919.0,0.0,1.0
2019-09-20,114.34,114.87,112.27,112.3,3302024.0,0.0,1.0
2019-09-23,112.0,114.51,111.51,113.59,1649201.0,0.0,1.0
2019-09-24,114.37,114.51,111.93,112.24,3501115.0,0.0,1.0
2019-09-25,112.16,112.27,111.02,111.51,2413940.0,0.0,1.0
2019-09-26,111.99,113.82,111.99,112.81,1493119.0,0.0,1.0
2019-09-27,113.31,113.45,112.2,112.99,924738.0,0.0,1.0
2019-09-30,113.13,113.81,112.72,113.43,1265128.0,0.0,1.0
2019-10-01,113.4,113.42,112.33,112.89,1061284.0,0.0,1.0
2019-10-02,112.36,112.7,111.44,112.67,1475320.0,0.0,1.0
2019-10-03,112.67,114.12,112.23,113.68,1353505.0,0.0,1.0
2019-10-04,113.82,114.95,113.71,114.66,1379173.0,0.0,1.0
2019-10-07,114.45,114.59,113.66,113.69,1005241.0,0.0,1.0
2019-10-08,113.42,113.42,111.82,112.59,1449980.0,0.0,1.0
2019-10-09,113.1,113.87,112.84,113.33,972316.0,0.0,1.0
2019-10-10,113.0,114.62,112.93,114.33,863376.0,0.0,1.0
2019-10-11,114.8,115.17,114.03,114.45,1775463.0,0.0,1.0
2019-10-14,114.01,114.75,112.71,112.82,1053100.0,0.0,1.0
2019-10-15,113.37,113.52,110.55,111.3,1795499.0,0.0,1.0
2019-10-16,110.93,111.71,110.5,111.48,1292871.0,0.0,1.0
2019-10-17,111.69,112.33,110.25,110.37,1351246.0,0.0,1.0
2019-10-18,109.99,112.6,109.58,112.3,1952309.0,0.0,1.0
2019-10-21,112.87,113.21,111.31,112.31,1267466.0,0.0,1.0
2019-10-22,112.3,112.3,110.07,110.1,1844225.0,0.0,1.0
2019-10-23,110.12,110.72,108.09,109.27,1870872.0,0.0,1.0
2019-10-24,109.62,109.78,108.73,108.95,1395286.0,0.0,1.0
2019-10-25,108.83,109.7,108.6,109.1,985727.0,0.0,1.0
2019-10-28,109.69,110.71,109.51,109.51,2082605.0,0.0,1.0
2019-10-29,109.79,110.54,109.49,109.72,2024297.0,0.0,1.0
2019-10-30,102.49,103.6,97.74,103.34,9019290.0,0.0,1.0
2019-10-31,103.03,103.34,100.17,101.71,3934004.0,0.0,1.0
2019-11-01,101.93,102.23,99.19,99.65,2968527.0,0.0,1.0
2019-11-04,99.5,100.42,98.19,98.45,3067410.0,0.0,1.0
2019-11-05,98.6,98.7,96.94,97.93,2473395.0,0.0,1.0
2019-11-06,98.15,100.7,97.4,100.09,4237520.0,0.0,1.0
2019-11-07,100.1,100.38,98.62,99.66,2632678.0,0.0,1.0
2019-11-08,99.52,100.19,98.55,98.9,2365813.0,0.0,1.0
2019-11-11,98.86,99.58,98.68,98.83,2348318.0,0.0,1.0
2019-11-12,99.23,99.91,97.59,98.34,2267978.0,0.0,1.0
2019-11-13,98.71,99.43,98.15,98.38,1905145.0,0.0,1.0
2019-11-14,98.25,98.77,97.56,98.11,2240493.0,0.0,1.0
2019-11-15,98.63,98.86,97.85,98.28,2575750.0,0.0,1.0
2019-11-18,98.64,99.03,97.91,98.28,2485901.0,0.0,1.0
2019-11-19,98.33,98.53,97.54,98.08,2283837.0,0.0,1.0
2019-11-20,98.0,99.01,97.69,98.12,2234029.0,0.42,1.0
2019-11-21,98.5,99.15,97.85,97.9,2430624.0,0.0,1.0
2019-11-22,98.32,98.74,97.35,97.62,1543940.0,0.0,1.0
2019-11-25,97.49,98.22,97.47,98.01,2056021.0,0.0,1.0
2019-11-26,98.06,99.77,97.98,99.75,4725384.0,0.0,1.0
2019-11-27,99.78,101.06,99.57,100.64,2316290.0,0.0,1.0
2019-11-29,100.87,101.19,100.14,100.67,980621.0,0.0,1.0
2019-12-02,100.71,100.95,99.95,100.56,1412859.0,0.0,1.0
2019-12-03,100.44,100.87,99.18,99.45,1940998.0,0.0,1.0
2019-12-04,99.25,99.66,98.79,99.2,1606164.0,0.0,1.0
2019-12-05,99.24,99.46,98.28,98.52,2184637.0,0.0,1.0
2019-12-06,99.21,99.59,98.6,98.77,1951250.0,0.0,1.0
2019-12-09,98.68,99.28,98.53,98.98,1796672.0,0.0,1.0
2019-12-10,99.26,99.42,98.67,99.24,1775145.0,0.0,1.0
2019-12-11,99.66,99.91,98.98,99.44,1666070.0,0.0,1.0
2019-12-12,99.45,100.29,99.03,99.83,1518889.0,0.0,1.0
2019-12-13,99.53,100.17,98.9,100.11,1199211.0,0.0,1.0
2019-12-16,100.43,101.26,100.06,100.89,1486010.0,0.0,1.0
2019-12-17,99.33,100.62,98.67,99.62,2298712.0,0.0,1.0
2019-12-18,99.48,99.72,98.03,98.74,2657405.0,0.0,1.0
2019-12-19,98.59,100.11,98.47,99.82,1808067.0,0.0,1.0
2019-12-20,100.4,101.04,99.89,100.59,2420163.0,0.0,1.0
2019-12-23,100.87,100.89,99.78,99.81,1205555.0,0.0,1.0
2019-12-24,99.74,100.46,99.53,100.33,656381.0,0.0,1.0
2019-12-26,100.61,101.82,100.35,101.79,1176882.0,0.0,1.0
2019-12-27,101.84,102.2,101.61,101.9,1130456.0,0.0,1.0
2019-12-30,101.64,101.64,100.45,100.64,1185804.0,0.0,1.0
2019-12-31,100.67,101.17,100.23,100.73,1271044.0,0.0,1.0
2020-01-02,100.9,102.19,100.81,102.17,1369913.0,0.0,1.0
2020-01-03,101.42,102.01,100.36,101.85,1145518.0,0.0,1.0
2020-01-06,101.43,101.8,101.06,101.79,1453584.0,0.0,1.0
2020-01-07,101.75,102.24,101.54,101.97,1408186.0,0.0,1.0
2020-01-08,100.47,102.98,100.34,102.15,1521510.0,0.0,1.0
2020-01-09,102.57,104.02,102.4,102.96,1790108.0,0.0,1.0
2020-01-10,102.73,102.89,101.54,101.69,1462355.0,0.0,1.0
2020-01-13,101.74,102.06,100.28,100.34,1569682.0,0.0,1.0
2020-01-14,100.19,100.97,99.91,100.72,2024381.0,0.0,1.0
2020-01-15,100.86,101.79,100.75,101.24,1607118.0,0.0,1.0
2020-01-16,101.55,102.31,101.33,102.16,1191808.0,0.0,1.0
2020-01-17,103.24,105.61,103.17,105.4,3642213.0,0.0,1.0
2020-01-21,104.68,105.63,104.51,105.6,3432394.0,0.0,1.0
2020-01-22,106.01,107.0,105.92,106.49,2020788.0,0.0,1.0
2020-01-23,105.81,106.08,105.12,105.98,2128553.0,0.0,1.0
2020-01-24,106.09,106.2,104.11,104.98,2268806.0,0.0,1.0
2020-01-27,103.62,104.77,102.63,104.39,1833476.0,0.0,1.0
2020-01-28,104.74,105.09,104.32,104.82,1672549.0,0.0,1.0
2020-01-29,104.9,106.81,104.72,106.63,1401826.0,0.0,1.0
2020-01-30,105.47,106.65,104.77,106.6,1480032.0,0.0,1.0
2020-01-31,106.58,106.82,105.35,105.77,2117375.0,0.0,1.0
2020-02-03,105.81,106.85,105.25,106.41,1671046.0,0.0,1.0
2020-02-04,106.77,106.84,105.86,106.71,1595548.0,0.0,1.0
2020-02-05,107.42,107.62,105.73,106.78,1814434.0,0.0,1.0
2020-02-06,102.0,104.09,101.11,103.74,3271593.0,0.0,1.0
2020-02-07,101.76,102.62,100.75,102.04,2396749.0,0.0,1.0
2020-02-10,102.31,103.22,102.05,102.87,1667684.0,0.0,1.0
2020-02-11,103.13,104.31,102.84,104.05,2234413.0,0.0,1.0
2020-02-12,104.56,105.6,103.8,105.34,1784184.0,0.0,1.0
2020-02-13,104.64,105.66,104.36,105.03,1135050.0,0.47,1.0
2020-02-14,105.01,105.72,104.63,105.28,1249678.0,0.0,1.0
2020-02-18,105.17,105.19,103.58,104.03,1934603.0,0.0,1.0
2020-02-19,104.45,105.58,104.22,105.19,1875366.0,0.0,1.0
2020-02-20,104.87,105.18,102.16,103.87,1216255.0,0.0,1.0
2020-02-21,103.55,103.89,102.96,103.51,1015061.0,0.0,1.0
2020-02-24,101.87,102.64,100.12,100.25,1539126.0,0.0,1.0
2020-02-25,100.73,101.35,97.53,97.95,2388977.0,0.0,1.0
2020-02-26,98.3,99.41,97.47,97.5,3382464.0,0.0,1.0
2020-02-27,95.79,96.69,92.65,92.67,3850316.0,0.0,1.0
2020-02-28,90.64,91.73,87.56,89.25,4238896.0,0.0,1.0
2020-03-02,89.25,92.55,89.21,92.53,2408870.0,0.0,1.0
2020-03-03,92.53,94.68,90.0,91.31,2430909.0,0.0,1.0
2020-03-04,92.52,94.89,90.96,94.63,2420209.0,0.0,1.0
2020-03-05,92.49,92.83,89.93,90.92,2171542.0,0.0,1.0
2020-03-06,88.18,89.89,87.03,89.4,2564248.0,0.0,1.0
2020-03-09,84.31,87.29,83.0,83.7,3776495.0,0.0,1.0
2020-03-10,86.08,87.02,83.4,86.78,3464083.0,0.0,1.0
2020-03-11,83.91,84.1,79.37,80.97,2717693.0,0.0,1.0
2020-03-12,75.58,82.34,74.61,78.45,5195660.0,0.0,1.0
2020-03-13,81.78,82.25,75.86,78.46,3626044.0,0.0,1.0
2020-03-16,70.95,71.99,67.08,69.83,4975541.0,0.0,1.0
2020-03-17,71.3,71.9,60.95,65.49,6166268.0,0.0,1.0
2020-03-18,61.97,62.73,57.93,60.69,5693163.0,0.0,1.0
2020-03-19,59.48,66.69,57.16,62.6,4564523.0,0.0,1.0
2020-03-20,64.04,64.94,57.71,58.08,4407706.0,0.0,1.0
2020-03-23,57.24,58.21,54.95,56.52,4519563.0,0.0,1.0
2020-03-24,61.95,70.17,61.58,69.66,5274139.0,0.0,1.0
2020-03-25,70.41,76.43,65.67,72.87,5180059.0,0.0,1.0
2020-03-26,74.14,76.19,71.79,75.75,4876321.0,0.0,1.0
2020-03-27,72.24,72.63,68.05,68.53,3998202.0,0.0,1.0
2020-03-30,68.12,72.0,68.0,70.67,4274566.0,0.0,1.0
2020-03-31,70.13,71.93,68.07,68.53,3796057.0,0.0,1.0
2020-04-01,65.0,68.18,64.25,67.65,3315357.0,0.0,1.0
2020-04-02,67.31,68.94,64.55,66.05,3399575.0,0.0,1.0
2020-04-03,65.71,66.09,62.16,63.3,2631379.0,0.0,1.0
2020-04-06,66.55,71.18,66.47,70.5,3683727.0,0.0,1.0
2020-04-07,73.99,75.5,70.0,71.35,3908511.0,0.0,1.0
2020-04-08,72.22,75.66,70.86,75.37,3681323.0,0.0,1.0
2020-04-09,77.59,82.1,77.0,80.37,4199379.0,0.0,1.0
2020-04-13,79.78,80.13,75.17,77.06,2010480.0,0.0,1.0
2020-04-14,78.3,80.41,77.39,79.89,2502828.0,0.0,1.0
2020-04-15,77.19,78.48,76.48,77.64,1904185.0,0.0,1.0
2020-04-16,77.58,80.19,76.7,80.11,2374523.0,0.0,1.0
2020-04-17,83.14,84.97,82.09,84.17,3326093.0,0.0,1.0
2020-04-20,82.81,84.13,81.6,82.07,1827522.0,0.0,1.0
2020-04-21,80.09,81.77,79.9,81.2,2768725.0,0.0,1.0
2020-04-22,83.0,87.47,82.7,86.79,2923021.0,0.0,1.0
2020-04-23,86.68,87.34,84.55,85.61,2108911.0,0.0,1.0
2020-04-24,85.78,86.4,84.23,85.89,2131847.0,0.0,1.0
2020-04-27,87.1,88.71,86.98,88.19,1840067.0,0.0,1.0
2020-04-28,90.12,90.47,87.21,88.27,2663440.0,0.0,1.0
2020-04-29,90.53,90.53,86.25,87.46,3256197.0,0.0,1.0
2020-04-30,86.19,88.78,85.66,86.43,2319492.0,0.0,1.0
2020-05-01,84.39,84.9,82.75,83.81,2130549.0,0.0,1.0
2020-05-04,82.46,83.66,81.16,83.09,1892926.0,0.0,1.0
2020-05-05,84.43,84.88,82.68,83.28,1929787.0,0.0,1.0
2020-05-06,83.8,84.36,82.88,83.17,1440291.0,0.0,1.0
2020-05-07,84.5,85.48,84.04,84.6,1874015.0,0.0,1.0
2020-05-08,86.04,86.58,85.0,86.18,1949174.0,0.0,1.0
2020-05-11,85.62,87.24,85.32,86.37,1785001.0,0.0,1.0
2020-05-12,87.09,87.63,83.99,84.0,1925217.0,0.0,1.0
2020-05-13,83.39,83.78,79.27,80.44,2809081.0,0.0,1.0
2020-05-14,79.2,83.49,77.58,83.29,2683042.0,0.0,1.0
2020-05-15,82.58,85.31,82.1,84.9,3998211.0,0.0,1.0
2020-05-18,87.76,88.44,85.98,86.76,2550098.0,0.0,1.0
2020-05-19,86.21,88.18,85.46,86.86,2066454.0,0.0,1.0
2020-05-20,88.45,88.45,87.14,88.09,2653768.0,0.0,1.0
2020-05-21,88.05,88.27,86.69,88.01,2235924.0,0.0,1.0
2020-05-22,88.42,88.47,86.09,87.25,2247670.0,0.0,1.0
2020-05-26,89.8,90.94,87.88,88.05,3680768.0,0.0,1.0
2020-05-27,89.43,90.64,88.76,90.24,4590561.0,0.0,1.0
2020-05-28,90.61,91.31,88.23,90.85,4065675.0,0.47,1.0
2020-05-29,90.28,90.92,88.51,89.73,14610094.0,0.0,1.0
2020-06-01,89.89,91.35,89.42,90.52,2014052.0,0.0,1.0
2020-06-02,91.19,92.5,90.8,92.21,2483930.0,0.0,1.0
2020-06-03,93.25,95.86,92.92,94.56,2667066.0,0.0,1.0
2020-06-04,94.41,95.64,93.79,94.99,2537037.0,0.0,1.0
2020-06-05,97.75,98.28,95.52,96.52,3722817.0,0.0,1.0
2020-06-08,96.5,96.87,95.51,95.99,2747342.0,0.0,1.0
2020-06-09,95.0,96.35,93.91,95.56,2063204.0,0.0,1.0
2020-06-10,95.43,95.72,93.41,94.09,2418608.0,0.0,1.0
2020-06-11,92.01,92.92,89.85,90.67,2540490.0,0.0,1.0
2020-06-12,92.85,92.99,89.67,91.28,1806334.0,0.0,1.0
2020-06-15,89.47,91.9,88.52,91.44,1630991.0,0.0,1.0
2020-06-16,94.33,94.33,90.9,91.86,1842468.0,0.0,1.0
2020-06-17,92.37,92.48,90.87,91.26,1384607.0,0.0,1.0
2020-06-18,90.73,91.01,89.63,90.13,1428253.0,0.0,1.0
2020-06-19,91.48,91.92,87.9,88.26,4125559.0,0.0,1.0
2020-06-22,88.0,88.49,87.22,87.82,2219743.0,0.0,1.0
2020-06-23,88.96,89.29,87.72,87.92,2094147.0,0.0,1.0
2020-06-24,87.44,87.54,84.95,86.56,2845992.0,0.0,1.0
2020-06-25,86.32,86.68,84.85,86.0,1611243.0,0.0,1.0
2020-06-26,85.8,86.47,84.17,84.79,4644349.0,0.0,1.0
2020-06-29,85.02,87.18,84.32,86.98,1292268.0,0.0,1.0
2020-06-30,85.91,87.41,85.54,86.91,2046638.0,0.0,1.0
2020-07-01,87.17,87.67,85.57,86.45,1962695.0,0.0,1.0
2020-07-02,87.74,88.62,86.36,86.56,1743136.0,0.0,1.0
2020-07-06,87.65,88.75,86.38,88.51,1286823.0,0.0,1.0
2020-07-07,87.99,88.19,86.68,86.86,1310740.0,0.0,1.0
2020-07-08,86.93,87.46,86.06,86.55,1464035.0,0.0,1.0
2020-07-09,86.62,87.25,85.69,86.38,1812033.0,0.0,1.0
2020-07-10,86.2,87.44,85.7,87.24,1026732.0,0.0,1.0
2020-07-13,87.68,89.59,87.05,87.43,2291235.0,0.0,1.0
2020-07-14,87.11,88.44,86.8,88.18,1461251.0,0.0,1.0
2020-07-15,89.63,90.69,88.69,90.35,2272815.0,0.0,1.0
2020-07-16,89.9,90.4,89.41,89.69,1798632.0,0.0,1.0
2020-07-17,90.05,91.0,89.43,90.57,1294061.0,0.0,1.0
2020-07-20,90.35,91.22,89.67,90.91,1339184.0,0.0,1.0
2020-07-21,91.71,92.11,90.89,91.04,1433451.0,0.0,1.0
2020-07-22,90.72,94.21,90.6607,93.62,2341832.0,0.0,1.0
2020-07-23,93.34,94.19,92.36,92.87,1553261.0,0.0,1.0
2020-07-24,93.02,93.465,92.21,93.14,1022562.0,0.0,1.0
2020-07-27,93.02,94.16,92.57,93.37,2213306.0,0.0,1.0
2020-07-28,93.66,93.98,92.32,92.75,2171134.0,0.0,1.0
2020-07-29,92.75,95.44,92.67,94.83,2778029.0,0.0,1.0
2020-07-30,93.15,94.2,90.57,91.64,3863136.0,0.0,1.0
2020-07-31,91.57,91.86,90.16,91.05,1914996.0,0.0,1.0
2020-08-03,91.25,92.47,90.8,90.92,1735279.0,0.0,1.0
2020-08-04,90.52,92.405,90.39,91.82,1321692.0,0.0,1.0
2020-08-05,92.23,92.53,90.79,91.0,1247661.0,0.0,1.0
2020-08-06,90.41,91.47,90.164,90.99,1194776.0,0.0,1.0
2020-08-07,90.54,91.32,90.04,90.82,1239697.0,0.0,1.0
2020-08-10,90.95,91.76,90.9,91.34,1087507.0,0.0,1.0
2020-08-11,92.09,93.9,92.0725,92.7,1429143.0,0.0,1.0
2020-08-12,93.3,93.795,92.535,93.16,1189352.0,0.0,1.0
2020-08-13,92.96,93.72,92.56,92.77,1221214.0,0.0,1.0
2020-08-14,92.68,93.16,92.02,92.65,781037.0,0.0,1.0
2020-08-17,92.85,94.1,92.55,93.6,1182095.0,0.0,1.0
2020-08-18,94.36,94.9,93.6,94.9,1463459.0,0.0,1.0
2020-08-19,95.14,95.44,93.53,93.93,1275885.0,0.0,1.0
2020-08-20,93.07,95.51,93.0,95.37,1346598.0,0.0,1.0
2020-08-21,95.42,96.325,95.32,96.1,1477068.0,0.0,1.0
2020-08-24,96.4,96.97,95.17,96.56,1439504.0,0.0,1.0
2020-08-25,96.71,96.835,95.89,96.48,1179799.0,0.47,1.0
2020-08-26,96.12,96.12,94.81,95.33,1521662.0,0.0,1.0
2020-08-27,96.38,96.67,95.47,95.47,1661876.0,0.0,1.0
2020-08-28,96.03,97.6,95.5601,97.45,1517060.0,0.0,1.0
2020-08-31,97.18,97.315,95.72,95.85,1451477.0,0.0,1.0
2020-09-01,95.59,96.17,94.93,96.15,1618240.0,0.0,1.0
2020-09-02,96.11,98.65,95.9,97.98,1873267.0,0.0,1.0
2020-09-03,98.42,98.545,95.38,96.33,1526337.0,0.0,1.0
2020-09-04,96.9,97.25,94.3,95.22,2024970.0,0.0,1.0
2020-09-08,95.0,96.13,93.46,93.68,2305019.0,0.0,1.0
2020-09-09,94.11,94.835,93.305,93.39,1193362.0,0.0,1.0
2020-09-10,93.38,94.56,92.11,92.35,1634132.0,0.0,1.0
2020-09-11,92.64,93.43,91.5,92.27,1246537.0,0.0,1.0
2020-09-14,93.15,94.1829,92.5356,92.87,1497728.0,0.0,1.0
2020-09-15,93.2,94.32,93.1,93.52,1191468.0,0.0,1.0
2020-09-16,93.85,95.45,93.6201,94.81,1621069.0,0.0,1.0
2020-09-17,93.69,94.63,92.97,93.71,1254679.0,0.0,1.0
2020-09-18,93.31,94.38,92.06,92.11,2775817.0,0.0,1.0
2020-09-21,90.4,91.1,88.08,89.34,1717706.0,0.0,1.0
2020-09-22,89.37,90.82,88.85,90.59,1233350.0,0.0,1.0
2020-09-23,90.77,91.415,89.6,89.77,1756203.0,0.0,1.0
2020-09-24,89.68,91.48,89.12,91.37,1650715.0,0.0,1.0
2020-09-25,91.04,91.74,89.73,91.38,1154807.0,0.0,1.0
2020-09-28,91.88,92.45,91.39,91.88,1694825.0,0.0,1.0
2020-09-29,91.58,91.88,90.24,90.71,1612631.0,0.0,1.0
2020-09-30,91.12,92.525,90.76,91.3,1735212.0,0.0,1.0
2020-10-01,92.15,92.51,91.21,91.82,1300721.0,0.0,1.0
2020-10-02,90.62,95.31,90.33,95.17,2173349.0,0.0,1.0
2020-10-05,95.68,95.78,93.35,94.09,1415071.0,0.0,1.0
2020-10-06,94.56,94.83,91.8284,91.92,1282432.0,0.0,1.0
2020-10-07,92.8,94.47,92.71,93.88,1523598.0,0.0,1.0
2020-10-08,94.19,95.43,93.89,95.41,1239104.0,0.0,1.0
2020-10-09,95.63,96.08,94.82,95.49,1169700.0,0.0,1.0
2020-10-12,95.51,96.23,94.85,95.98,976942.0,0.0,1.0
2020-10-13,95.41,96.39,95.37,96.01,847797.0,0.0,1.0
2020-10-14,96.23,97.35,95.87,96.52,1317023.0,0.0,1.0
2020-10-15,95.93,99.75,95.62,99.49,2427973.0,0.0,1.0
2020-10-16,99.67,100.75,98.4149,98.53,2282029.0,0.0,1.0
2020-10-19,98.39,99.79,97.03,97.25,1087931.0,0.0,1.0
2020-10-20,97.87,98.48,97.0,97.28,1112352.0,0.0,1.0
2020-10-21,97.29,99.38,97.136,99.07,1060574.0,0.0,1.0
2020-10-22,99.66,99.95,98.2,99.85,1337109.0,0.0,1.0
2020-10-23,100.33,101.51,99.11,101.28,1039380.0,0.0,1.0
2020-10-26,100.54,100.54,97.52,99.2,1300027.0,0.0,1.0
2020-10-27,98.82,99.17,97.82,97.99,1024791.0,0.0,1.0
2020-10-28,96.07,97.2,94.89,95.06,1564585.0,0.0,1.0
2020-10-29,97.31,97.475,92.22,94.94,2008988.0,0.0,1.0
2020-10-30,94.36,95.21,92.354,93.33,2138975.0,0.0,1.0
2020-11-02,94.42,95.93,93.73,95.25,1908427.0,0.0,1.0
2020-11-03,96.42,97.695,95.79,96.77,1449766.0,0.0,1.0
2020-11-04,97.31,99.97,96.655,98.58,2024435.0,0.0,1.0
2020-11-05,99.42,101.23,98.97,100.7,2803164.0,0.0,1.0
2020-11-06,100.57,101.26,99.13,99.38,1745457.0,0.0,1.0
2020-11-09,103.99,106.33,101.9,101.98,2035703.0,0.0,1.0
2020-11-10,102.76,104.015,102.0,102.99,1545198.0,0.0,1.0
2020-11-11,103.21,103.53,101.56,101.82,1273227.0,0.0,1.0
2020-11-12,101.55,102.26,99.7424,100.42,1326064.0,0.0,1.0
2020-11-13,101.13,103.02,100.875,102.87,1345645.0,0.0,1.0
2020-11-16,103.71,105.89,103.48,104.76,1575574.0,0.0,1.0
2020-11-17,103.48,104.31,103.01,104.04,1000194.0,0.0,1.0
2020-11-18,104.42,105.02,103.77,104.17,1288019.0,0.0,1.0
2020-11-19,104.16,105.4,103.82,105.27,1081451.0,0.0,1.0
2020-11-20,105.16,105.46,104.68,104.99,1541205.0,0.0,1.0
2020-11-23,105.59,105.84,104.49,105.0,1449115.0,0.0,1.0
2020-11-24,105.68,107.31,105.25,107.19,1434396.0,0.47,1.0
2020-11-25,106.91,107.275,105.91,106.61,1376712.0,0.0,1.0
2020-11-27,107.0,107.7,106.795,107.18,801209.0,0.0,1.0
2020-11-30,106.2,106.49,105.01,105.8,2902795.0,0.0,1.0
2020-12-01,106.84,106.99,105.52,106.34,1720675.0,0.0,1.0
2020-12-02,105.87,105.965,104.8,104.98,1298063.0,0.0,1.0
2020-12-03,104.67,105.23,104.32,104.52,1329944.0,0.0,1.0
2020-12-04,105.09,106.15,104.77,105.86,896993.0,0.0,1.0
2020-12-07,105.53,105.69,104.67,105.24,1507195.0,0.0,1.0
2020-12-08,104.6,105.63,104.48,105.15,1421211.0,0.0,1.0
2020-12-09,105.6,106.91,105.1,106.57,1431665.0,0.0,1.0
2020-12-10,106.16,107.08,105.9,106.46,1347752.0,0.0,1.0
2020-12-11,105.88,106.5,105.35,105.99,1538252.0,0.0,1.0
2020-12-14,106.89,106.89,105.33,105.5,2015337.0,0.0,1.0
2020-12-15,106.38,107.65,105.965,107.38,2357733.0,0.0,1.0
2020-12-16,107.51,108.64,107.17,107.42,2412382.0,0.0,1.0
2020-12-17,108.73,108.88,107.85,108.79,2842655.0,0.0,1.0
2020-12-18,108.82,110.17,108.795,109.78,4513832.0,0.0,1.0
2020-12-21,108.12,109.45,106.67,108.63,1288872.0,0.0,1.0
2020-12-22,108.06,108.315,107.02,107.4,1199253.0,0.0,1.0
2020-12-23,107.16,107.93,106.79,106.79,884783.0,0.0,1.0
2020-12-24,107.22,107.69,106.94,107.54,340393.0,0.0,1.0
2020-12-28,108.49,109.85,107.38,109.78,1791459.0,0.0,1.0
2020-12-29,109.63,110.56,109.4,109.45,1818269.0,0.0,1.0
2020-12-30,109.35,110.66,109.33,109.51,1267853.0,0.0,1.0
2020-12-31,108.74,109.175,107.38,108.56,1651799.0,0.0,1.0
2021-01-04,109.02,109.02,104.86,105.82,2058186.0,0.0,1.0
2021-01-05,105.64,106.35,105.2,105.83,1475325.0,0.0,1.0
2021-01-06,105.63,106.7,105.39,106.41,1352714.0,0.0,1.0
2021-01-07,106.5,106.99,105.28,105.6,2222883.0,0.0,1.0
2021-01-08,105.81,107.45,105.6199,107.15,1252232.0,0.0,1.0
2021-01-11,106.8,108.04,106.585,107.67,1329134.0,0.0,1.0
2021-01-12,107.49,108.451,106.475,107.67,1167256.0,0.0,1.0
2021-01-13,107.12,107.73,106.28,107.15,1538817.0,0.0,1.0
2021-01-14,107.78,109.66,107.31,107.78,1497885.0,0.0,1.0
2021-01-15,107.52,107.52,106.0,106.62,1163527.0,0.0,1.0
2021-01-19,106.96,108.0,106.75,107.39,1748438.0,0.0,1.0
2021-01-20,107.65,109.63,107.42,109.41,1543746.0,0.0,1.0
2021-01-21,109.5,109.5,107.87,107.88,1199384.0,0.0,1.0
2021-01-22,107.36,107.61,106.07,107.09,951381.0,0.0,1.0
2021-01-25,106.29,106.38,104.26,105.26,1495526.0,0.0,1.0
2021-01-26,105.65,107.2299,103.93,106.34,1834490.0,0.0,1.0
2021-01-27,105.54,105.66,101.79,102.02,1914659.0,0.0,1.0
2021-01-28,102.25,104.2,102.08,102.53,1827261.0,0.0,1.0
2021-01-29,102.09,103.24,101.18,101.49,1901294.0,0.0,1.0
2021-02-01,102.24,103.71,101.64,103.06,1782226.0,0.0,1.0
2021-02-02,104.31,106.92,103.64,106.3,1824905.0,0.0,1.0
2021-02-03,105.79,106.15,104.73,104.73,1606784.0,0.0,1.0
2021-02-04,105.44,105.88,102.85,102.99,2777185.0,0.0,1.0
2021-02-05,103.35,105.89,103.35,105.34,2266228.0,0.0,1.0
2021-02-08,104.82,105.11,102.785,103.36,1946966.0,0.0,1.0
2021-02-09,103.41,103.962,102.25,103.12,1597869.0,0.0,1.0
2021-02-10,103.78,105.34,102.985,104.82,1989998.0,0.0,1.0
2021-02-11,104.75,105.98,104.26,105.48,1791337.0,0.5,1.0
2021-02-12,105.45,105.9,104.53,105.47,1163791.0,0.0,1.0
2021-02-16,105.67,106.18,104.97,105.6,1904318.0,0.0,1.0
2021-02-17,104.74,105.43,103.95,104.34,2263027.0,0.0,1.0
2021-02-18,103.93,105.89,103.93,105.37,1485616.0,0.0,1.0
2021-02-19,105.53,106.06,104.93,105.13,1726755.0,0.0,1.0
2021-02-22,104.42,105.54,103.76,105.01,2097608.0,0.0,1.0
2021-02-23,105.6,106.73,103.94,104.65,1795798.0,0.0,1.0
2021-02-24,104.57,105.07,103.71,104.68,1704437.0,0.0,1.0
2021-02-25,104.65,105.02,103.88,104.7,1751381.0,0.0,1.0
2021-02-26,105.22,105.275,103.21,103.53,2014646.0,0.0,1.0
2021-03-01,104.01,105.855,103.97,104.51,1446425.0,0.0,1.0
2021-03-02,104.27,105.49,103.72,104.74,2450794.0,0.0,1.0
2021-03-03,104.77,105.1625,103.48,103.51,1740766.0,0.0,1.0
2021-03-04,103.7,104.345,101.96,103.57,1789155.0,0.0,1.0
2021-03-05,103.8,104.8,101.94,104.33,1638022.0,0.0,1.0
2021-03-08,104.5,105.435,104.0901,104.14,2036908.0,0.0,1.0
2021-03-09,104.48,104.78,102.65,102.68,2502623.0,0.0,1.0
2021-03-10,103.2,105.21,102.8,104.61,1995481.0,0.0,1.0
2021-03-11,105.08,105.78,104.48,104.63,1846145.0,0.0,1.0
2021-03-12,104.93,105.405,104.11,104.81,1562765.0,0.0,1.0
2021-03-15,105.24,108.01,105.12,107.99,1954940.0,0.0,1.0
2021-03-16,108.0,109.14,107.62,108.8,2289463.0,0.0,1.0
2021-03-17,108.8,111.68,108.26,111.02,2707847.0,0.0,1.0
2021-03-18,110.81,110.97,108.27,108.31,1645363.0,0.0,1.0
2021-03-19,108.48,109.5294,107.565,107.96,3184196.0,0.0,1.0
2021-03-22,107.78,108.98,107.63,108.75,1915796.0,0.0,1.0
2021-03-23,107.96,108.38,107.45,108.0,1473913.0,0.0,1.0
2021-03-24,108.0,108.84,107.08,107.08,1199070.0,0.0,1.0
2021-03-25,107.08,107.5,106.01,107.38,1430361.0,0.0,1.0
2021-03-26,107.95,108.14,106.29,108.06,1391420.0,0.0,1.0
2021-03-29,108.0,109.97,107.08,109.21,1717935.0,0.0,1.0
2021-03-30,108.25,110.68,108.25,109.77,1693955.0,0.0,1.0
2021-03-31,109.2,109.48,108.15,108.18,1604376.0,0.0,1.0
2021-04-01,108.67,109.97,107.99,109.8,927764.0,0.0,1.0
2021-04-05,110.07,111.29,109.95,110.64,1239156.0,0.0,1.0
2021-04-06,111.4,114.7,111.28,114.08,2279995.0,0.0,1.0
2021-04-07,113.76,114.64,113.59,114.05,1091354.0,0.0,1.0
